part_id,num_operations,tool_changes,total_toolpath_time_min,total_cutting_time_min
featured_part_00001,7,5,149.2121,143.768
featured_part_00002,6,4,174.1999,172.63
featured_part_00003,1,0,8.877,8.8748
featured_part_00004,10,4,30.7379,30.1756
featured_part_00005,10,7,33.2709,33.2525
featured_part_00006,3,1,32.9456,32.9123
featured_part_00007,8,4,39.2806,39.174
featured_part_00008,5,1,44.7176,44.7079
featured_part_00009,22,15,34.5328,33.5048
featured_part_00010,8,4,47.3008,47.1371
featured_part_00011,15,10,62.2384,62.1745
featured_part_00012,12,6,80.0847,79.9587
featured_part_00013,3,1,49.1295,49.0778
featured_part_00015,7,1,45.6215,45.6111
featured_part_00016,5,3,12.7938,12.3954
featured_part_00017,10,6,57.1298,56.1042
featured_part_00018,4,3,427.2792,426.8423
featured_part_00019,11,2,46.1125,46.0916
featured_part_00020,23,16,32.5078,32.4714
featured_part_00021,8,6,28.3983,28.3582
featured_part_00022,6,2,85.8197,85.3873
featured_part_00023,2,1,16.1357,16.128
featured_part_00024,3,0,25.3285,25.3258
featured_part_00025,7,5,34.9371,34.8655
featured_part_00026,6,3,23.9294,23.9208
featured_part_00027,4,1,49.8999,49.3694
featured_part_00028,8,3,27.9675,27.2175
featured_part_00029,10,5,264.2188,262.9152
featured_part_00030,4,1,4.6657,4.66
featured_part_00031,3,2,2.8326,2.8202
featured_part_00032,4,1,69.8912,68.855
featured_part_00033,12,3,33.5493,33.5036
featured_part_00034,10,5,129.6388,129.1663
featured_part_00035,11,8,29.5537,29.4987
featured_part_00036,6,4,178.6184,178.4852
featured_part_00037,5,4,11.163,11.1276
featured_part_00039,13,9,19.0674,19.0326
featured_part_00040,6,1,31.8156,31.7448
featured_part_00041,9,8,110.9083,110.7274
featured_part_00042,20,12,76.045,75.0812
featured_part_00043,1,0,19.5673,19.5668
featured_part_00044,2,0,8.1499,8.1487
featured_part_00045,9,5,45.2732,44.1806
featured_part_00046,10,6,95.3298,95.2557
featured_part_00047,8,6,21.9775,21.9239
featured_part_00048,10,7,113.7305,113.5827
featured_part_00049,8,5,108.2777,105.2624
featured_part_00050,13,9,40.2036,40.1439
featured_part_00051,17,7,57.8277,57.7508
featured_part_00052,11,8,48.1891,47.3376
featured_part_00053,4,2,23.5247,23.4815
featured_part_00054,10,2,26.6495,26.6336
featured_part_00055,8,6,4.6658,4.6441
featured_part_00056,15,4,142.0974,141.9124
featured_part_00057,15,12,18.8402,18.7621
featured_part_00058,9,5,89.6255,89.5908
featured_part_00059,9,8,37.6398,36.035
featured_part_00060,13,2,9.756,9.7059
featured_part_00061,4,1,24.4119,24.2232
featured_part_00062,4,2,27.6483,27.6102
featured_part_00063,18,14,25.058,24.9968
featured_part_00064,10,7,45.7675,44.4185
featured_part_00066,13,8,52.6764,52.5235
featured_part_00067,3,2,26.8045,25.925
featured_part_00068,9,5,103.8138,101.3196
featured_part_00069,4,2,20.7517,20.3252
featured_part_00070,8,4,85.5476,84.8415
featured_part_00071,8,3,16.4266,16.3972
featured_part_00072,7,2,167.8428,167.6607
featured_part_00073,5,4,35.7717,35.7066
featured_part_00075,13,10,28.7029,28.5998
featured_part_00076,8,6,33.4419,33.3882
featured_part_00077,6,4,33.9352,33.8655
featured_part_00078,8,7,102.4855,102.3085
featured_part_00079,3,1,30.2654,30.2407
featured_part_00080,15,9,55.5592,55.4567
featured_part_00081,9,4,88.5892,87.7617
featured_part_00082,13,2,14.8053,14.7619
featured_part_00083,7,2,29.8661,29.8032
featured_part_00084,7,6,74.7688,71.6486
featured_part_00085,6,3,21.9777,21.9465
featured_part_00086,4,2,11.5347,11.521
featured_part_00088,18,12,225.3282,225.0161
featured_part_00089,2,1,26.8827,26.8612
featured_part_00091,7,2,133.2069,132.4678
featured_part_00092,14,11,86.4093,85.4278
featured_part_00095,7,5,10.9127,10.8874
featured_part_00097,2,0,21.0509,21.0463
featured_part_00098,6,4,103.0962,102.9717
featured_part_00099,14,12,50.7659,49.5395
featured_part_00101,3,1,77.5012,77.4328
featured_part_00102,12,7,21.9401,21.923
featured_part_00103,23,15,90.4531,89.672
featured_part_00104,14,5,23.3985,23.3092
featured_part_00105,8,6,12.6709,12.6258
featured_part_00106,16,12,169.4501,169.2562
featured_part_00107,10,5,35.4718,35.3832
featured_part_00108,4,3,51.9068,48.8758
featured_part_00109,8,4,132.9045,132.7944
featured_part_00110,4,2,18.9001,18.8737
featured_part_00111,7,2,103.0559,102.9261
featured_part_00113,12,8,28.029,27.9438
featured_part_00114,21,18,305.795,305.0372
featured_part_00115,7,2,29.4318,29.3674
featured_part_00116,9,5,26.2061,25.7744
featured_part_00117,8,3,55.6843,54.2031
featured_part_00118,17,13,13.0726,12.6076
featured_part_00119,11,5,26.3146,26.0083
featured_part_00120,12,10,56.2587,56.1818
featured_part_00121,8,3,76.5835,76.4212
featured_part_00122,6,2,13.872,13.8411
featured_part_00123,27,22,32.1657,31.9282
featured_part_00124,11,7,38.1511,37.3783
featured_part_00125,10,6,106.676,106.5334
featured_part_00126,8,3,6.783,6.7688
featured_part_00127,12,6,184.2791,183.975
featured_part_00128,6,3,36.7109,36.688
featured_part_00130,5,4,201.8393,200.6904
featured_part_00131,13,9,11.9654,11.9352
featured_part_00132,21,17,27.5071,27.4716
featured_part_00133,4,1,67.0227,65.9782
featured_part_00134,8,6,42.6075,42.5526
featured_part_00135,8,2,26.8971,26.386
featured_part_00136,9,4,52.048,51.9777
featured_part_00137,4,1,115.268,115.1814
featured_part_00138,5,3,65.5014,65.4472
featured_part_00139,8,2,21.1176,21.1064
featured_part_00140,6,5,39.0561,38.5971
featured_part_00141,10,6,60.8342,60.2163
featured_part_00142,6,3,35.3458,35.2575
featured_part_00143,10,7,14.5119,14.1896
featured_part_00144,9,5,52.2198,51.4312
featured_part_00145,7,6,11.2951,11.2603
featured_part_00146,15,12,31.0029,30.9666
featured_part_00147,25,19,104.317,104.0891
featured_part_00148,3,2,15.5633,15.5444
featured_part_00149,9,3,70.2648,70.1251
featured_part_00150,10,6,83.6332,83.5006
featured_part_00151,4,3,6.6819,6.6763
featured_part_00152,7,3,75.2904,72.5735
featured_part_00153,13,7,62.7259,62.5991
featured_part_00154,3,1,74.8767,73.3248
featured_part_00156,20,13,59.0969,58.52
featured_part_00157,13,8,52.245,52.1479
featured_part_00159,16,12,10.0851,10.053
featured_part_00160,10,5,67.7901,67.381
featured_part_00161,6,4,30.0395,29.9992
featured_part_00162,9,7,8.9683,8.9401
featured_part_00163,25,15,86.5071,86.4059
featured_part_00164,9,3,49.2107,48.3702
featured_part_00165,12,7,69.7615,68.1452
featured_part_00167,6,4,184.7855,184.6786
featured_part_00168,3,1,15.8119,15.5309
featured_part_00169,13,8,102.5581,102.3635
featured_part_00170,12,7,92.0935,91.9817
featured_part_00171,8,6,25.7691,25.3447
featured_part_00173,9,4,114.4483,114.3173
featured_part_00174,4,1,80.4731,80.3353
featured_part_00175,15,8,127.3012,125.1323
featured_part_00176,4,1,18.6743,18.6687
featured_part_00177,7,5,21.7969,21.7794
featured_part_00178,11,2,40.8292,40.813
featured_part_00180,7,5,39.1073,39.0588
featured_part_00181,5,2,28.4157,27.0685
featured_part_00182,15,12,132.5118,132.299
featured_part_00183,5,4,18.5019,18.4543
featured_part_00184,16,4,33.1172,33.0287
featured_part_00185,17,11,39.6813,39.5779
featured_part_00187,15,7,46.5886,46.5506
featured_part_00188,16,11,69.0015,68.8794
featured_part_00189,1,0,14.4809,14.4805
featured_part_00190,8,5,25.6633,25.5977
featured_part_00191,5,2,99.479,99.3411
featured_part_00192,13,8,272.6503,271.6924
featured_part_00193,14,9,111.3023,110.953
featured_part_00194,10,4,68.2757,68.2102
featured_part_00195,5,2,63.487,63.4365
featured_part_00196,8,4,97.994,95.7347
featured_part_00197,10,7,63.2041,63.1436
featured_part_00198,9,5,54.8726,53.7551
featured_part_00199,13,7,7.181,7.1104
featured_part_00200,13,10,31.6895,31.6674
featured_part_00201,11,4,18.8658,18.8189
featured_part_00202,4,1,33.3099,33.2576
featured_part_00203,7,4,33.6668,33.1085
featured_part_00204,6,3,32.8649,32.1823
featured_part_00205,10,6,65.0169,64.8061
featured_part_00206,3,2,4.142,4.1174
featured_part_00207,9,4,142.004,141.8326
featured_part_00208,6,1,66.3604,66.1225
featured_part_00209,12,9,177.5368,176.272
featured_part_00210,3,2,13.8883,13.8738
featured_part_00211,4,2,111.711,110.7849
featured_part_00213,6,3,19.6304,19.5889
featured_part_00214,10,7,13.8362,13.6803
featured_part_00215,17,12,83.3947,82.3941
featured_part_00216,4,3,5.1828,5.178
featured_part_00217,9,8,63.7031,60.7956
featured_part_00219,5,1,15.6179,15.5311
featured_part_00220,3,0,23.9124,23.9087
featured_part_00221,7,4,49.4026,48.3238
featured_part_00222,7,4,35.3418,35.2594
featured_part_00223,12,9,13.1223,13.0438
featured_part_00225,3,2,35.2197,35.1838
featured_part_00226,2,1,0.3465,0.3435
featured_part_00227,11,8,56.8504,55.6768
featured_part_00228,13,8,106.0287,105.95
featured_part_00229,3,1,18.3355,18.2824
featured_part_00230,10,3,47.5153,47.4426
featured_part_00231,7,6,52.1311,52.0023
featured_part_00232,14,9,123.08,122.8448
featured_part_00233,5,1,42.539,42.5013
featured_part_00235,16,12,299.7314,299.5187
featured_part_00236,6,3,52.9935,51.3372
featured_part_00237,7,6,128.8782,125.025
featured_part_00238,3,2,18.2098,18.2046
featured_part_00239,15,11,50.4693,48.9614
featured_part_00240,14,9,58.3134,58.2189
featured_part_00241,14,10,25.6114,25.5027
featured_part_00242,6,3,22.4526,22.4092
featured_part_00243,10,6,8.8948,8.8765
featured_part_00244,4,3,55.541,53.893
featured_part_00245,18,12,93.5626,88.4307
featured_part_00246,5,2,23.4626,23.4036
featured_part_00247,5,2,39.6967,39.6389
featured_part_00249,7,4,54.0053,53.9692
featured_part_00250,4,3,0.5533,0.5471
featured_part_00252,4,2,33.0182,32.9947
featured_part_00253,17,10,61.9385,60.2893
featured_part_00255,2,1,78.7828,78.7288
featured_part_00256,19,10,72.5564,72.3974
featured_part_00258,8,6,40.4139,39.4613
featured_part_00259,3,1,52.4129,52.3769
featured_part_00260,20,11,90.3127,90.0959
featured_part_00261,11,3,19.2995,18.8291
featured_part_00262,7,5,19.0794,18.7838
featured_part_00263,16,8,55.3051,54.5876
featured_part_00264,6,3,37.5382,36.9147
featured_part_00265,13,9,27.1739,26.4964
featured_part_00266,13,10,33.9703,33.8441
featured_part_00267,13,6,78.9423,78.5742
featured_part_00268,11,6,153.1408,153.0147
featured_part_00269,2,1,13.2427,13.2099
featured_part_00271,3,1,173.6064,173.5034
featured_part_00272,15,12,26.113,26.0537
featured_part_00273,4,3,17.0862,16.4577
featured_part_00274,19,12,192.2484,185.4106
featured_part_00275,17,10,81.4347,78.6485
featured_part_00276,9,4,56.701,56.6418
featured_part_00277,14,3,23.8359,23.4953
featured_part_00278,7,5,75.9489,75.8092
featured_part_00279,18,13,75.3124,73.504
featured_part_00281,13,8,48.3032,48.2221
featured_part_00283,11,8,15.5885,15.4999
featured_part_00285,25,15,71.6259,71.0045
featured_part_00286,3,2,14.9991,14.5492
featured_part_00287,6,4,33.7307,33.7182
featured_part_00288,7,6,36.5841,36.5326
featured_part_00289,8,7,33.9608,33.8952
featured_part_00291,19,12,39.3936,39.285
featured_part_00292,9,4,29.2072,29.182
featured_part_00293,2,1,28.3555,27.4119
featured_part_00295,15,10,72.016,71.8928
featured_part_00296,6,3,43.9121,43.837
featured_part_00297,11,5,61.1556,61.0937
featured_part_00298,5,1,17.7142,17.6935
featured_part_00299,5,1,27.4313,27.401
featured_part_00300,3,2,19.9199,19.4061
featured_part_00301,5,4,24.227,24.2001
featured_part_00302,16,13,158.5085,154.1848
featured_part_00303,5,3,10.7623,10.746
featured_part_00304,7,5,27.0927,27.0607
featured_part_00305,7,2,8.358,8.3156
featured_part_00307,4,0,29.6883,29.6833
featured_part_00309,6,2,97.5325,94.315
featured_part_00310,18,13,54.8798,54.724
featured_part_00311,15,9,121.0782,120.9663
featured_part_00312,7,5,40.878,40.7277
featured_part_00314,14,3,60.4768,59.9001
featured_part_00315,7,4,33.8162,33.8021
featured_part_00316,2,0,18.0084,17.3913
featured_part_00317,5,3,22.5383,21.7897
featured_part_00318,18,12,40.1475,40.0229
featured_part_00319,10,7,57.0072,54.5822
featured_part_00320,9,6,35.9418,35.8686
featured_part_00321,8,6,16.7974,15.9278
featured_part_00322,16,11,129.5818,128.4522
featured_part_00324,11,7,123.5409,122.4893
featured_part_00325,6,4,86.9223,86.8625
featured_part_00326,6,2,65.9451,65.8918
featured_part_00327,20,13,63.3183,63.2519
featured_part_00330,15,10,33.543,33.4468
featured_part_00331,11,9,23.0262,22.2636
featured_part_00332,6,5,56.291,55.2255
featured_part_00333,8,6,75.7396,75.6043
featured_part_00334,14,6,137.1521,136.5276
featured_part_00335,7,3,46.3019,45.467
featured_part_00336,3,1,31.7706,31.743
featured_part_00337,1,0,19.5456,19.545
featured_part_00338,4,2,36.1668,36.1262
featured_part_00339,23,17,84.6364,84.5915
featured_part_00341,3,0,39.4696,39.465
featured_part_00342,25,12,129.0215,127.8293
featured_part_00343,5,3,24.701,24.2278
featured_part_00344,11,8,24.4947,24.3963
featured_part_00345,11,7,125.3167,123.9615
featured_part_00346,10,7,169.4398,165.4633
featured_part_00347,18,5,64.0127,62.8264
featured_part_00348,8,3,37.8589,37.7982
featured_part_00349,25,17,143.8045,142.5187
featured_part_00350,11,7,13.0912,13.0757
featured_part_00351,7,4,80.5042,79.1831
featured_part_00353,5,3,26.8734,26.4362
featured_part_00354,3,2,19.1672,19.1634
featured_part_00355,17,4,130.8814,130.7489
featured_part_00356,12,6,87.7944,85.5657
featured_part_00357,3,2,40.4161,40.375
featured_part_00358,9,7,32.8763,31.7688
featured_part_00360,13,9,42.6807,42.5463
featured_part_00361,5,0,2.3027,2.2947
featured_part_00362,7,3,94.7041,93.3817
featured_part_00363,8,6,17.1229,16.6999
featured_part_00364,15,8,186.8191,186.5079
featured_part_00365,8,4,48.9911,48.5119
featured_part_00366,5,4,15.7903,15.7746
featured_part_00367,4,3,11.433,10.7054
featured_part_00368,9,6,23.6532,23.6308
featured_part_00369,7,5,126.3231,123.7236
featured_part_00371,15,12,5.4087,5.383
featured_part_00372,9,5,22.7097,22.6753
featured_part_00373,4,3,6.5258,6.5134
featured_part_00375,21,13,58.0075,57.1927
featured_part_00376,2,1,23.7656,23.7322
featured_part_00377,8,2,63.6769,62.0092
featured_part_00378,13,4,29.5953,29.4213
featured_part_00379,6,4,59.7024,59.631
featured_part_00380,7,2,17.573,17.176
featured_part_00381,16,10,56.7958,55.5408
featured_part_00382,16,11,22.4607,21.5786
featured_part_00383,5,1,78.2728,78.1296
featured_part_00384,4,2,24.7958,24.7715
featured_part_00385,2,1,29.2319,29.1385
featured_part_00386,11,6,46.6151,45.5362
featured_part_00387,7,5,70.0808,69.4993
featured_part_00388,8,6,40.5789,40.5414
featured_part_00389,16,10,191.4464,189.3196
featured_part_00390,3,2,17.3803,16.7907
featured_part_00391,13,5,67.0021,66.5682
featured_part_00392,7,4,60.4174,58.293
featured_part_00393,18,13,175.5771,170.9033
featured_part_00394,11,7,65.8986,65.8237
featured_part_00395,10,3,39.5731,39.5135
featured_part_00396,20,10,30.6398,30.5564
featured_part_00397,1,0,6.1731,6.1301
featured_part_00398,12,9,207.2478,207.0007
featured_part_00399,10,3,109.6968,109.5363
featured_part_00400,9,3,42.6877,41.5002
featured_part_00401,8,2,39.3837,39.3436
featured_part_00402,4,2,83.4718,82.7482
featured_part_00404,8,2,25.5449,25.5306
featured_part_00405,9,7,32.8701,32.5485
featured_part_00406,6,3,124.2442,121.0661
featured_part_00407,2,1,56.3529,56.2839
featured_part_00408,11,7,109.2541,109.1036
featured_part_00409,7,6,57.101,55.756
featured_part_00411,7,5,64.5398,62.6267
featured_part_00412,4,2,87.8793,87.7335
featured_part_00413,2,0,33.4776,33.4062
featured_part_00414,6,4,13.1796,13.1609
featured_part_00416,15,5,153.4811,148.2281
featured_part_00417,9,6,7.1589,7.1478
featured_part_00418,8,5,15.6904,15.6561
featured_part_00419,2,1,26.592,26.005
featured_part_00420,12,9,43.9372,43.8599
featured_part_00421,4,3,70.1508,70.05
featured_part_00422,13,7,95.3724,94.6138
featured_part_00423,4,1,29.7504,29.6893
featured_part_00424,7,3,86.3681,86.196
featured_part_00425,10,7,53.9922,53.9143
featured_part_00426,6,2,58.402,58.3913
featured_part_00427,14,10,45.7974,45.7118
featured_part_00428,21,17,24.3155,24.2541
featured_part_00429,7,6,46.5869,46.1424
featured_part_00430,13,7,114.0104,112.2311
featured_part_00431,11,9,113.7543,113.616
featured_part_00432,1,0,9.4931,9.4721
featured_part_00433,8,4,43.4734,43.4623
featured_part_00434,24,16,107.419,107.2719
featured_part_00436,12,7,22.6769,22.5556
featured_part_00437,4,1,8.5452,8.5402
featured_part_00438,9,6,25.4523,25.4243
featured_part_00439,5,4,11.3905,11.2282
featured_part_00440,10,3,98.6063,98.4226
featured_part_00441,11,7,16.3393,16.3226
featured_part_00442,14,10,62.9288,62.8328
featured_part_00443,4,3,128.6082,125.2273
featured_part_00444,10,8,57.7983,57.6984
featured_part_00445,23,17,34.1616,33.2236
featured_part_00447,5,0,1.356,1.348
featured_part_00448,8,7,20.8229,20.3862
featured_part_00449,6,2,53.7723,53.6381
featured_part_00450,5,2,6.5283,6.2216
featured_part_00451,8,5,31.2129,30.8158
featured_part_00452,7,4,27.8375,27.7933
featured_part_00453,9,4,73.126,73.0195
featured_part_00454,3,2,6.5913,6.5879
featured_part_00455,6,3,18.6333,18.6141
featured_part_00456,5,4,44.6671,44.6012
featured_part_00457,9,7,206.6108,206.41
featured_part_00458,19,14,50.2362,50.1705
featured_part_00459,7,4,43.2999,41.6262
featured_part_00461,7,4,31.1858,30.8614
featured_part_00462,1,0,14.986,14.9837
featured_part_00463,4,2,24.2437,24.232
featured_part_00464,15,10,54.9863,54.9265
featured_part_00465,4,2,50.1676,50.1438
featured_part_00466,8,5,52.5955,52.1691
featured_part_00467,9,2,74.9401,74.8012
featured_part_00468,5,4,1.5277,1.5155
featured_part_00469,1,0,0.1556,0.154
featured_part_00470,7,5,8.0017,7.9893
featured_part_00472,7,2,61.1544,61.0615
featured_part_00473,4,2,47.7324,46.7346
featured_part_00474,6,5,23.825,23.7877
featured_part_00475,12,8,91.0345,90.9375
featured_part_00476,4,3,145.1727,144.4069
featured_part_00478,13,10,24.2254,24.1863
featured_part_00479,11,4,65.5782,65.3289
featured_part_00480,5,1,45.3396,45.2996
featured_part_00481,11,6,42.0034,41.8533
featured_part_00482,1,0,40.9614,40.9062
featured_part_00483,5,3,12.4057,12.3435
featured_part_00484,8,3,43.1227,42.6167
featured_part_00485,10,3,25.2292,25.2043
featured_part_00486,19,13,206.1348,204.1277
featured_part_00487,11,7,203.5519,203.3854
featured_part_00488,10,8,81.0417,80.931
featured_part_00489,19,14,27.6412,27.2824
featured_part_00490,18,10,57.7158,57.5957
featured_part_00491,17,11,87.9982,87.7281
featured_part_00492,8,4,60.694,58.7204
featured_part_00493,14,10,4.0794,4.0565
featured_part_00494,4,3,2.0719,2.0524
featured_part_00495,8,6,66.4063,64.1636
featured_part_00496,2,1,81.2106,77.3143
featured_part_00497,6,3,11.5023,11.475
featured_part_00498,14,11,108.061,104.9868
featured_part_00499,11,7,33.0218,33.0032
featured_part_00500,5,2,70.8887,70.7957
featured_part_00501,16,13,88.8224,88.6538
featured_part_00502,11,4,50.4112,50.0221
featured_part_00504,11,9,61.3775,61.3127
featured_part_00505,10,7,81.7651,81.0586
featured_part_00506,10,4,62.6868,62.6178
featured_part_00507,3,1,26.7395,26.6763
featured_part_00508,7,5,30.3862,30.0807
featured_part_00509,9,5,157.5607,156.6118
featured_part_00510,16,12,129.5824,125.3635
featured_part_00511,3,2,22.047,21.6312
featured_part_00512,7,4,45.6821,43.6409
featured_part_00513,9,7,82.8287,81.6987
featured_part_00514,7,5,29.1714,29.1588
featured_part_00515,11,7,244.488,244.31
featured_part_00516,17,10,91.1909,91.0108
featured_part_00518,8,5,123.3124,123.1945
featured_part_00519,13,8,121.768,121.5249
featured_part_00520,10,5,42.3686,40.7733
featured_part_00521,16,12,51.8402,50.984
featured_part_00522,8,6,26.6475,26.5299
featured_part_00523,7,3,51.9517,51.9404
featured_part_00524,6,3,50.4189,49.4175
featured_part_00525,13,9,93.1481,92.668
featured_part_00526,9,6,107.6527,107.5735
featured_part_00528,6,4,29.4395,29.3895
featured_part_00529,7,3,201.0219,200.8823
featured_part_00530,15,11,134.5825,133.8191
featured_part_00531,8,7,17.5197,17.2334
featured_part_00532,7,5,32.0956,31.9981
featured_part_00533,8,1,50.4463,50.395
featured_part_00534,7,3,33.4454,33.0404
featured_part_00535,7,3,82.4266,80.4289
featured_part_00536,10,6,24.6144,24.5006
featured_part_00537,3,1,10.5864,10.555
featured_part_00538,4,1,240.0723,239.9479
featured_part_00539,13,8,75.9411,74.8048
featured_part_00540,18,10,91.4265,91.1566
featured_part_00542,7,1,40.0117,39.976
featured_part_00543,6,4,26.2696,25.9639
featured_part_00544,7,5,20.7105,20.7006
featured_part_00546,14,9,80.6944,80.667
featured_part_00547,5,3,89.385,88.5835
featured_part_00548,23,17,41.9811,40.5346
featured_part_00549,15,11,44.5736,43.6636
featured_part_00550,19,12,27.365,27.3146
featured_part_00551,8,4,51.0657,50.3859
featured_part_00552,12,5,59.3738,58.2042
featured_part_00553,5,3,30.4389,29.6637
featured_part_00554,11,8,121.5518,121.3978
featured_part_00555,10,4,189.0732,188.4876
featured_part_00556,9,2,63.9485,63.7845
featured_part_00557,19,11,225.1895,225.0122
featured_part_00558,12,6,38.8076,38.744
featured_part_00559,6,4,14.6388,14.3396
featured_part_00561,7,2,5.4806,5.4414
featured_part_00562,14,8,94.5017,92.512
featured_part_00563,12,8,40.9875,40.0475
featured_part_00566,8,4,253.0162,252.0774
featured_part_00567,4,1,55.3226,53.4648
featured_part_00568,11,3,79.2114,77.9161
featured_part_00569,3,2,124.438,124.3532
featured_part_00570,3,2,16.0509,16.0472
featured_part_00571,5,2,35.4824,35.4743
featured_part_00573,10,8,28.6085,28.1283
featured_part_00574,17,12,15.8452,15.8045
featured_part_00575,5,4,108.5327,108.3975
featured_part_00576,10,8,34.4698,34.3229
featured_part_00577,21,12,86.0681,85.8762
featured_part_00578,14,11,11.2406,10.8412
featured_part_00580,11,6,70.5896,69.5638
featured_part_00581,3,1,19.7979,19.3214
featured_part_00582,2,1,22.4837,22.4561
featured_part_00584,11,9,18.2859,18.2411
featured_part_00586,8,4,177.9265,175.9335
featured_part_00587,5,3,69.1659,69.0461
featured_part_00588,9,5,69.8692,69.7323
featured_part_00589,6,3,45.6228,43.9523
featured_part_00590,13,9,99.9987,99.9048
featured_part_00591,14,9,14.4576,14.4335
featured_part_00592,13,4,43.519,43.4218
featured_part_00593,4,3,16.2037,16.1567
featured_part_00594,7,5,97.8394,97.2527
featured_part_00595,3,2,20.8899,20.8862
featured_part_00596,6,3,176.3435,173.687
featured_part_00597,3,2,40.1944,40.1389
featured_part_00598,6,2,99.1696,99.0248
featured_part_00599,11,6,34.6443,34.5426
featured_part_00600,11,7,19.8925,19.8364
featured_part_00602,2,0,16.0491,16.0469
featured_part_00603,1,0,88.2222,88.1743
featured_part_00604,6,3,43.5189,43.4262
featured_part_00605,21,15,177.9089,170.755
featured_part_00608,16,5,40.6466,40.6031
featured_part_00609,9,7,39.8801,38.9248
featured_part_00610,7,1,68.5878,68.5225
featured_part_00611,16,4,104.4564,103.5191
featured_part_00612,6,2,93.7696,91.2349
featured_part_00614,9,6,97.7467,97.5633
featured_part_00615,6,3,31.7122,31.6676
featured_part_00616,3,2,31.3134,31.282
featured_part_00617,14,10,68.4129,67.3616
featured_part_00618,8,3,2.7066,2.665
featured_part_00619,8,5,71.4584,71.393
featured_part_00620,25,13,48.1988,47.9433
featured_part_00621,11,4,51.694,51.5822
featured_part_00622,7,2,53.7148,53.4253
featured_part_00623,6,4,96.9098,96.8374
featured_part_00624,16,11,40.8565,40.1084
featured_part_00625,8,6,39.4018,37.3829
featured_part_00626,21,11,37.3977,37.3337
featured_part_00627,6,5,115.8734,115.7169
featured_part_00628,7,6,52.8266,50.3718
featured_part_00629,3,2,78.2725,78.1925
featured_part_00630,11,8,130.9018,124.5924
featured_part_00631,6,5,95.9526,94.2154
featured_part_00632,9,6,84.3884,84.2342
featured_part_00633,7,5,17.1228,17.0812
featured_part_00634,10,3,25.0957,25.0342
featured_part_00635,4,1,60.3267,58.2913
featured_part_00636,8,6,83.8607,83.7569
featured_part_00638,8,7,117.1624,116.2743
featured_part_00639,11,6,22.4917,22.4556
featured_part_00640,8,4,23.2012,23.0199
featured_part_00641,11,8,37.3321,37.2
featured_part_00642,5,2,78.1392,78.0052
featured_part_00644,5,2,21.3989,21.3423
featured_part_00645,18,13,51.7262,51.6952
featured_part_00646,23,4,143.0063,140.634
featured_part_00647,4,1,27.4069,27.1465
featured_part_00648,11,6,82.9719,81.9633
featured_part_00650,7,5,41.8369,41.801
featured_part_00651,15,6,190.275,189.6736
featured_part_00652,9,6,136.9098,136.1527
featured_part_00653,21,17,92.0875,91.2632
featured_part_00654,14,10,78.2245,77.9772
featured_part_00655,9,6,31.729,31.4404
featured_part_00656,33,25,164.1798,163.9742
featured_part_00657,3,0,52.2437,52.2379
featured_part_00660,16,9,49.8651,48.7164
featured_part_00661,18,10,319.1157,318.6963
featured_part_00662,8,5,25.9973,25.9332
featured_part_00663,6,3,71.2324,69.774
featured_part_00665,16,5,129.82,129.7128
featured_part_00666,5,3,101.2225,100.4845
featured_part_00667,18,14,369.7777,368.0011
featured_part_00668,8,3,103.8934,103.5504
featured_part_00670,20,11,40.5823,40.4769
featured_part_00671,6,2,59.4824,58.4793
featured_part_00672,4,3,63.8701,63.779
featured_part_00674,9,6,34.5693,34.5397
featured_part_00675,3,0,41.325,41.3186
featured_part_00677,11,5,60.5777,60.5319
featured_part_00678,7,4,58.2289,58.1492
featured_part_00679,5,1,25.6971,25.678
featured_part_00680,9,5,244.5311,244.3218
featured_part_00681,11,8,68.0895,64.4293
featured_part_00682,7,5,13.6021,13.4399
featured_part_00683,10,6,168.0555,166.6932
featured_part_00685,27,19,110.7897,106.7838
featured_part_00686,3,2,10.6232,10.3422
featured_part_00687,12,6,103.2478,103.0458
featured_part_00688,10,6,104.3452,104.2428
featured_part_00689,15,12,41.6205,39.8805
featured_part_00690,1,0,14.4229,14.4216
featured_part_00691,7,4,15.5676,15.5158
featured_part_00692,12,8,87.0088,86.8564
featured_part_00693,16,10,127.6876,126.2569
featured_part_00694,6,3,18.1681,18.1579
featured_part_00695,12,3,74.9825,74.8925
featured_part_00696,7,3,56.9852,56.8912
featured_part_00697,8,6,11.7833,11.7398
featured_part_00698,13,7,22.5089,22.1952
featured_part_00699,5,3,37.7873,37.7769
featured_part_00701,5,4,146.4519,146.3492
featured_part_00702,7,3,11.3235,11.2191
featured_part_00703,11,8,18.7295,18.7036
featured_part_00704,9,6,49.6494,49.5191
featured_part_00705,4,2,17.2602,17.1982
featured_part_00706,14,8,44.004,43.9171
featured_part_00707,7,4,399.5342,399.2322
featured_part_00708,3,1,61.7597,59.258
featured_part_00709,5,3,42.8846,42.8109
featured_part_00710,6,2,83.2816,83.1856
featured_part_00711,18,11,149.3941,149.2234
featured_part_00712,6,3,23.0833,23.0524
featured_part_00713,8,2,110.4249,110.2682
featured_part_00714,5,3,74.2883,74.1546
featured_part_00715,5,3,132.4519,130.3366
featured_part_00716,15,9,137.5977,135.6969
featured_part_00717,12,10,30.742,30.6554
featured_part_00719,2,0,40.686,40.6834
featured_part_00720,3,1,17.9991,17.9862
featured_part_00721,13,10,29.3544,29.3019
featured_part_00722,11,9,55.546,55.4227
featured_part_00726,13,10,84.5989,83.1833
featured_part_00727,15,13,170.4669,170.2874
featured_part_00728,5,4,58.6819,58.5775
featured_part_00729,3,1,37.0986,37.0674
featured_part_00731,2,1,31.2067,29.8236
featured_part_00732,11,6,38.893,38.3881
featured_part_00733,1,0,5.8158,5.8147
featured_part_00734,5,3,55.2634,54.6972
featured_part_00735,3,1,57.7079,57.679
featured_part_00736,10,6,48.8714,46.9388
featured_part_00737,3,1,12.042,11.9999
featured_part_00738,7,5,67.6301,64.3423
featured_part_00739,5,3,32.4518,32.3777
featured_part_00740,26,20,134.2138,132.9086
featured_part_00742,14,12,98.9416,98.5672
featured_part_00743,9,6,65.2549,63.7646
featured_part_00744,10,6,90.8199,90.0387
featured_part_00747,27,21,20.2207,20.1827
featured_part_00748,11,8,56.4571,56.3572
featured_part_00749,14,10,104.816,104.6489
featured_part_00751,9,8,28.0603,27.9822
featured_part_00752,12,6,73.0176,71.7144
featured_part_00753,9,7,99.6998,97.1828
featured_part_00754,6,5,10.3718,9.8185
featured_part_00756,6,3,104.9642,102.0218
featured_part_00758,7,6,40.5374,39.3136
featured_part_00759,4,3,9.6805,9.6756
featured_part_00760,3,1,101.9482,98.1047
featured_part_00761,4,2,25.902,25.7255
featured_part_00762,9,5,41.014,40.9715
featured_part_00763,2,0,29.2787,28.1403
featured_part_00764,7,3,66.1316,66.048
featured_part_00765,7,5,30.7742,30.6542
featured_part_00766,9,7,15.4677,15.4463
featured_part_00767,12,9,81.3828,81.1585
featured_part_00768,2,0,59.0148,59.0124
featured_part_00769,3,2,32.6213,32.5943
featured_part_00770,5,3,47.0483,46.9956
featured_part_00771,10,7,38.1708,38.0732
featured_part_00772,10,8,67.1315,67.0271
featured_part_00774,20,16,196.5849,193.4095
featured_part_00775,10,5,29.9852,29.9451
featured_part_00776,8,3,48.6661,48.576
featured_part_00777,11,7,61.4527,61.023
featured_part_00778,2,0,53.1386,53.1324
featured_part_00779,5,1,64.7004,64.6183
featured_part_00781,7,6,38.7324,38.6603
featured_part_00782,5,3,28.0797,27.4386
featured_part_00783,16,11,51.167,51.0338
featured_part_00784,6,5,15.5879,15.2968
featured_part_00785,7,5,1.7289,1.7108
featured_part_00787,3,1,31.5957,31.5733
featured_part_00788,15,7,60.7537,60.7084
featured_part_00790,3,0,27.2779,27.2739
featured_part_00791,10,5,87.166,87.0911
featured_part_00792,7,3,151.5369,146.1027
featured_part_00793,13,9,26.7981,26.1293
featured_part_00794,8,6,30.0792,30.0185
featured_part_00795,8,6,57.1535,57.0095
featured_part_00796,12,7,55.1694,55.1236
featured_part_00797,10,4,71.3445,70.659
featured_part_00798,11,4,127.6576,126.6335
featured_part_00799,8,5,79.9608,78.7888
featured_part_00800,3,1,29.0229,29.0169
featured_part_00801,14,6,147.2893,147.027
featured_part_00802,14,10,117.8854,114.3026
featured_part_00803,14,10,54.4287,54.3748
featured_part_00805,4,1,47.7752,46.8888
featured_part_00806,4,2,40.8292,39.3323
featured_part_00807,22,14,135.2808,135.1599
featured_part_00808,12,3,58.6126,58.5637
featured_part_00809,3,2,12.3731,12.3477
featured_part_00810,17,10,49.8622,49.7425
featured_part_00811,12,10,49.3405,49.2332
featured_part_00812,1,0,20.1503,18.9978
featured_part_00813,3,1,6.4487,6.438
featured_part_00814,13,7,72.386,72.1983
featured_part_00815,10,7,63.5556,62.723
featured_part_00816,14,5,68.8674,68.6768
featured_part_00817,10,5,76.3957,75.671
featured_part_00818,2,1,7.6653,7.4326
featured_part_00819,8,7,12.8651,12.2107
featured_part_00820,10,8,2.9767,2.9623
featured_part_00821,3,2,12.2013,12.1872
featured_part_00822,11,9,86.1511,85.9664
featured_part_00823,2,1,24.4551,24.4504
featured_part_00824,4,3,6.6535,6.6079
featured_part_00826,8,6,7.0383,7.0274
featured_part_00827,10,7,66.9202,66.7802
featured_part_00828,11,8,166.1346,165.6361
featured_part_00829,6,4,68.4014,67.7942
featured_part_00830,2,1,40.3574,40.3049
featured_part_00831,4,3,1.0145,1.0073
featured_part_00833,10,5,99.4472,99.2589
featured_part_00834,5,2,131.4426,131.2193
featured_part_00835,4,1,7.5731,7.5427
featured_part_00836,2,1,40.8296,40.768
featured_part_00837,16,3,68.7695,67.6448
featured_part_00838,13,7,197.8461,196.768
featured_part_00839,34,23,106.7855,106.4945
featured_part_00840,8,4,80.6916,78.5962
featured_part_00841,8,6,52.3378,52.1764
featured_part_00842,12,8,34.2521,34.1204
featured_part_00843,17,13,156.2186,156.0121
featured_part_00844,7,2,51.2536,50.3026
featured_part_00845,4,0,82.1535,82.1424
featured_part_00846,18,12,20.7313,20.7018
featured_part_00847,5,1,24.5668,24.5596
featured_part_00848,23,19,91.1943,91.0355
featured_part_00849,10,5,56.1508,56.1156
featured_part_00851,10,3,109.5602,109.4603
featured_part_00853,19,14,46.8626,46.815
featured_part_00854,4,3,23.8086,23.7773
featured_part_00855,5,1,26.1793,26.0832
featured_part_00856,5,3,13.4834,13.4481
featured_part_00857,14,9,43.4372,42.5952
featured_part_00858,5,4,19.3434,19.3293
featured_part_00859,18,15,38.1505,37.5735
featured_part_00861,15,10,36.545,36.4682
featured_part_00862,20,16,55.537,55.4366
featured_part_00863,6,4,33.3262,33.2403
featured_part_00866,25,20,8.8642,8.8208
featured_part_00867,13,8,101.3053,100.9198
featured_part_00869,9,7,109.2266,108.8679
featured_part_00870,7,5,21.273,21.1936
featured_part_00871,20,15,112.1388,111.9944
featured_part_00872,22,15,46.4431,46.3484
featured_part_00873,8,5,19.0573,18.6011
featured_part_00874,6,5,13.1968,12.8639
featured_part_00875,4,3,87.7919,87.7108
featured_part_00876,6,2,52.2477,52.1171
featured_part_00877,5,4,22.1681,22.1314
featured_part_00878,12,4,84.7755,83.6712
featured_part_00879,6,5,5.4237,5.391
featured_part_00880,6,4,28.1589,27.6865
featured_part_00881,2,1,36.5198,36.475
featured_part_00882,10,7,38.3388,38.2936
featured_part_00883,3,2,46.7411,46.6553
featured_part_00884,3,2,13.9462,13.9148
featured_part_00885,7,3,50.1603,50.0848
featured_part_00886,7,2,45.5292,45.471
featured_part_00887,6,1,81.1159,81.1011
featured_part_00888,13,8,83.7319,81.6933
featured_part_00889,8,5,1.3815,1.3693
featured_part_00890,11,3,76.0452,75.1884
featured_part_00891,3,2,35.3541,35.1747
featured_part_00892,6,4,18.055,18.0233
featured_part_00893,13,11,108.2856,107.1453
featured_part_00894,7,6,24.3096,24.2528
featured_part_00895,4,2,83.945,83.7898
featured_part_00896,6,5,68.4147,68.3383
featured_part_00897,18,15,21.396,21.2957
featured_part_00898,7,6,175.092,174.9119
featured_part_00899,9,7,14.6676,14.6372
featured_part_00900,4,1,17.7933,17.2526
featured_part_00901,12,7,41.8426,40.513
featured_part_00902,5,3,6.6021,6.5819
featured_part_00903,9,7,13.7359,13.7193
featured_part_00904,15,7,42.5683,42.3443
featured_part_00906,35,28,102.138,100.709
featured_part_00907,4,2,65.7388,65.6723
featured_part_00908,3,1,26.8509,26.8287
featured_part_00910,12,6,129.985,129.7536
featured_part_00911,11,8,24.8192,24.6912
featured_part_00912,14,9,56.9507,56.8732
featured_part_00913,9,4,187.8747,187.6998
featured_part_00914,8,4,58.5277,58.5145
featured_part_00915,5,3,89.8072,89.0674
featured_part_00916,8,6,27.6726,27.6251
featured_part_00917,11,2,30.6304,30.6134
featured_part_00918,8,5,70.8919,69.5103
featured_part_00919,9,7,32.68,32.5916
featured_part_00920,8,4,92.3854,90.832
featured_part_00921,8,6,107.7056,106.1678
featured_part_00922,3,2,22.6696,22.6369
featured_part_00923,12,3,106.8277,106.6394
featured_part_00924,16,10,52.0613,50.1656
featured_part_00925,6,1,51.4598,51.4435
featured_part_00927,5,2,28.2801,27.7666
featured_part_00929,20,17,162.649,160.4489
featured_part_00930,23,11,214.9173,208.9409
featured_part_00931,12,8,32.1975,32.1784
featured_part_00932,2,1,6.6734,6.6666
featured_part_00933,13,11,124.769,124.6753
featured_part_00934,9,6,92.9378,89.571
featured_part_00935,16,12,16.9328,16.8789
featured_part_00936,6,1,82.9096,82.8357
featured_part_00937,11,6,172.3875,172.1134
featured_part_00938,16,11,65.8067,65.2369
featured_part_00939,7,1,77.3491,77.279
featured_part_00940,10,6,26.1996,26.1626
featured_part_00941,9,7,89.0146,86.3644
featured_part_00942,13,9,87.0121,83.8112
featured_part_00943,12,9,19.3813,19.11
featured_part_00944,10,7,47.2997,47.2513
featured_part_00945,2,1,31.2449,31.2215
featured_part_00946,9,4,285.6251,285.2649
featured_part_00948,4,1,79.672,76.5255
featured_part_00949,8,5,40.248,40.2181
featured_part_00950,8,7,7.8973,7.8662
featured_part_00951,13,9,87.3575,86.4844
featured_part_00953,5,2,10.8173,10.7981
featured_part_00954,31,24,41.8202,41.7219
featured_part_00955,22,13,75.5732,75.3199
featured_part_00956,20,14,25.5017,25.3844
featured_part_00957,16,11,278.5467,276.2017
featured_part_00959,8,5,23.9359,23.924
featured_part_00960,5,2,158.0377,150.5549
featured_part_00961,11,8,40.2014,40.1729
featured_part_00962,2,1,68.1861,66.4992
featured_part_00963,11,3,22.0217,21.7009
featured_part_00964,13,7,110.83,109.9406
featured_part_00965,18,5,24.1116,24.0393
featured_part_00966,9,3,23.9681,23.1341
featured_part_00967,7,5,15.705,15.6403
featured_part_00968,6,5,66.1864,65.1878
featured_part_00969,3,2,55.8896,54.1214
featured_part_00970,9,8,113.885,113.7073
featured_part_00971,9,6,36.8803,36.7181
featured_part_00972,4,3,19.1597,19.1214
featured_part_00974,8,5,12.213,12.1474
featured_part_00976,23,19,99.8874,99.7237
featured_part_00977,12,9,129.6074,127.9892
featured_part_00978,11,3,19.4746,19.4401
featured_part_00979,4,3,34.0767,32.6309
featured_part_00980,1,0,9.2982,9.2873
featured_part_00982,6,2,11.4599,11.2073
featured_part_00983,3,1,26.0646,25.9953
featured_part_00984,5,4,41.2447,41.1799
featured_part_00985,15,9,22.8807,22.8596
featured_part_00986,26,19,43.0199,42.9613
featured_part_00987,9,7,70.3936,69.9914
featured_part_00988,9,6,38.3029,38.2456
featured_part_00989,10,4,34.8436,34.7808
featured_part_00990,13,6,388.9846,387.1714
featured_part_00991,4,1,42.4895,41.6663
featured_part_00992,10,7,35.8203,35.7112
featured_part_00995,6,2,33.2333,33.0849
featured_part_00996,10,7,65.0118,64.9253
featured_part_00997,5,3,77.1711,77.123
featured_part_00999,9,7,105.3386,105.2525
featured_part_01000,15,3,56.0743,55.9893
featured_part_01001,12,9,40.4149,39.1196
featured_part_01002,10,3,53.7114,53.6452
featured_part_01004,4,0,31.5299,31.5247
featured_part_01005,4,1,29.7494,29.7444
featured_part_01006,14,11,21.4275,20.5721
featured_part_01007,9,8,65.0067,64.2839
featured_part_01008,13,9,29.0264,28.6184
featured_part_01009,7,3,32.3206,32.3022
featured_part_01010,7,5,139.1151,135.196
featured_part_01011,6,2,38.1457,37.259
featured_part_01012,9,5,39.9404,39.9009
featured_part_01013,13,10,108.4252,107.8509
featured_part_01014,11,8,51.2053,51.1333
featured_part_01015,3,1,23.4036,23.3931
featured_part_01016,5,3,30.2693,30.2485
featured_part_01017,12,8,28.6113,28.0596
featured_part_01018,17,11,265.5057,265.2902
featured_part_01019,5,4,84.4884,83.772
featured_part_01021,3,1,22.0813,22.0604
featured_part_01022,6,4,66.8958,65.2313
featured_part_01023,8,3,133.1869,132.3441
featured_part_01024,5,4,12.0284,12.0163
featured_part_01025,13,6,280.7475,280.1747
featured_part_01026,3,1,9.7606,9.3132
featured_part_01028,22,13,53.4142,53.2674
featured_part_01029,3,0,22.5895,22.5846
featured_part_01030,2,0,23.5504,23.5465
featured_part_01031,7,5,68.5586,68.4459
featured_part_01032,4,3,1.5606,1.5484
featured_part_01033,8,6,319.4647,313.2784
featured_part_01034,13,8,74.865,72.8707
featured_part_01035,15,11,64.0508,63.9867
featured_part_01036,4,3,43.1126,43.0533
featured_part_01037,9,6,227.319,227.201
featured_part_01038,8,3,68.9775,68.0699
featured_part_01039,3,2,36.2035,36.1485
featured_part_01040,14,3,91.4959,91.3583
featured_part_01041,11,7,31.0779,31.0139
featured_part_01042,8,7,11.8679,11.5358
featured_part_01043,15,3,60.7566,60.6934
featured_part_01044,11,7,231.1814,230.9363
featured_part_01045,13,8,73.0701,71.9252
featured_part_01046,7,5,28.0405,27.3753
featured_part_01047,7,3,215.9133,214.8426
featured_part_01048,15,10,17.2275,17.2033
featured_part_01049,2,1,92.8766,92.7495
featured_part_01050,14,8,33.6709,33.6077
featured_part_01051,12,8,68.0096,67.9064
featured_part_01053,14,10,142.4727,142.2966
featured_part_01054,11,4,200.8805,195.9599
featured_part_01056,5,2,57.8411,55.3847
featured_part_01058,3,1,27.3059,27.3009
featured_part_01059,9,5,160.309,155.6934
featured_part_01060,19,16,126.3636,125.1955
featured_part_01061,6,5,50.138,50.0527
featured_part_01062,9,5,63.3555,63.304
featured_part_01063,13,9,59.378,59.3041
featured_part_01064,6,3,102.3878,100.0379
featured_part_01065,1,0,10.7555,10.7542
featured_part_01066,5,2,78.6935,77.8284
featured_part_01067,12,8,50.9581,50.9093
featured_part_01069,8,3,84.5361,84.4319
featured_part_01070,9,5,58.0222,56.8639
featured_part_01071,11,7,132.2763,127.7559
featured_part_01072,10,6,1.6493,1.6296
featured_part_01073,9,8,102.426,102.2726
featured_part_01075,7,5,41.3362,40.9926
featured_part_01076,6,5,66.5893,65.3356
featured_part_01077,2,1,12.7289,12.7128
featured_part_01078,4,3,48.848,46.8437
featured_part_01079,11,4,51.1001,49.9766
featured_part_01080,13,10,79.4119,79.2779
featured_part_01081,7,5,110.7269,106.5619
featured_part_01082,11,8,73.6487,73.5846
featured_part_01083,18,14,56.6622,54.8188
featured_part_01084,11,8,28.6611,27.1111
featured_part_01088,5,1,51.8916,51.882
featured_part_01091,5,2,5.1025,5.0694
featured_part_01092,8,4,271.1085,262.8754
featured_part_01094,2,1,10.0647,9.5369
featured_part_01095,5,3,51.6904,50.6683
featured_part_01096,4,1,38.4542,37.4656
featured_part_01097,2,0,41.9513,41.9469
featured_part_01098,2,1,40.7978,40.7508
featured_part_01099,3,2,8.7092,8.3974
featured_part_01100,2,0,0.4903,0.4871
featured_part_01101,5,3,28.8892,27.6409
featured_part_01102,13,9,25.3657,25.244
featured_part_01104,6,4,14.3007,14.2778
featured_part_01105,16,12,51.5267,51.5014
featured_part_01107,16,12,65.9575,64.7234
featured_part_01108,3,1,65.4747,63.8679
featured_part_01110,5,3,49.623,49.5678
featured_part_01112,11,4,48.2457,48.1709
featured_part_01113,7,4,37.2624,37.1643
featured_part_01114,7,6,26.374,26.3355
featured_part_01115,9,7,7.5794,7.5626
featured_part_01116,8,2,75.2382,74.1185
featured_part_01117,18,14,84.402,84.2844
featured_part_01118,18,10,62.0253,61.6431
featured_part_01119,15,12,35.4374,35.3503
featured_part_01120,13,3,44.3065,44.2096
featured_part_01121,11,8,17.4952,17.4629
featured_part_01122,9,6,52.9674,52.9056
featured_part_01123,14,10,104.8152,104.6522
featured_part_01124,10,2,51.6846,51.6413
featured_part_01125,7,2,33.28,33.2038
featured_part_01126,8,6,27.9145,27.8551
featured_part_01127,5,2,76.9233,75.8648
featured_part_01128,18,15,125.0061,124.8238
featured_part_01129,12,10,14.2226,14.1815
featured_part_01130,7,3,55.9772,55.9539
featured_part_01131,15,10,70.6314,70.1797
featured_part_01132,10,5,150.5635,149.8648
featured_part_01133,9,4,94.4873,94.3734
featured_part_01134,4,2,27.643,27.5921
featured_part_01135,7,4,12.6984,12.5
featured_part_01137,3,2,27.1646,26.0149
featured_part_01138,17,12,249.7685,241.9071
featured_part_01139,15,7,36.2272,35.224
featured_part_01140,6,1,89.9933,89.827
featured_part_01141,20,15,273.5356,265.0712
featured_part_01142,5,1,19.2758,19.2668
featured_part_01143,8,5,52.6712,51.8679
featured_part_01144,6,4,40.7093,38.8355
featured_part_01146,19,12,63.6635,63.5852
featured_part_01147,17,11,72.7012,70.6287
featured_part_01148,4,1,44.388,44.3812
featured_part_01149,9,5,109.8987,109.8217
featured_part_01150,3,1,70.6342,70.5687
featured_part_01151,13,3,88.114,87.9827
featured_part_01152,14,6,46.4265,46.3697
featured_part_01153,3,1,39.2259,39.1696
featured_part_01154,14,9,45.407,44.6869
featured_part_01155,10,8,212.6166,212.4727
featured_part_01156,20,14,73.0701,72.757
featured_part_01157,9,1,82.8224,82.3778
featured_part_01158,14,10,51.2934,51.1986
featured_part_01159,12,8,27.3801,26.6653
featured_part_01160,13,8,30.3636,30.3032
featured_part_01161,14,4,70.4675,70.3584
featured_part_01162,15,10,51.1272,51.0013
featured_part_01163,8,4,3.8268,3.7972
featured_part_01164,16,4,64.8299,64.7304
featured_part_01165,2,1,21.0892,21.0581
featured_part_01166,4,3,141.9406,141.8298
featured_part_01167,10,7,10.0983,9.8779
featured_part_01168,2,1,4.4959,4.4778
featured_part_01169,5,2,94.148,93.5314
featured_part_01170,1,0,5.9549,5.6694
featured_part_01171,1,0,3.6459,3.631
featured_part_01172,4,3,88.3597,88.3198
featured_part_01173,2,0,18.6207,18.6181
featured_part_01174,10,7,53.677,53.6036
featured_part_01175,6,5,15.2184,15.2092
featured_part_01176,11,8,2.3328,2.3154
featured_part_01177,8,5,66.4139,65.9137
featured_part_01178,4,1,40.2599,40.2435
featured_part_01179,3,2,9.0318,8.5237
featured_part_01180,5,4,2.238,2.2133
featured_part_01181,17,13,30.3912,30.3643
featured_part_01182,11,3,117.7032,113.6827
featured_part_01183,1,0,38.1888,38.1145
featured_part_01184,13,10,14.2397,14.1887
featured_part_01185,11,5,56.5564,54.1804
featured_part_01186,26,17,115.2586,113.6493
featured_part_01187,9,5,94.9519,93.4896
featured_part_01188,7,5,39.0722,38.89
featured_part_01189,2,0,15.9329,15.9304
featured_part_01190,6,5,34.2449,33.9019
featured_part_01191,2,0,37.6694,37.6639
featured_part_01192,9,7,59.5045,59.4148
featured_part_01193,13,9,17.3822,17.356
featured_part_01195,23,17,38.1423,38.064
featured_part_01196,28,20,37.8108,37.7427
featured_part_01197,3,1,33.3848,32.5481
featured_part_01198,2,1,78.904,78.845
featured_part_01199,4,3,17.5811,17.5763
featured_part_01200,14,11,118.8626,117.6174
featured_part_01201,11,2,7.3507,7.3355
featured_part_01202,4,1,148.4977,142.7594
featured_part_01203,10,4,54.1598,53.7799
featured_part_01204,12,9,60.2655,57.553
featured_part_01205,5,2,28.0828,28.0495
featured_part_01206,8,3,111.8362,111.7182
featured_part_01207,6,5,57.3827,55.1383
featured_part_01208,11,6,47.4398,47.406
featured_part_01209,8,2,60.1574,59.972
featured_part_01210,4,2,59.163,59.0509
featured_part_01211,2,1,12.9064,12.9032
featured_part_01212,10,3,35.892,35.8166
featured_part_01213,8,3,48.6116,48.1085
featured_part_01214,6,2,48.7449,48.7131
featured_part_01215,9,6,32.2108,32.1757
featured_part_01217,14,11,89.6182,88.0948
featured_part_01218,19,15,52.9944,52.8453
featured_part_01219,6,2,57.4136,57.361
featured_part_01221,9,7,50.0622,47.5754
featured_part_01223,9,7,69.1049,67.2829
featured_part_01224,8,4,44.0238,43.9286
featured_part_01225,6,3,20.1386,20.0851
featured_part_01226,13,2,9.6287,9.1565
featured_part_01227,10,6,79.7169,79.5738
featured_part_01228,2,1,27.5468,27.497
featured_part_01229,1,0,19.5792,19.5474
featured_part_01230,2,1,27.9904,26.8541
featured_part_01233,12,3,11.9926,11.6955
featured_part_01234,3,1,36.7682,36.6947
featured_part_01235,12,10,149.0497,146.0446
featured_part_01236,6,5,73.6795,73.5348
featured_part_01237,13,9,33.9693,33.899
featured_part_01238,12,6,35.332,35.1108
featured_part_01239,5,1,38.6185,38.5936
featured_part_01240,3,1,36.0422,35.9599
featured_part_01241,17,11,55.451,55.3433
featured_part_01242,4,2,48.1175,48.0709
featured_part_01243,7,3,87.8675,87.6164
featured_part_01244,7,6,49.2941,49.191
featured_part_01245,15,6,41.7415,41.6115
featured_part_01246,12,8,132.2253,131.5629
featured_part_01248,1,0,14.1642,14.1388
featured_part_01249,3,1,32.5693,31.9516
featured_part_01250,4,3,22.6593,22.6264
featured_part_01251,13,10,58.7625,55.7518
featured_part_01253,3,2,115.4631,115.1022
featured_part_01254,15,4,90.7785,90.7091
featured_part_01255,8,1,42.6648,42.6329
featured_part_01256,26,17,69.8931,69.0209
featured_part_01257,8,6,21.3632,21.3506
featured_part_01258,7,4,30.8609,30.8409
featured_part_01259,14,10,58.5909,56.5475
featured_part_01260,4,1,23.6973,23.5221
featured_part_01261,2,1,9.5522,9.5251
featured_part_01264,14,10,44.0244,43.9136
featured_part_01265,12,8,39.7963,39.1717
featured_part_01266,10,8,69.1411,67.0714
featured_part_01267,9,4,156.9975,152.1216
featured_part_01268,18,7,167.7196,161.719
featured_part_01269,12,8,15.8393,15.7961
featured_part_01270,7,4,46.6143,46.2689
featured_part_01271,5,3,18.1544,17.4283
featured_part_01272,7,6,45.594,45.4944
featured_part_01273,8,3,50.5521,50.4328
featured_part_01274,18,12,213.562,213.4057
featured_part_01275,8,6,2.0329,2.0195
featured_part_01276,5,4,52.5437,52.4768
featured_part_01277,5,2,18.4702,18.4589
featured_part_01278,8,6,21.0208,20.8652
featured_part_01279,8,4,21.966,21.8889
featured_part_01280,10,9,47.7534,47.6684
featured_part_01281,23,18,84.8527,84.766
featured_part_01282,3,2,13.5659,13.5622
featured_part_01284,10,7,118.5032,118.3182
featured_part_01286,6,4,40.3984,39.2831
featured_part_01287,3,1,58.4939,58.4229
featured_part_01288,3,1,93.2918,90.6483
featured_part_01290,6,4,327.0611,326.1047
featured_part_01293,10,5,129.0596,128.3459
featured_part_01294,5,3,49.6555,48.219
featured_part_01295,13,4,105.8539,103.2124
featured_part_01297,8,4,51.2459,51.1051
featured_part_01298,6,1,60.4496,59.4694
featured_part_01300,3,1,63.2905,63.22
featured_part_01301,6,2,52.5989,52.5418
featured_part_01302,8,5,18.3006,18.2493
featured_part_01303,9,7,6.5909,6.5701
featured_part_01304,7,5,16.7576,16.6662
featured_part_01305,11,5,69.8793,69.1207
featured_part_01306,5,4,15.4272,15.4003
featured_part_01307,4,1,57.7488,57.708
featured_part_01308,5,3,45.11,45.0527
featured_part_01309,8,3,38.9481,38.2394
featured_part_01310,5,2,26.399,25.4725
featured_part_01311,11,5,112.1986,111.3287
featured_part_01312,7,3,43.8886,43.8294
featured_part_01313,9,7,32.0074,31.9729
featured_part_01314,12,5,81.7378,81.5718
featured_part_01315,12,7,61.8334,61.7512
featured_part_01316,6,3,30.3994,30.3853
featured_part_01317,7,4,28.7295,28.6495
featured_part_01318,5,3,83.3856,83.1624
featured_part_01319,10,7,3.0735,3.047
featured_part_01322,5,1,36.3536,36.2794
featured_part_01323,4,2,9.9574,9.8672
featured_part_01324,10,8,49.5946,48.8826
featured_part_01325,5,2,46.6889,46.5974
featured_part_01326,15,3,68.7086,68.6074
featured_part_01328,5,3,14.7831,14.732
featured_part_01329,11,5,22.1483,22.0591
featured_part_01330,14,6,42.9888,42.8201
featured_part_01331,4,1,27.4207,27.3961
featured_part_01332,1,0,55.9881,55.9334
featured_part_01333,28,20,142.0437,139.9305
featured_part_01334,3,1,43.5169,43.5138
featured_part_01335,12,3,34.1608,34.0944
featured_part_01336,8,7,67.5439,67.4187
featured_part_01337,6,5,52.015,51.9408
featured_part_01338,6,3,27.4279,26.5544
featured_part_01340,8,4,55.8965,55.8065
featured_part_01341,24,18,72.1495,70.8122
featured_part_01342,12,8,55.9044,55.1251
featured_part_01344,16,12,123.5695,119.6187
featured_part_01345,2,1,19.7333,19.7081
featured_part_01346,10,5,22.5265,22.4719
featured_part_01347,12,9,15.8368,15.7294
featured_part_01350,2,1,28.1881,28.172
featured_part_01352,14,8,66.3685,66.2249
featured_part_01353,16,12,81.63,81.4688
featured_part_01354,16,12,45.8529,43.9572
featured_part_01355,9,8,15.6824,15.6358
featured_part_01357,15,7,123.1832,122.9278
featured_part_01358,12,7,77.3967,76.427
featured_part_01359,13,5,81.8899,81.2736
featured_part_01360,16,12,188.5144,185.6453
featured_part_01361,5,3,24.2467,24.2388
featured_part_01362,7,4,154.2094,153.3515
featured_part_01363,15,12,50.4408,50.3676
featured_part_01365,15,8,28.0753,27.616
featured_part_01366,3,2,48.2537,46.0438
featured_part_01367,1,0,4.2859,4.2763
featured_part_01368,13,9,253.7269,253.496
featured_part_01369,2,1,14.6281,14.6249
featured_part_01370,4,1,27.1127,27.1065
featured_part_01371,2,0,18.2273,18.1743
featured_part_01372,16,7,112.5536,112.3731
featured_part_01373,22,13,68.9797,68.7562
featured_part_01374,12,6,60.0945,60.0046
featured_part_01375,18,14,64.2205,62.7893
featured_part_01376,12,9,32.2202,30.8271
featured_part_01377,3,2,29.2633,28.3712
featured_part_01379,9,7,2.2046,2.1906
featured_part_01381,18,14,76.7941,76.7306
featured_part_01382,3,2,30.3615,30.3158
featured_part_01384,9,6,13.5597,13.4703
featured_part_01385,4,3,136.6517,130.1431
featured_part_01386,5,3,121.5963,121.2549
featured_part_01387,17,11,53.6195,53.4081
featured_part_01388,3,1,41.3426,41.312
featured_part_01391,9,7,53.3486,52.8234
featured_part_01392,5,2,44.5108,44.4668
featured_part_01393,3,2,21.3127,21.2755
featured_part_01395,24,18,6.2052,6.1619
featured_part_01396,6,4,101.7571,100.3132
featured_part_01397,5,4,5.5068,5.4992
featured_part_01398,9,3,43.9968,43.4385
featured_part_01399,9,7,23.8288,23.757
featured_part_01400,11,9,45.1745,45.1061
featured_part_01401,10,6,66.614,64.2679
featured_part_01402,6,4,126.2456,121.877
featured_part_01403,4,3,2.1526,2.125
featured_part_01404,5,2,55.414,55.2825
featured_part_01405,16,12,38.5654,37.044
featured_part_01406,5,4,8.0122,7.9956
featured_part_01407,12,8,25.8382,25.7839
featured_part_01408,15,10,76.5731,76.505
featured_part_01409,5,1,25.5764,25.5703
featured_part_01410,6,2,37.1916,37.139
featured_part_01411,7,3,122.1353,122.0331
featured_part_01412,17,11,140.7661,136.7661
featured_part_01413,3,1,72.2217,72.1563
featured_part_01414,7,3,19.6762,19.6625
featured_part_01416,11,6,64.2942,64.1496
featured_part_01417,10,7,53.8576,52.6318
featured_part_01418,8,4,49.5672,49.4496
featured_part_01419,7,5,462.0312,461.7679
featured_part_01420,17,11,50.1797,50.0215
featured_part_01421,5,3,43.9496,42.6447
featured_part_01422,11,7,77.6865,74.7834
featured_part_01425,6,2,92.3802,92.2504
featured_part_01427,19,14,96.8724,93.7785
featured_part_01428,6,2,22.7419,22.6717
featured_part_01429,6,4,141.1475,141.0372
featured_part_01430,6,4,25.8578,25.3443
featured_part_01431,6,3,87.0056,86.9381
featured_part_01432,6,4,80.792,80.7203
featured_part_01434,5,1,74.2951,74.2812
featured_part_01435,7,3,176.218,169.9156
featured_part_01436,12,10,22.4814,21.2343
featured_part_01438,6,2,77.3586,77.0426
featured_part_01439,2,1,16.4874,15.7446
featured_part_01440,7,2,42.3007,42.2341
featured_part_01441,14,8,46.7778,46.6884
featured_part_01442,16,6,34.052,33.9268
featured_part_01443,17,12,53.8646,53.7545
featured_part_01444,14,3,250.1801,249.7965
featured_part_01445,4,2,13.3515,13.3311
featured_part_01446,11,8,43.316,42.4931
featured_part_01447,18,11,118.797,118.5396
featured_part_01448,7,3,60.9132,60.8078
featured_part_01451,16,10,80.7239,79.38
featured_part_01453,15,3,69.4158,68.8943
featured_part_01454,2,1,58.8676,56.0764
featured_part_01455,2,0,26.2711,26.2683
featured_part_01456,13,9,19.1069,19.0501
featured_part_01457,19,10,37.9173,37.7128
featured_part_01459,4,2,24.4275,24.4217
featured_part_01460,6,5,297.1208,296.4052
featured_part_01461,14,9,153.6705,153.5162
featured_part_01462,16,13,6.7836,6.7289
featured_part_01463,8,6,64.0084,63.8676
featured_part_01464,20,11,58.3301,57.0173
featured_part_01465,3,2,5.3224,5.1232
featured_part_01467,7,4,60.331,60.3162
featured_part_01468,10,6,99.2967,98.2503
featured_part_01469,3,1,53.1245,53.0875
featured_part_01470,3,1,7.7506,7.7473
featured_part_01471,5,4,11.068,11.0615
featured_part_01472,9,6,14.6219,14.5747
featured_part_01473,4,1,16.3015,16.271
featured_part_01474,18,14,137.2762,137.1634
featured_part_01475,6,2,15.382,15.3697
featured_part_01476,13,5,49.6194,49.4491
featured_part_01477,13,9,290.4237,288.8236
featured_part_01478,10,4,38.0748,38.0069
featured_part_01479,7,4,135.4493,135.2693
featured_part_01480,11,1,80.132,80.0538
featured_part_01481,1,0,2.6272,2.4985
featured_part_01482,13,11,82.7006,79.8877
featured_part_01483,10,8,68.5287,68.3804
featured_part_01484,11,3,64.443,64.0976
featured_part_01485,11,6,21.533,21.4984
featured_part_01486,4,3,15.2672,14.3658
featured_part_01487,14,3,117.6015,112.7345
featured_part_01488,14,2,49.8398,49.8045
featured_part_01489,6,4,30.2304,29.767
featured_part_01490,9,5,36.3334,36.2644
featured_part_01492,19,15,79.5047,79.3941
featured_part_01493,3,1,33.4575,33.434
featured_part_01494,5,3,29.1816,27.7408
featured_part_01495,5,1,50.7734,50.7499
featured_part_01496,5,3,74.7908,72.6795
featured_part_01498,7,3,66.5134,66.3925
featured_part_01499,10,7,44.8508,44.7554
featured_part_01500,2,1,12.2843,12.2653
featured_part_01501,7,4,62.6844,62.5784
featured_part_01502,6,3,193.602,193.473
featured_part_01503,9,6,97.744,97.0504
featured_part_01504,14,3,33.233,33.1329
featured_part_01505,4,3,30.906,30.3333
featured_part_01506,8,2,24.9952,24.9772
featured_part_01507,4,3,34.6809,34.0391
featured_part_01508,15,10,86.0284,84.6356
featured_part_01509,7,5,129.2709,126.4715
featured_part_01511,3,2,16.771,16.7442
featured_part_01512,7,4,212.2217,212.0677
featured_part_01513,24,17,151.5814,148.2982
featured_part_01515,8,4,16.0711,15.7656
featured_part_01516,9,4,70.3257,68.9572
featured_part_01517,12,3,47.3543,46.7382
featured_part_01518,4,2,33.1929,33.108
featured_part_01519,4,2,197.9233,195.9823
featured_part_01520,17,12,96.6097,96.3104
featured_part_01521,5,2,22.6748,22.6434
featured_part_01522,12,8,12.5772,12.5035
featured_part_01523,3,0,18.8823,18.8797
featured_part_01524,10,8,65.5381,65.4282
featured_part_01525,9,7,81.9602,81.8216
featured_part_01526,7,2,29.8332,29.7767
featured_part_01527,5,4,18.7907,18.384
featured_part_01529,12,7,204.3069,204.1255
featured_part_01531,16,4,71.4914,71.0376
featured_part_01532,5,4,21.9105,21.677
featured_part_01533,9,6,66.3996,65.3257
featured_part_01534,6,2,29.0262,28.3618
featured_part_01535,12,11,57.3789,57.2674
featured_part_01536,3,2,18.4924,17.7396
featured_part_01537,4,3,30.9406,30.8722
featured_part_01539,2,1,29.8954,29.84
featured_part_01540,6,3,26.9931,26.1224
featured_part_01542,5,2,18.3642,17.9022
featured_part_01543,6,5,22.3976,22.264
featured_part_01544,8,4,82.2937,79.1311
featured_part_01545,9,6,56.9405,56.7928
featured_part_01546,7,1,7.7968,7.7865
featured_part_01548,15,11,29.5674,28.9629
featured_part_01549,11,2,13.5252,13.4805
featured_part_01550,9,7,55.8568,54.7073
featured_part_01551,10,8,22.9865,22.9683
featured_part_01552,7,2,49.2051,49.122
featured_part_01553,10,6,57.5591,57.3567
featured_part_01554,12,6,39.1845,39.0808
featured_part_01555,4,3,5.3942,5.3604
featured_part_01556,7,3,91.2435,91.1041
featured_part_01557,10,4,50.2772,49.3635
featured_part_01558,14,10,107.9154,104.1189
featured_part_01559,4,2,9.9256,9.9213
featured_part_01560,11,7,19.5843,19.5518
featured_part_01561,3,2,110.0841,109.921
featured_part_01562,8,5,50.3519,49.4294
featured_part_01563,9,6,98.4405,95.5467
featured_part_01565,16,13,161.5978,161.2267
featured_part_01567,15,7,68.3248,66.1834
featured_part_01569,1,0,12.0851,12.0838
featured_part_01570,2,1,9.7913,9.7625
featured_part_01573,7,6,20.0811,20.053
featured_part_01574,14,11,139.1304,139.0033
featured_part_01575,13,8,54.3089,54.2478
featured_part_01577,4,2,145.2609,142.8643
featured_part_01578,5,4,97.7958,97.6272
featured_part_01580,5,1,135.4489,135.3499
featured_part_01581,8,5,34.4914,34.4184
featured_part_01582,15,12,33.4406,32.0971
featured_part_01583,12,7,77.3305,75.9566
featured_part_01584,12,8,64.9073,64.1779
featured_part_01585,14,4,35.2305,34.5321
featured_part_01586,14,10,85.4947,84.0366
featured_part_01587,6,5,67.7814,67.69
featured_part_01588,2,0,0.3368,0.3336
featured_part_01589,15,11,11.6495,11.6125
featured_part_01590,11,5,50.626,50.3131
featured_part_01591,8,5,29.393,29.3532
featured_part_01592,10,5,79.564,79.1273
featured_part_01593,9,2,14.7971,14.759
featured_part_01594,6,1,28.9606,28.9503
featured_part_01595,13,11,38.7542,38.1897
featured_part_01596,15,11,44.8511,44.7237
featured_part_01598,2,1,17.3305,17.0158
featured_part_01599,9,7,20.8292,20.4923
featured_part_01600,12,9,60.9642,60.8991
featured_part_01601,4,2,70.8429,70.7545
featured_part_01602,3,1,22.7985,22.7617
featured_part_01603,3,2,15.5855,15.5557
featured_part_01604,8,6,59.4826,59.4277
featured_part_01605,8,4,36.9891,36.8993
featured_part_01606,5,3,35.6681,35.6608
featured_part_01607,2,0,19.8527,19.8504
featured_part_01609,12,2,52.9304,52.844
featured_part_01610,5,2,34.6402,34.5646
featured_part_01611,11,7,39.7471,39.1241
featured_part_01612,13,9,57.7292,56.5819
featured_part_01613,2,1,47.8076,47.7252
featured_part_01614,5,1,30.3456,30.2569
featured_part_01615,7,5,1.7142,1.698
featured_part_01616,12,7,115.6104,113.5215
featured_part_01617,5,4,160.5962,156.8181
featured_part_01619,17,11,52.8856,51.9462
featured_part_01620,30,24,58.5886,58.4685
featured_part_01621,2,1,29.4712,28.5085
featured_part_01622,7,3,51.5758,50.4501
featured_part_01623,12,4,76.6607,76.4102
featured_part_01625,8,5,24.854,24.8131
featured_part_01626,8,6,180.7353,178.9871
featured_part_01627,18,12,67.3528,66.2146
featured_part_01628,3,0,2.0919,2.0584
featured_part_01629,12,9,63.6917,62.4154
featured_part_01630,25,19,108.3091,108.1644
featured_part_01631,13,8,14.823,14.7768
featured_part_01632,11,8,36.256,36.0509
featured_part_01634,9,6,57.5941,57.5685
featured_part_01635,8,5,35.4199,35.4059
featured_part_01636,9,5,47.3161,47.2818
featured_part_01637,11,4,135.2927,132.6575
featured_part_01638,13,7,66.8887,66.8701
featured_part_01639,5,2,266.8401,265.9522
featured_part_01640,7,2,14.2496,14.2304
featured_part_01641,6,2,53.147,53.1317
featured_part_01642,15,11,94.8187,94.6715
featured_part_01643,3,1,133.9617,133.8094
featured_part_01644,1,0,20.7496,20.7472
featured_part_01645,1,0,13.0952,13.0946
featured_part_01646,9,6,67.7693,64.7917
featured_part_01647,8,6,153.2962,148.4826
featured_part_01648,8,6,24.3181,24.2379
featured_part_01649,3,2,7.1126,7.1094
featured_part_01650,6,4,48.5819,47.504
featured_part_01652,3,2,63.9206,62.3289
featured_part_01653,5,1,35.9771,35.9692
featured_part_01654,15,10,35.2674,34.3813
featured_part_01655,12,7,32.0264,31.6705
featured_part_01656,6,1,32.0369,31.9789
featured_part_01657,9,4,16.6638,16.6229
featured_part_01659,8,3,125.3418,125.2052
featured_part_01660,7,4,46.6631,46.6509
featured_part_01661,8,4,40.4903,38.5536
featured_part_01662,10,6,23.4458,23.4202
featured_part_01663,14,6,66.0283,65.1613
featured_part_01664,3,1,33.3767,33.3068
featured_part_01665,18,11,116.1479,115.9581
featured_part_01666,12,6,54.3821,53.2463
featured_part_01667,8,5,66.5423,66.5046
featured_part_01668,17,13,65.3167,65.2073
featured_part_01669,9,7,13.2463,13.1992
featured_part_01670,17,13,37.5648,35.9838
featured_part_01671,10,4,111.4199,111.2735
featured_part_01672,5,4,6.6652,6.6588
featured_part_01673,10,6,139.8242,139.5974
featured_part_01675,10,4,34.2117,34.0847
featured_part_01676,4,1,23.8519,23.8376
featured_part_01677,7,6,56.018,55.9417
featured_part_01678,9,5,154.6136,154.5111
featured_part_01679,8,4,55.0356,55.0201
featured_part_01681,4,3,29.3074,28.884
featured_part_01682,7,3,27.3127,27.297
featured_part_01683,11,8,43.6235,42.6606
featured_part_01684,7,2,45.2503,44.4093
featured_part_01685,16,12,44.6158,44.4628
featured_part_01686,8,4,2.5761,2.5641
featured_part_01687,9,5,40.0471,40.0322
featured_part_01688,10,6,71.3886,71.2314
featured_part_01689,3,1,11.4182,11.388
featured_part_01690,10,4,53.189,52.9599
featured_part_01692,11,8,105.7209,105.504
featured_part_01693,13,9,20.5039,19.5823
featured_part_01694,6,0,6.515,6.4442
featured_part_01695,12,7,42.5883,42.5
featured_part_01696,1,0,9.3426,9.3421
featured_part_01697,4,3,26.2065,25.1615
featured_part_01698,12,3,62.1596,60.6343
featured_part_01699,8,5,43.7342,43.6592
featured_part_01700,10,7,100.2161,96.128
featured_part_01701,6,2,140.9861,140.1086
featured_part_01702,12,4,42.9657,42.8703
featured_part_01704,6,5,48.3865,47.8769
featured_part_01705,6,4,25.8971,25.8691
featured_part_01706,1,0,2.6133,2.4917
featured_part_01707,18,12,134.8126,134.5958
featured_part_01708,6,3,57.5182,57.435
featured_part_01709,4,2,179.0585,178.947
featured_part_01710,7,2,3.0063,2.9551
featured_part_01711,7,6,14.5166,14.1203
featured_part_01712,16,12,81.8705,81.7544
featured_part_01713,12,9,50.0286,49.9264
featured_part_01714,14,10,28.0155,27.9749
featured_part_01715,6,3,31.0378,30.3114
featured_part_01716,16,12,53.2739,53.2084
featured_part_01718,4,2,20.6205,20.3676
featured_part_01719,8,6,35.3064,34.3709
featured_part_01720,6,4,22.0957,20.822
featured_part_01721,4,3,184.8285,183.6087
featured_part_01722,5,2,69.1427,68.5412
featured_part_01723,9,5,30.3935,30.3698
featured_part_01724,6,3,97.4349,97.2713
featured_part_01725,25,20,6.7341,6.6986
featured_part_01726,5,3,27.206,27.1707
featured_part_01727,5,2,46.969,46.9415
featured_part_01728,3,1,16.2426,16.2347
featured_part_01729,7,5,92.2024,92.0597
featured_part_01730,14,10,165.9944,164.8566
featured_part_01731,6,4,75.3481,72.2194
featured_part_01732,3,1,17.6778,17.6637
featured_part_01733,4,2,39.0061,38.9039
featured_part_01734,6,5,16.3572,16.324
featured_part_01735,5,3,24.2546,24.232
featured_part_01737,5,4,16.5927,16.5103
featured_part_01738,1,0,6.7049,6.7039
featured_part_01739,10,8,11.1355,11.0735
featured_part_01740,10,7,47.8134,47.7703
featured_part_01741,7,6,67.0951,66.1567
featured_part_01742,14,6,40.804,40.7089
featured_part_01743,15,4,81.5629,80.838
featured_part_01744,10,6,66.0835,66.0332
featured_part_01745,9,4,62.2141,60.3469
featured_part_01746,6,1,36.5847,35.5992
featured_part_01747,18,14,34.9494,34.8877
featured_part_01748,8,5,28.1301,28.0864
featured_part_01749,11,8,29.3517,28.634
featured_part_01750,7,3,23.8309,23.4856
featured_part_01751,16,10,18.7806,18.7445
featured_part_01752,9,3,10.1496,9.9974
featured_part_01753,5,3,318.2437,318.0433
featured_part_01754,6,3,59.2966,57.1719
featured_part_01755,18,13,61.6926,59.3466
featured_part_01756,7,5,22.3081,22.1656
featured_part_01757,13,10,58.4464,58.3614
featured_part_01758,9,8,21.0359,20.9593
featured_part_01760,6,4,39.142,39.0834
featured_part_01761,6,5,10.9636,10.7948
featured_part_01762,8,2,159.6169,153.6694
featured_part_01763,7,5,164.3991,157.8495
featured_part_01764,5,2,40.5741,38.4419
featured_part_01765,10,5,79.8131,79.7424
featured_part_01766,7,3,50.4157,50.351
featured_part_01767,14,9,57.7337,56.9327
featured_part_01768,16,9,85.0051,84.8976
featured_part_01769,9,3,17.2372,17.2167
featured_part_01770,15,12,82.5194,80.0529
featured_part_01771,8,5,48.728,48.4122
featured_part_01772,11,8,67.1927,65.9351
featured_part_01773,15,9,145.4097,145.296
featured_part_01774,15,9,45.1637,44.9674
featured_part_01775,19,13,54.6975,54.5858
featured_part_01776,19,15,31.9708,30.6899
featured_part_01777,14,11,71.7364,70.7847
featured_part_01778,16,13,108.9193,108.7825
featured_part_01779,13,3,60.7829,60.0566
featured_part_01780,7,3,21.941,21.8144
featured_part_01781,3,0,34.3496,34.3443
featured_part_01782,4,3,73.9818,71.7023
featured_part_01783,13,9,103.4425,102.8176
featured_part_01784,5,2,335.836,335.6456
featured_part_01785,10,6,112.9869,112.8493
featured_part_01786,11,7,29.8161,29.7757
featured_part_01787,9,4,218.6548,218.551
featured_part_01788,10,5,114.3114,114.1609
featured_part_01789,1,0,6.3102,6.31
featured_part_01790,8,3,48.466,48.3481
featured_part_01791,16,11,210.2102,209.3062
featured_part_01792,10,6,260.8519,257.3883
featured_part_01793,8,3,49.1614,49.0661
featured_part_01794,14,9,89.1234,89.0033
featured_part_01795,8,2,50.6946,49.9547
featured_part_01797,9,7,63.065,62.9319
featured_part_01798,7,5,18.9747,18.7943
featured_part_01800,11,6,37.7517,37.7087
featured_part_01801,13,9,36.6439,36.5472
featured_part_01802,6,3,74.2161,74.0902
featured_part_01803,12,4,148.1855,148.031
featured_part_01804,16,11,23.142,23.1068
featured_part_01805,3,2,34.4369,34.4066
featured_part_01807,2,1,11.7457,11.1542
featured_part_01811,14,10,108.4788,108.1858
featured_part_01812,8,5,29.3781,28.6829
featured_part_01813,2,0,12.4013,12.3993
featured_part_01815,11,8,46.4889,46.4197
featured_part_01816,8,4,98.2339,98.01
featured_part_01817,7,2,10.0355,9.9917
featured_part_01818,7,6,13.8476,13.7891
featured_part_01820,7,6,16.9922,16.9798
featured_part_01821,2,0,11.3385,11.3372
featured_part_01822,15,11,24.6406,24.3414
featured_part_01823,28,22,58.9513,57.6684
featured_part_01824,1,0,6.6793,6.6664
featured_part_01826,8,7,234.8297,230.6659
featured_part_01827,4,2,34.1093,34.0895
featured_part_01829,20,7,76.9211,74.3871
featured_part_01830,9,2,20.3667,20.1927
featured_part_01831,11,7,84.6204,84.528
featured_part_01832,8,5,53.7812,53.6848
featured_part_01833,6,3,49.9318,49.8332
featured_part_01834,8,3,56.4946,56.4046
featured_part_01835,8,7,37.0103,36.9694
featured_part_01836,12,3,71.0166,70.9326
featured_part_01837,12,5,148.5079,148.111
featured_part_01838,6,4,31.6708,31.6596
featured_part_01839,10,5,34.2285,34.19
featured_part_01840,4,2,80.1214,80.025
featured_part_01841,13,8,45.1516,44.1842
featured_part_01842,10,7,105.7428,102.2322
featured_part_01843,18,14,129.0136,128.8595
featured_part_01844,12,8,68.3422,68.2469
featured_part_01845,15,5,36.2597,35.5808
featured_part_01846,3,1,35.8352,35.7984
featured_part_01847,19,14,34.1701,34.1273
featured_part_01848,9,2,30.3113,30.2963
featured_part_01849,6,4,113.9249,113.8086
featured_part_01851,2,0,32.027,32.0221
featured_part_01853,6,5,101.4757,101.3712
featured_part_01855,17,14,42.9316,41.887
featured_part_01856,3,2,26.9007,26.8334
featured_part_01857,17,11,39.0102,38.801
featured_part_01858,4,3,10.8669,10.842
featured_part_01859,3,1,37.9867,37.9219
featured_part_01860,6,4,269.6709,266.4836
featured_part_01861,14,10,412.2267,411.9206
featured_part_01862,9,6,59.6493,57.7041
featured_part_01863,7,5,327.2343,324.1887
featured_part_01865,12,5,99.1157,98.8409
featured_part_01866,7,4,94.0811,93.9435
featured_part_01867,12,6,111.7114,110.8785
featured_part_01868,9,3,95.2479,94.6569
featured_part_01869,12,3,20.4479,20.4026
featured_part_01871,10,5,22.3501,22.2881
featured_part_01872,6,4,21.9418,21.908
featured_part_01873,2,1,14.2221,14.2081
featured_part_01874,17,13,60.1132,57.8141
featured_part_01875,21,16,97.3804,95.9958
featured_part_01876,16,11,49.6909,49.6453
featured_part_01877,7,5,69.231,69.1098
featured_part_01878,9,7,82.203,82.1356
featured_part_01879,6,3,44.4,43.5167
featured_part_01880,7,5,78.2543,78.0835
featured_part_01881,11,8,50.3335,50.3157
featured_part_01882,10,8,93.1616,93.0302
featured_part_01884,1,0,8.7533,8.7163
featured_part_01885,9,8,28.0072,27.9212
featured_part_01886,5,3,28.7437,28.7241
featured_part_01887,10,2,27.6538,27.6387
featured_part_01888,11,7,30.0848,30.068
featured_part_01890,4,2,153.2566,146.2908
featured_part_01891,15,6,167.4162,165.0771
featured_part_01892,5,4,22.7279,22.6541
featured_part_01895,3,2,117.4975,117.3762
featured_part_01896,9,4,11.1491,11.1123
featured_part_01897,1,0,18.6407,18.6402
featured_part_01899,6,2,58.6209,58.5337
featured_part_01901,13,2,2.312,2.2651
featured_part_01903,14,9,66.7826,66.717
featured_part_01904,9,7,23.9338,23.8228
featured_part_01905,13,9,56.6897,56.6639
featured_part_01906,11,7,28.4703,28.4407
featured_part_01907,1,0,0.3575,0.3559
featured_part_01908,11,4,50.3427,50.2854
featured_part_01909,2,0,22.5461,22.5425
featured_part_01910,3,2,18.3549,18.3073
featured_part_01911,5,3,177.2278,177.0183
featured_part_01913,5,1,11.3177,11.2323
featured_part_01914,6,1,34.565,34.5571
featured_part_01915,8,5,93.9202,92.0683
featured_part_01916,7,5,10.6257,10.5929
featured_part_01917,18,13,21.775,21.7449
featured_part_01918,5,4,71.283,71.1198
featured_part_01920,15,11,92.4848,90.955
featured_part_01922,10,6,76.8849,76.8261
featured_part_01923,5,4,1.902,1.8836
featured_part_01924,9,2,30.0505,29.9574
featured_part_01925,14,10,46.8609,46.0817
featured_part_01926,10,3,63.51,63.4533
featured_part_01927,9,6,57.0892,56.5313
featured_part_01928,10,8,42.6566,42.5957
featured_part_01929,9,4,51.3285,51.1921
featured_part_01931,14,2,13.571,13.3439
featured_part_01932,16,12,147.2924,147.0902
featured_part_01933,8,2,40.082,40.0424
featured_part_01934,11,8,109.3683,107.8371
featured_part_01935,7,3,40.8971,40.8677
featured_part_01936,7,2,40.1033,40.0683
featured_part_01937,16,13,48.0202,47.921
featured_part_01938,6,4,94.3506,94.2586
featured_part_01940,3,2,15.9172,15.8496
featured_part_01941,17,9,240.7948,238.3603
featured_part_01942,7,2,49.6337,49.5624
featured_part_01943,6,3,131.8138,130.5022
featured_part_01944,11,7,41.8879,41.8129
featured_part_01945,4,3,32.4027,32.3604
featured_part_01946,3,2,24.2208,23.9451
featured_part_01947,2,1,15.7968,15.7646
featured_part_01948,14,9,70.7566,70.6241
featured_part_01949,6,5,164.573,162.8642
featured_part_01952,15,3,63.6962,62.8375
featured_part_01953,12,8,4.4298,4.3111
featured_part_01954,10,7,143.9696,139.8312
featured_part_01956,7,2,223.026,222.9128
featured_part_01957,10,3,53.6396,53.5563
featured_part_01958,5,2,118.3025,114.6487
featured_part_01961,4,1,24.966,24.8315
featured_part_01962,12,6,101.5141,100.3024
featured_part_01963,10,4,60.9602,60.8243
featured_part_01964,9,7,24.9168,24.8527
featured_part_01966,5,1,76.1586,76.0894
featured_part_01967,2,1,6.4898,6.333
featured_part_01968,14,7,24.1178,24.0412
featured_part_01970,9,6,13.174,13.1569
featured_part_01971,11,2,54.937,54.8851
featured_part_01972,4,3,40.0088,39.554
featured_part_01973,5,1,17.2828,17.2612
featured_part_01974,12,8,173.1211,173.0065
featured_part_01975,17,11,133.715,133.616
featured_part_01976,2,0,44.5195,44.5174
featured_part_01977,18,11,35.8759,35.7638
featured_part_01979,1,0,0.1428,0.1412
featured_part_01980,7,6,230.2279,228.4539
featured_part_01981,9,3,54.1436,54.0877
featured_part_01982,9,5,49.1562,48.0142
featured_part_01983,4,3,9.0613,9.0384
featured_part_01984,6,2,91.7969,91.7039
featured_part_01985,12,9,40.9,40.8456
featured_part_01986,16,9,23.593,23.1379
featured_part_01987,6,3,40.5867,40.5505
featured_part_01989,10,8,59.2124,56.8518
featured_part_01990,16,11,50.1496,50.0606
featured_part_01991,10,7,29.3404,29.1927
featured_part_01992,15,12,5.636,5.6108
featured_part_01994,8,4,92.5351,88.5997
featured_part_01996,6,1,28.6198,28.5839
featured_part_01997,7,5,30.6049,30.5535
featured_part_01998,5,3,48.7645,48.6976
featured_part_01999,22,16,40.4321,39.9874
featured_part_02000,21,15,101.3599,101.2162
featured_part_02001,7,4,27.061,26.9949
featured_part_02003,9,2,35.8947,33.9903
featured_part_02004,7,6,48.3577,46.2185
featured_part_02005,23,16,56.1966,55.9864
featured_part_02006,10,8,54.9929,52.331
featured_part_02007,8,4,52.5315,52.4471
featured_part_02008,13,9,48.9395,48.8167
featured_part_02009,9,5,58.6623,58.5895
featured_part_02010,2,1,38.9864,38.9433
featured_part_02011,4,2,28.7649,28.7369
featured_part_02012,4,2,1.7188,1.7006
featured_part_02013,5,1,194.3608,194.2254
featured_part_02014,10,6,60.7725,59.1694
featured_part_02015,12,7,61.4356,61.3171
featured_part_02016,10,7,69.3435,66.4485
featured_part_02017,18,10,55.3374,55.2172
featured_part_02018,9,5,19.2414,19.1831
featured_part_02019,5,2,63.6372,63.5807
featured_part_02020,4,2,26.1379,24.9271
featured_part_02022,4,1,47.1058,47.0678
featured_part_02023,10,6,31.3177,30.7148
featured_part_02024,4,2,20.5711,20.5445
featured_part_02025,20,5,34.6469,34.5785
featured_part_02026,3,0,32.8374,32.8333
featured_part_02027,7,4,57.4649,57.413
featured_part_02029,6,3,27.6384,27.5836
featured_part_02030,17,13,76.9068,75.293
featured_part_02031,3,2,181.1827,181.0284
featured_part_02033,2,1,42.409,42.376
featured_part_02034,6,5,61.705,61.5985
featured_part_02035,11,6,35.7095,35.0043
featured_part_02036,9,6,50.6732,48.7247
featured_part_02038,12,9,44.7477,44.1109
featured_part_02039,1,0,11.6805,11.6787
featured_part_02040,6,4,1.3885,1.3793
featured_part_02041,18,14,110.8004,108.7079
featured_part_02042,11,8,36.3863,36.3423
featured_part_02043,10,8,6.809,6.6851
featured_part_02045,9,7,42.7983,41.5774
featured_part_02046,7,4,49.9019,48.0178
featured_part_02047,4,2,109.9304,105.8565
featured_part_02048,12,9,3.3402,3.3143
featured_part_02049,2,1,25.7193,25.7044
featured_part_02050,5,2,60.1555,58.9506
featured_part_02051,14,4,37.6433,37.5597
featured_part_02052,3,2,9.3892,9.3523
featured_part_02053,6,4,12.7206,12.5491
featured_part_02054,6,5,81.279,81.1421
featured_part_02056,12,9,3.157,3.1402
featured_part_02059,5,2,24.293,24.2608
featured_part_02060,3,1,14.9033,14.8716
featured_part_02061,14,8,62.7023,61.7976
featured_part_02063,21,13,106.4771,106.2169
featured_part_02064,5,3,85.6815,83.482
featured_part_02065,8,4,63.6914,63.6356
featured_part_02066,4,2,21.2089,20.9264
featured_part_02067,3,2,43.5643,42.4492
featured_part_02068,4,1,35.5816,35.5495
featured_part_02069,3,1,37.1848,35.8305
featured_part_02070,6,3,35.2101,35.018
featured_part_02072,5,3,18.774,18.3479
featured_part_02073,7,2,62.2894,62.2393
featured_part_02074,19,9,47.4573,47.3158
featured_part_02075,13,11,165.4789,164.6332
featured_part_02076,7,4,17.0232,16.991
featured_part_02077,6,4,47.6745,46.0571
featured_part_02079,2,1,3.3228,3.3212
featured_part_02080,7,5,53.4473,51.9005
featured_part_02081,17,10,46.0661,45.6977
featured_part_02082,10,3,32.2529,32.2166
featured_part_02083,20,15,19.702,19.6275
featured_part_02084,13,9,14.2369,14.214
featured_part_02085,3,0,47.3794,47.3742
featured_part_02088,5,3,32.6884,32.6801
featured_part_02089,8,6,23.932,23.8918
featured_part_02090,7,4,64.9173,64.7919
featured_part_02091,2,1,106.8148,106.7363
featured_part_02092,15,10,43.6284,43.5435
featured_part_02093,5,3,275.7211,275.4338
featured_part_02094,15,4,38.1257,37.8539
featured_part_02095,9,4,50.683,50.5797
featured_part_02096,2,1,12.9086,12.8897
featured_part_02097,32,26,52.9009,51.3018
featured_part_02098,14,5,45.5179,45.4143
featured_part_02099,7,4,93.5332,90.7684
featured_part_02100,10,5,102.201,100.457
featured_part_02101,21,12,6.6238,6.4356
featured_part_02103,10,7,13.8795,13.7566
featured_part_02104,15,10,22.0433,22.0223
featured_part_02105,2,1,68.065,68.0207
featured_part_02106,8,6,19.8497,19.7269
featured_part_02107,11,8,33.0985,32.2702
featured_part_02108,7,6,23.6285,23.6159
featured_part_02109,15,10,105.5773,105.0058
featured_part_02110,10,7,57.5601,57.3532
featured_part_02111,8,6,95.504,91.3062
featured_part_02114,5,1,50.4981,49.991
featured_part_02115,12,6,26.0273,25.9824
featured_part_02116,8,2,22.4382,21.6455
featured_part_02118,4,3,29.4959,29.446
featured_part_02119,21,15,42.1391,42.0074
featured_part_02120,4,2,45.3046,44.8141
featured_part_02121,5,1,45.0846,43.9716
featured_part_02122,5,2,87.6676,87.5103
featured_part_02123,9,8,129.575,129.39
featured_part_02124,15,11,154.793,149.5994
featured_part_02125,19,15,112.7062,111.0213
featured_part_02126,6,5,168.6159,165.7455
featured_part_02127,3,2,28.9366,28.904
featured_part_02128,12,9,43.5846,43.4899
featured_part_02129,5,3,76.3093,74.9066
featured_part_02130,9,1,58.5705,57.7972
featured_part_02131,15,9,37.0762,36.9952
featured_part_02133,6,4,19.4768,18.9582
featured_part_02135,6,1,38.3101,37.7374
featured_part_02136,17,10,87.5006,87.0245
featured_part_02138,15,9,85.8698,83.9709
featured_part_02140,7,3,83.2562,82.7319
featured_part_02141,3,1,29.5982,28.9543
featured_part_02142,15,10,59.3051,56.7072
featured_part_02143,9,6,34.361,34.3168
featured_part_02144,16,8,39.8518,39.8295
featured_part_02145,4,1,40.8563,40.8035
featured_part_02146,7,4,23.7435,23.1106
featured_part_02147,6,1,43.9855,43.9322
featured_part_02148,18,13,49.9921,49.5639
featured_part_02149,5,1,72.4039,70.1013
featured_part_02150,4,1,37.7248,37.6517
featured_part_02151,5,3,23.0988,23.0863
featured_part_02152,4,2,218.8225,218.5919
featured_part_02154,8,4,110.031,109.9474
featured_part_02155,6,4,86.1464,85.6743
featured_part_02158,16,11,62.4847,62.3577
featured_part_02159,5,3,150.6487,145.8286
featured_part_02160,5,1,27.6661,27.6478
featured_part_02161,7,3,74.0768,72.2289
featured_part_02162,5,4,24.4608,24.4188
featured_part_02164,4,2,5.7173,5.6857
featured_part_02165,2,0,17.1124,17.1105
featured_part_02166,6,3,199.1677,198.9483
featured_part_02167,13,9,57.0148,56.96
featured_part_02168,6,4,30.8221,30.7959
featured_part_02169,12,7,126.4757,125.509
featured_part_02170,8,4,31.5835,31.0742
featured_part_02171,6,3,26.4394,26.4069
featured_part_02172,12,8,142.1516,142.0458
featured_part_02173,1,0,6.732,6.345
featured_part_02175,7,3,15.8999,15.4129
featured_part_02176,14,10,115.8397,115.7809
featured_part_02177,6,4,38.6331,38.5315
featured_part_02179,4,2,67.9427,67.8752
featured_part_02180,10,9,59.1717,58.8868
featured_part_02181,14,3,80.3518,79.9192
featured_part_02182,5,3,10.7396,10.675
featured_part_02184,18,11,32.0648,31.9433
featured_part_02185,5,4,15.2849,15.2769
featured_part_02186,11,7,37.9485,37.7359
featured_part_02187,9,4,160.9158,157.5399
featured_part_02188,14,9,218.374,218.0087
featured_part_02189,10,7,94.7406,94.0233
featured_part_02190,13,7,16.9905,16.943
featured_part_02191,14,10,34.3326,34.2528
featured_part_02193,5,4,19.0371,18.9803
featured_part_02194,5,2,20.1992,20.191
featured_part_02195,7,1,20.0655,20.0554
featured_part_02196,3,1,15.2376,15.1807
featured_part_02197,17,9,111.9642,111.881
featured_part_02200,13,9,19.2892,19.2212
featured_part_02201,7,4,56.9806,54.7254
featured_part_02202,8,5,30.4602,30.4219
featured_part_02203,6,4,34.3137,34.2618
featured_part_02204,11,2,20.4825,20.2397
featured_part_02205,12,6,48.4318,47.5044
featured_part_02206,8,5,46.9094,45.7079
featured_part_02207,23,18,35.6411,35.5723
featured_part_02209,3,1,41.1352,41.109
featured_part_02210,16,4,121.9823,121.7383
featured_part_02211,9,7,36.0578,35.8712
featured_part_02212,8,2,68.9337,66.1472
featured_part_02213,7,1,43.6839,43.0278
featured_part_02214,11,6,137.542,137.3748
featured_part_02215,4,3,26.0703,25.6727
featured_part_02216,8,2,98.8052,97.7401
featured_part_02217,7,2,13.9116,13.8675
featured_part_02218,5,2,37.5554,37.5115
featured_part_02219,4,2,50.1821,50.1404
featured_part_02220,12,5,52.6431,51.3434
featured_part_02221,6,3,88.7356,87.1108
featured_part_02222,12,8,38.2403,37.7169
featured_part_02223,13,9,76.8424,74.7616
featured_part_02224,9,7,17.4065,17.3829
featured_part_02225,6,1,3.9528,3.9099
featured_part_02226,8,7,50.1245,50.0385
featured_part_02227,10,4,40.2675,40.1982
featured_part_02228,8,4,24.8494,24.8038
featured_part_02229,9,3,69.6979,68.9447
featured_part_02230,4,2,75.3661,75.2693
featured_part_02231,14,8,63.9495,63.5193
featured_part_02232,3,1,44.3881,44.317
featured_part_02233,1,0,11.9907,11.9656
featured_part_02234,9,4,56.799,56.7494
featured_part_02235,3,2,1.4305,1.4207
featured_part_02236,11,3,90.8786,90.5609
featured_part_02239,5,4,10.1778,10.1696
featured_part_02240,7,5,35.6179,35.5512
featured_part_02241,19,16,151.1459,150.8473
featured_part_02242,2,1,72.1081,72.0159
featured_part_02243,8,5,47.1822,47.0601
featured_part_02244,10,8,2.7751,2.7609
featured_part_02246,13,8,47.255,46.6008
featured_part_02247,5,2,119.5918,114.9785
featured_part_02248,4,3,12.5201,12.3706
featured_part_02250,12,7,90.8776,90.638
featured_part_02252,5,3,11.6316,11.625
featured_part_02255,11,7,42.5012,42.0875
featured_part_02256,3,1,29.5501,29.5328
featured_part_02257,4,2,21.5347,21.4411
featured_part_02258,3,2,11.0288,10.9799
featured_part_02259,9,7,16.3412,16.2924
featured_part_02261,6,4,69.9873,69.8735
featured_part_02262,9,8,176.7313,176.5012
featured_part_02263,12,5,148.6469,147.1275
featured_part_02264,4,2,45.3829,43.9132
featured_part_02266,7,5,156.4913,156.343
featured_part_02267,10,7,157.9195,157.3957
featured_part_02268,6,4,95.2836,94.3316
featured_part_02269,4,2,79.1922,76.9219
featured_part_02270,13,10,15.7748,15.72
featured_part_02271,15,12,9.0611,9.0137
featured_part_02272,2,0,19.5528,19.5507
featured_part_02273,6,1,9.6465,9.2214
featured_part_02275,8,6,102.4933,101.901
featured_part_02276,20,9,121.8489,121.514
featured_part_02277,8,3,135.3674,130.6417
featured_part_02278,4,1,27.4779,27.2802
featured_part_02279,9,7,16.0363,16.0002
featured_part_02280,16,12,35.447,34.8436
featured_part_02281,21,13,222.2162,214.9986
featured_part_02282,13,8,29.3549,29.2941
featured_part_02283,23,17,44.1593,44.0189
featured_part_02284,2,0,6.8809,6.6602
featured_part_02285,9,4,3.9002,3.8662
featured_part_02286,6,3,30.1678,29.6852
featured_part_02287,12,8,216.8407,211.893
featured_part_02288,6,3,94.2599,92.2779
featured_part_02289,4,2,24.9108,24.5324
featured_part_02290,7,5,13.4414,13.4165
featured_part_02291,11,6,68.176,66.933
featured_part_02292,5,1,6.1375,6.1326
featured_part_02293,14,11,64.0727,63.9933
featured_part_02294,9,5,18.0554,17.9998
featured_part_02295,2,1,2.3708,2.3611
featured_part_02296,6,2,159.221,159.0775
featured_part_02298,7,4,27.0011,25.651
featured_part_02299,9,7,18.1417,18.0842
featured_part_02300,10,8,22.8053,22.7852
featured_part_02301,16,7,52.0773,51.1914
featured_part_02302,6,3,72.0402,71.5288
featured_part_02303,8,5,60.7759,60.7001
featured_part_02304,13,8,75.8656,75.1105
featured_part_02305,20,11,93.5074,93.3724
featured_part_02306,8,2,85.7502,85.501
featured_part_02308,11,7,112.5385,110.8465
featured_part_02309,11,7,36.6158,36.5893
featured_part_02311,15,10,80.2643,80.0947
featured_part_02312,19,13,40.7264,40.6934
featured_part_02313,3,2,59.1925,58.6139
featured_part_02314,11,5,24.6809,24.626
featured_part_02315,4,3,102.8159,100.306
featured_part_02316,14,7,26.4341,26.273
featured_part_02317,11,7,13.9965,13.9358
featured_part_02318,28,21,39.5896,39.5412
featured_part_02319,13,5,76.0416,75.9316
featured_part_02320,5,3,35.5002,35.4208
featured_part_02321,18,10,16.2223,16.1865
featured_part_02322,4,2,41.7182,41.6337
featured_part_02323,1,0,9.0784,9.078
featured_part_02324,8,6,23.6775,23.6307
featured_part_02325,5,4,21.4764,21.3964
featured_part_02326,8,3,75.4505,73.012
featured_part_02327,35,25,329.4497,329.078
featured_part_02328,14,8,78.5036,78.3908
featured_part_02329,3,0,0.3928,0.388
featured_part_02331,8,5,166.0084,160.0396
featured_part_02332,4,2,64.635,64.5709
featured_part_02335,18,11,160.1458,158.3411
featured_part_02336,7,3,121.2333,121.0959
featured_part_02337,5,3,32.9887,32.9157
featured_part_02338,13,9,41.6169,41.4025
featured_part_02339,2,1,76.3209,74.0805
featured_part_02340,10,4,187.4444,187.3397
featured_part_02341,16,8,87.6675,87.5518
featured_part_02342,13,7,66.7718,66.6402
featured_part_02343,11,4,25.4787,25.4155
featured_part_02344,5,3,1.2143,1.2067
featured_part_02345,7,3,67.2166,67.1948
featured_part_02346,4,1,30.3675,30.3628
featured_part_02347,9,6,48.4787,47.2137
featured_part_02348,3,1,14.561,14.4565
featured_part_02349,3,1,112.8085,109.6889
featured_part_02350,5,4,53.9963,52.6798
featured_part_02351,6,2,40.683,40.1381
featured_part_02352,8,4,52.5854,51.4052
featured_part_02353,7,2,25.0134,24.7375
featured_part_02354,10,8,33.8473,33.7345
featured_part_02355,10,7,59.5396,58.7133
featured_part_02356,11,3,110.3751,110.3001
featured_part_02357,5,2,115.8804,115.7823
featured_part_02358,16,8,80.6522,79.653
featured_part_02359,5,4,13.2672,13.2245
featured_part_02361,16,12,55.4274,55.3983
featured_part_02362,22,14,64.4721,64.3907
featured_part_02363,7,3,38.6189,37.3947
featured_part_02364,15,7,39.4652,39.423
featured_part_02365,4,3,22.2432,22.1891
featured_part_02367,11,5,68.8166,68.7155
featured_part_02368,13,9,76.608,76.3553
featured_part_02369,14,11,53.9274,53.8279
featured_part_02370,5,2,38.4034,38.3407
featured_part_02371,16,5,139.1784,137.7751
featured_part_02372,2,1,35.2524,33.7638
featured_part_02374,26,18,234.3386,232.9057
featured_part_02375,7,3,35.1799,34.6961
featured_part_02376,1,0,3.7289,3.7165
featured_part_02377,10,8,42.927,42.8435
featured_part_02379,17,5,70.4722,69.5808
featured_part_02380,11,7,220.5833,214.9652
featured_part_02381,7,1,35.6652,35.6536
featured_part_02382,3,2,26.5275,26.4706
featured_part_02383,13,5,25.67,25.5988
featured_part_02384,6,1,45.7445,45.709
featured_part_02385,16,13,185.0421,184.831
featured_part_02386,7,5,154.0701,153.5821
featured_part_02388,6,5,9.138,9.1012
featured_part_02389,4,3,10.2711,9.9564
featured_part_02390,6,3,300.4106,300.2065
featured_part_02391,8,3,112.7893,112.6921
featured_part_02393,2,1,61.9722,61.9347
featured_part_02394,13,6,21.6358,21.5984
featured_part_02395,24,17,52.6939,52.0089
featured_part_02396,2,1,28.8205,28.7691
featured_part_02397,6,2,16.4681,16.4248
featured_part_02398,10,8,31.2476,31.1871
featured_part_02399,6,3,169.1721,168.9938
featured_part_02401,14,5,64.0316,63.9163
featured_part_02402,4,0,39.8808,39.8757
featured_part_02403,7,2,22.8435,22.8055
featured_part_02404,5,3,58.1421,58.0633
featured_part_02406,11,7,26.9062,26.8172
featured_part_02407,3,2,38.6566,38.6051
featured_part_02408,5,1,9.3226,8.8684
featured_part_02409,10,7,42.7893,42.6601
featured_part_02410,18,15,6.2031,6.1612
featured_part_02411,5,2,43.6114,43.5429
featured_part_02412,11,8,22.4974,22.4463
featured_part_02413,6,5,79.4826,75.861
featured_part_02414,16,13,17.2632,17.2348
featured_part_02415,6,5,83.2397,83.1356
featured_part_02416,11,10,94.762,94.6838
featured_part_02417,1,0,10.4867,10.473
featured_part_02418,24,18,24.1063,24.0611
featured_part_02419,6,4,46.2834,46.1921
featured_part_02421,8,6,15.2797,15.2673
featured_part_02422,4,2,47.1865,47.1125
featured_part_02423,7,3,22.9571,22.9337
featured_part_02424,12,4,39.6878,39.1651
featured_part_02425,14,10,186.0064,185.8334
featured_part_02426,3,2,20.9849,20.9625
featured_part_02427,10,5,247.9061,247.695
featured_part_02428,7,2,53.8604,52.1749
featured_part_02429,11,8,32.9298,32.8577
featured_part_02430,16,12,71.7713,70.993
featured_part_02431,14,10,88.9358,88.6489
featured_part_02432,13,9,38.3294,38.0486
featured_part_02433,7,5,55.4431,55.3312
featured_part_02434,8,5,275.5968,269.4746
featured_part_02435,11,8,200.7658,200.5141
featured_part_02436,12,10,36.2369,36.1857
featured_part_02437,4,3,0.9535,0.9473
featured_part_02438,5,2,67.9629,67.9137
featured_part_02439,10,5,49.818,48.7007
featured_part_02440,12,6,102.0783,101.9399
featured_part_02441,15,8,62.8545,61.6175
featured_part_02442,6,4,23.0768,23.0565
featured_part_02443,10,7,9.8645,9.8319
featured_part_02444,11,2,70.5398,70.4347
featured_part_02445,23,16,67.1069,66.8875
featured_part_02447,11,6,53.1573,51.1072
featured_part_02448,11,4,203.4532,203.2221
featured_part_02449,1,0,1.7816,1.7811
featured_part_02451,23,16,44.2043,44.1077
featured_part_02452,25,16,53.2071,53.045
featured_part_02453,12,5,42.7132,42.6203
featured_part_02454,9,8,112.9165,112.7904
featured_part_02455,5,3,16.9235,16.8357
featured_part_02457,2,1,60.0012,59.9242
featured_part_02458,10,8,11.0233,10.4376
featured_part_02459,13,4,28.7791,28.7388
featured_part_02460,8,6,31.6103,31.564
featured_part_02461,13,5,74.7894,72.5977
featured_part_02462,3,1,23.1523,23.139
featured_part_02463,11,6,43.0664,43.0005
featured_part_02464,1,0,8.7168,8.7018
featured_part_02465,7,5,160.7621,159.6697
featured_part_02466,12,9,48.8244,46.4683
featured_part_02468,10,7,52.5565,52.5091
featured_part_02469,14,8,32.7363,32.6937
featured_part_02470,8,6,49.3213,48.4701
featured_part_02471,5,3,52.2802,50.0971
featured_part_02472,9,6,45.4394,45.4075
featured_part_02473,5,2,32.8918,32.8381
featured_part_02474,17,13,96.6979,93.3647
featured_part_02475,16,8,98.907,98.7134
featured_part_02476,17,14,288.2087,287.3222
featured_part_02477,14,9,59.3567,58.6033
featured_part_02478,7,3,48.2135,48.19
featured_part_02479,7,5,25.5101,25.4507
featured_part_02480,12,8,78.1934,78.0158
featured_part_02482,6,1,70.2111,69.0634
featured_part_02483,6,5,19.3731,19.3639
featured_part_02484,7,4,67.2757,67.1618
featured_part_02485,7,3,27.5355,27.5011
featured_part_02486,9,6,51.4144,51.3331
featured_part_02487,5,2,72.7657,72.7538
featured_part_02488,4,3,43.3951,41.3799
featured_part_02489,3,2,40.3584,38.4373
featured_part_02490,7,3,104.9869,101.5572
featured_part_02491,6,5,6.5058,6.4968
featured_part_02492,18,15,40.3925,40.336
featured_part_02493,21,16,22.1429,22.0586
featured_part_02494,13,8,131.1898,131.0755
featured_part_02495,5,3,57.278,57.1679
featured_part_02497,14,9,99.6816,99.5153
featured_part_02499,13,10,27.2642,27.184
featured_part_02500,8,6,1.548,1.5315
featured_part_02501,17,8,87.5332,86.4094
featured_part_02502,11,3,38.2235,38.186
featured_part_02503,16,13,62.0885,60.2804
featured_part_02505,11,4,52.3013,51.7612
featured_part_02506,5,3,60.717,59.4454
featured_part_02507,5,1,55.6741,55.6538
featured_part_02508,15,9,92.9849,91.8373
featured_part_02509,10,6,190.1952,183.1173
featured_part_02510,6,4,17.3309,17.2504
featured_part_02512,4,2,48.4136,48.3846
featured_part_02513,9,6,14.3278,14.3095
featured_part_02514,8,5,45.7826,45.6836
featured_part_02516,13,10,26.5822,26.5124
featured_part_02517,6,4,37.0986,37.0634
featured_part_02518,15,8,66.8033,66.6988
featured_part_02519,10,6,65.8214,65.4289
featured_part_02520,15,10,56.3614,55.7387
featured_part_02521,7,3,76.396,76.3139
featured_part_02524,10,7,11.1811,11.146
featured_part_02525,6,1,77.4032,77.3501
featured_part_02526,16,11,29.7624,28.9752
featured_part_02527,6,3,127.4355,127.3499
featured_part_02528,4,2,25.3046,24.8562
featured_part_02529,4,1,62.3251,61.1229
featured_part_02530,27,22,35.9002,35.8347
featured_part_02531,19,12,280.3296,278.7168
featured_part_02532,6,2,35.3667,35.3151
featured_part_02533,5,3,38.9497,38.9013
featured_part_02534,7,2,102.7289,102.6028
featured_part_02535,24,19,204.7953,203.9202
featured_part_02536,3,1,26.2674,26.2416
featured_part_02537,9,5,40.1256,39.999
featured_part_02538,12,7,40.7515,40.6611
featured_part_02539,9,3,44.3101,42.9137
featured_part_02540,13,8,99.1731,97.9323
featured_part_02541,4,2,106.6504,106.5717
featured_part_02542,11,6,394.7807,393.8627
featured_part_02543,5,2,84.567,84.458
featured_part_02544,15,9,49.9799,48.9413
featured_part_02546,17,9,55.4608,54.6407
featured_part_02547,4,3,18.9345,18.5706
featured_part_02548,4,2,66.0581,65.9677
featured_part_02552,5,2,96.0355,92.8598
featured_part_02553,10,5,97.751,96.7584
featured_part_02554,14,10,20.3714,19.8152
featured_part_02555,4,2,27.3454,27.2712
featured_part_02556,6,3,45.7931,45.7618
featured_part_02557,10,8,19.4351,19.3848
featured_part_02558,7,4,15.6171,15.5045
featured_part_02559,10,2,16.168,16.1121
featured_part_02560,5,1,144.8011,144.6915
featured_part_02561,4,3,66.3138,66.2742
featured_part_02562,10,2,93.9403,92.7027
featured_part_02563,8,3,158.8905,158.7618
featured_part_02564,6,3,100.8277,100.6799
featured_part_02565,15,11,21.9409,21.8882
featured_part_02566,15,11,52.9207,52.8202
featured_part_02567,25,18,89.4407,89.364
featured_part_02568,18,13,228.639,225.7355
featured_part_02569,11,9,31.1922,30.5889
featured_part_02570,8,3,65.0431,63.0927
featured_part_02571,1,0,9.3518,9.3255
featured_part_02573,2,0,26.3223,26.319
featured_part_02574,18,13,74.5106,74.3817
featured_part_02575,11,9,70.0227,69.8459
featured_part_02576,12,8,51.4098,50.1832
featured_part_02577,2,1,6.918,6.7337
featured_part_02578,4,1,44.2176,44.1904
featured_part_02579,5,2,2.2309,2.1378
featured_part_02580,3,2,38.219,37.261
featured_part_02581,8,2,42.483,42.4564
featured_part_02582,13,4,58.5755,58.5129
featured_part_02583,7,6,72.7114,72.2836
featured_part_02584,3,2,87.9779,87.2662
featured_part_02585,6,4,60.532,60.4232
featured_part_02586,14,6,2.958,2.9247
featured_part_02587,21,16,20.3135,20.2631
featured_part_02588,4,3,3.4937,3.4782
featured_part_02589,8,2,16.7746,16.2364
featured_part_02590,9,5,161.1261,155.1464
featured_part_02591,10,8,26.1124,26.0539
featured_part_02593,11,7,46.2865,45.385
featured_part_02594,18,14,109.1602,108.804
featured_part_02595,4,3,30.8597,30.6269
featured_part_02596,9,5,67.9063,67.2376
featured_part_02597,7,6,12.6276,12.5529
featured_part_02598,3,2,36.1487,34.4954
featured_part_02599,5,4,17.7883,17.4825
featured_part_02600,19,14,54.1542,54.0438
featured_part_02601,6,2,40.3807,40.3486
featured_part_02602,7,3,150.6653,148.7646
featured_part_02603,8,4,53.3353,52.5448
featured_part_02604,13,5,73.8523,73.7665
featured_part_02605,2,0,28.738,28.7323
featured_part_02606,3,2,64.4787,64.4202
featured_part_02607,20,12,154.8575,154.4733
featured_part_02608,10,4,73.6552,73.5551
featured_part_02609,4,2,20.8635,20.7861
featured_part_02610,3,1,16.4819,16.4524
featured_part_02611,13,4,18.6763,17.9377
featured_part_02612,2,1,28.7265,28.0208
featured_part_02613,15,10,52.7741,52.7013
featured_part_02615,8,5,63.0725,62.4385
featured_part_02618,6,3,30.1705,30.0914
featured_part_02620,2,1,30.6367,30.5736
featured_part_02621,14,11,23.1956,23.1177
featured_part_02622,6,3,43.676,43.5705
featured_part_02624,10,4,168.3286,165.7957
featured_part_02625,8,7,22.9026,22.8421
featured_part_02626,10,3,70.9595,70.1354
featured_part_02627,10,5,16.4247,16.0521
featured_part_02628,2,0,33.9352,33.93
featured_part_02629,7,6,80.2343,77.4351
featured_part_02630,9,4,47.4849,47.418
featured_part_02631,1,0,7.6681,7.6674
featured_part_02632,13,8,131.6699,131.5057
featured_part_02633,8,4,29.8446,29.7974
featured_part_02634,5,3,20.755,20.6352
featured_part_02635,19,12,25.0383,24.9736
featured_part_02636,10,5,93.7009,90.3464
featured_part_02637,6,5,93.8821,92.5288
featured_part_02638,8,5,53.6848,53.3195
featured_part_02639,14,10,19.7049,19.677
featured_part_02640,14,10,51.0709,50.9137
featured_part_02641,2,0,29.7799,29.7752
featured_part_02642,14,10,27.9582,27.9237
featured_part_02643,6,4,84.3312,82.4862
featured_part_02645,2,1,28.3618,28.3057
featured_part_02646,9,3,62.5497,59.7843
featured_part_02647,13,6,102.9519,102.758
featured_part_02648,9,7,33.9108,33.8328
featured_part_02649,7,1,48.1589,48.1345
featured_part_02650,5,2,37.7238,36.7967
featured_part_02651,7,4,93.2348,93.1085
featured_part_02652,10,4,95.454,94.1372
featured_part_02653,18,12,138.1851,138.0243
featured_part_02655,22,16,75.9404,75.7334
featured_part_02656,10,5,60.583,60.5004
featured_part_02657,7,2,52.9938,52.9129
featured_part_02659,5,3,27.7545,27.705
featured_part_02660,4,3,6.0485,5.6613
featured_part_02661,10,8,109.3205,103.7972
featured_part_02662,21,10,89.4269,89.182
featured_part_02663,8,5,33.1183,33.1047
featured_part_02664,11,3,135.3869,135.2484
featured_part_02665,8,4,43.0963,43.0289
featured_part_02666,7,4,239.6061,239.4191
featured_part_02667,10,5,11.9878,11.9456
featured_part_02668,2,1,47.3586,47.3087
featured_part_02669,7,6,31.4871,31.4749
featured_part_02670,3,2,1.3217,1.3017
featured_part_02671,10,3,46.7387,46.7017
featured_part_02672,7,4,6.2428,5.9767
featured_part_02673,9,5,46.8549,46.6789
featured_part_02674,14,9,46.687,46.6509
featured_part_02675,5,3,24.9182,24.8787
featured_part_02677,9,6,30.7635,30.1937
featured_part_02680,1,0,5.9971,5.9962
featured_part_02682,6,1,60.0865,60.0028
featured_part_02683,13,3,42.2262,41.8035
featured_part_02684,6,1,29.5398,29.4674
featured_part_02685,13,9,65.6802,64.5025
featured_part_02686,6,4,46.2444,44.894
featured_part_02687,4,3,70.8909,70.7929
featured_part_02688,4,2,80.3294,80.2329
featured_part_02689,3,2,50.2858,50.2412
featured_part_02690,18,11,97.3672,94.9129
featured_part_02691,9,2,37.6044,37.5399
featured_part_02692,10,7,23.1566,23.1421
featured_part_02693,7,4,94.0034,93.8434
featured_part_02694,5,1,60.0059,59.9921
featured_part_02695,13,2,80.4663,80.2835
featured_part_02696,11,6,154.8984,153.1564
featured_part_02697,13,10,43.9744,43.1799
featured_part_02698,14,11,91.7751,91.5935
featured_part_02699,16,8,140.0571,136.7929
featured_part_02701,13,10,11.368,11.3471
featured_part_02702,7,5,118.0689,116.2348
featured_part_02703,5,3,29.0066,28.0661
featured_part_02705,10,5,115.9324,115.7869
featured_part_02706,21,15,115.5754,115.3262
featured_part_02708,9,6,28.2544,28.2402
featured_part_02709,11,6,24.8011,24.7579
featured_part_02710,2,1,16.5764,16.5331
featured_part_02711,14,8,47.2566,47.182
featured_part_02712,4,2,35.8708,35.3646
featured_part_02713,11,8,197.1849,196.9851
featured_part_02715,5,2,12.6676,12.327
featured_part_02716,10,7,70.7344,70.46
featured_part_02717,17,13,23.9131,23.89
featured_part_02718,9,3,74.5075,73.5398
featured_part_02719,6,1,99.1148,97.9087
featured_part_02721,7,5,8.4588,8.4493
featured_part_02722,18,3,24.3776,24.3069
featured_part_02723,5,2,49.1492,49.0813
featured_part_02724,6,3,151.0712,149.5159
featured_part_02725,5,1,149.823,149.7181
featured_part_02726,8,6,9.5998,9.3842
featured_part_02727,17,4,49.7652,49.2866
featured_part_02728,4,3,54.5227,54.4646
featured_part_02730,10,4,71.3245,70.1298
featured_part_02731,12,10,86.0226,85.7586
featured_part_02732,4,2,109.4403,107.5826
featured_part_02733,9,5,280.5416,280.2825
featured_part_02734,7,6,39.8844,39.7857
featured_part_02735,10,3,54.0678,53.9509
featured_part_02736,8,5,39.9447,39.6943
featured_part_02738,12,8,123.4213,123.0179
featured_part_02740,12,7,160.8418,155.4585
featured_part_02741,3,2,9.9629,9.9511
featured_part_02742,2,1,21.1682,20.7571
featured_part_02744,3,1,17.539,17.5233
featured_part_02745,5,1,80.6135,80.5467
featured_part_02746,9,7,95.1943,91.8898
featured_part_02747,22,17,41.9256,41.8016
featured_part_02748,4,2,13.1325,13.1198
featured_part_02749,3,1,5.7582,5.7379
featured_part_02750,13,8,69.6352,69.4761
featured_part_02751,3,2,50.2015,50.1576
featured_part_02752,4,1,6.2864,6.2681
featured_part_02753,8,4,43.3523,43.3303
featured_part_02756,7,3,68.9462,68.0182
featured_part_02757,18,11,88.6087,87.93
featured_part_02758,7,6,33.6376,33.5724
featured_part_02759,2,1,107.5078,107.4193
featured_part_02760,9,5,26.9878,26.9582
featured_part_02761,12,7,8.299,8.2138
featured_part_02762,1,0,0.4027,0.4011
featured_part_02764,17,12,97.8448,97.3479
featured_part_02765,1,0,3.4062,3.406
featured_part_02766,12,6,167.2432,161.2792
featured_part_02767,8,6,141.8309,141.5791
featured_part_02770,1,0,17.567,17.5645
featured_part_02772,6,1,30.6702,30.6292
featured_part_02773,3,2,8.7217,8.7069
featured_part_02774,10,6,54.3964,54.2887
featured_part_02775,10,6,26.876,26.832
featured_part_02776,16,11,62.3455,62.2806
featured_part_02777,5,1,82.105,79.9308
featured_part_02778,11,6,53.39,53.2993
featured_part_02779,12,6,103.1632,102.968
featured_part_02781,1,0,10.9689,10.9671
featured_part_02782,7,4,139.4452,134.8961
featured_part_02783,14,10,87.7682,87.6718
featured_part_02784,12,10,111.7296,111.557
featured_part_02785,2,1,73.5739,73.506
featured_part_02786,10,7,75.071,74.9852
featured_part_02787,5,2,11.3525,11.346
featured_part_02788,2,1,14.7856,14.4861
featured_part_02789,6,1,36.1321,36.0713
featured_part_02790,9,4,54.1547,52.9792
featured_part_02791,13,9,16.0146,15.9872
featured_part_02794,2,1,20.3845,20.3356
featured_part_02795,17,9,19.7016,19.6572
featured_part_02796,4,3,1.1575,1.1503
featured_part_02797,13,7,69.6275,69.4428
featured_part_02799,6,2,48.3779,48.3135
featured_part_02801,15,12,76.1146,72.9994
featured_part_02802,10,3,56.4019,56.2392
featured_part_02803,16,6,37.6652,37.2194
featured_part_02804,10,6,52.0382,51.9523
featured_part_02805,23,15,89.4063,89.2588
featured_part_02806,10,7,61.4256,61.1386
featured_part_02807,7,3,179.3877,177.0555
featured_part_02808,7,6,141.5045,135.4448
featured_part_02809,10,8,19.1041,19.0617
featured_part_02810,2,1,8.2186,8.2169
featured_part_02811,9,5,68.2322,67.9108
featured_part_02812,10,8,51.5788,51.4916
featured_part_02813,7,3,32.9472,32.8318
featured_part_02814,10,5,39.7256,39.6109
featured_part_02815,22,14,213.4694,213.2167
featured_part_02816,6,4,41.0699,40.9905
featured_part_02818,5,3,33.1876,32.4714
featured_part_02819,2,1,63.1421,59.7473
featured_part_02820,5,4,8.3057,8.2855
featured_part_02821,5,1,50.2249,50.2154
featured_part_02822,8,5,10.8357,10.7995
featured_part_02823,8,3,174.5028,174.2759
featured_part_02824,15,9,75.2664,75.0917
featured_part_02825,4,3,65.3098,62.1193
featured_part_02826,2,1,10.5112,10.4909
featured_part_02828,7,6,33.6911,33.284
featured_part_02829,20,11,182.9592,181.5271
featured_part_02832,6,3,25.8028,25.7842
featured_part_02833,16,12,131.5551,130.919
featured_part_02834,10,3,49.5361,49.3658
featured_part_02836,6,3,15.2213,15.1246
featured_part_02837,9,5,27.8851,27.5744
featured_part_02838,26,19,48.4665,48.4053
featured_part_02839,4,2,108.8702,107.8829
featured_part_02840,6,2,13.5222,13.2263
featured_part_02841,13,8,30.1014,29.5184
featured_part_02842,4,2,23.1325,23.0947
featured_part_02843,7,4,102.7793,102.2412
featured_part_02844,6,2,52.6641,52.6243
featured_part_02845,7,5,26.6293,26.0697
featured_part_02846,7,3,26.7532,26.7167
featured_part_02847,9,6,75.1542,75.0386
featured_part_02848,6,3,61.1061,59.1474
featured_part_02849,7,2,12.3619,12.3516
featured_part_02850,18,7,101.4747,100.5515
featured_part_02851,9,6,195.5596,188.5776
featured_part_02852,14,8,45.6463,45.5498
featured_part_02853,6,5,37.5153,37.4683
featured_part_02854,5,1,34.4867,34.4187
featured_part_02855,22,16,353.8286,353.5584
featured_part_02857,9,7,2.917,2.9023
featured_part_02858,5,1,23.0026,22.9949
featured_part_02859,5,2,80.5485,77.8772
featured_part_02860,13,9,51.6056,51.4985
featured_part_02861,6,3,65.8745,65.8231
featured_part_02862,9,6,123.5408,123.4588
featured_part_02863,7,4,59.8405,59.2397
featured_part_02864,17,13,28.3699,27.9468
featured_part_02865,9,2,3.5165,3.4951
featured_part_02866,12,6,37.8642,37.848
featured_part_02868,3,2,80.567,80.4016
featured_part_02869,8,6,49.776,47.6609
featured_part_02870,7,5,63.7145,63.625
featured_part_02871,9,4,27.0878,26.7856
featured_part_02872,14,8,74.0137,73.3817
featured_part_02874,13,10,120.0221,117.9611
featured_part_02875,5,2,25.9202,24.9488
featured_part_02876,12,7,45.648,45.6044
featured_part_02877,6,3,80.9653,78.407
featured_part_02878,10,6,94.4145,94.3214
featured_part_02879,11,9,30.5568,30.5363
featured_part_02880,8,6,206.861,205.8102
featured_part_02881,17,11,98.3953,98.2677
featured_part_02882,12,10,58.2534,56.5937
featured_part_02883,4,2,25.6256,25.5975
featured_part_02884,11,9,15.2372,15.184
featured_part_02886,6,1,63.0703,63.0589
featured_part_02887,15,7,99.8327,98.536
featured_part_02888,12,9,30.5707,30.4864
featured_part_02890,13,10,29.143,29.0426
featured_part_02891,15,8,59.8357,59.6975
featured_part_02892,4,2,37.7398,37.6871
featured_part_02893,14,6,63.1039,61.4909
featured_part_02894,8,6,17.0201,16.9759
featured_part_02895,4,1,66.8126,66.7269
featured_part_02896,8,6,19.6535,19.6135
featured_part_02897,12,6,28.1498,28.1195
featured_part_02898,3,2,8.647,8.5552
featured_part_02899,26,17,117.3207,116.1853
featured_part_02900,11,3,17.8701,17.8354
featured_part_02901,17,12,19.1567,19.1068
featured_part_02902,3,2,70.8145,70.7289
featured_part_02903,4,1,36.8133,36.7941
featured_part_02904,11,8,22.8667,22.8034
featured_part_02905,14,10,65.4564,65.3345
featured_part_02906,5,3,20.8303,20.7439
featured_part_02907,8,3,35.8767,35.7849
featured_part_02910,6,4,70.161,70.0472
featured_part_02911,9,7,169.3346,169.1169
featured_part_02912,9,7,31.5772,31.4548
featured_part_02913,7,2,47.249,47.2111
featured_part_02914,7,4,99.6707,98.8489
featured_part_02915,8,5,65.4779,65.4214
featured_part_02916,5,4,90.8971,90.7652
featured_part_02918,11,3,34.5793,34.5171
featured_part_02919,6,3,26.5812,26.5526
featured_part_02920,11,9,34.3531,34.2978
featured_part_02921,23,14,79.2438,78.2633
featured_part_02922,8,4,49.8862,49.7877
featured_part_02923,7,2,109.3407,109.2154
featured_part_02925,8,3,20.1121,19.8119
featured_part_02927,8,2,27.4806,27.4662
featured_part_02928,14,9,42.2861,41.6002
featured_part_02929,9,3,50.3978,49.2028
featured_part_02930,19,14,34.9466,34.882
featured_part_02931,3,0,61.1972,61.1901
featured_part_02933,7,6,70.7678,68.1648
featured_part_02934,11,8,134.2603,129.8337
featured_part_02936,22,11,117.8722,116.5988
featured_part_02937,5,4,99.6,99.4327
featured_part_02938,3,1,22.8699,22.64
featured_part_02939,15,9,45.6334,45.5707
featured_part_02940,7,2,60.8858,58.9171
featured_part_02941,5,2,73.6568,72.5952
featured_part_02943,9,4,30.2771,30.1657
featured_part_02944,14,6,203.0996,202.852
featured_part_02945,1,0,4.5306,4.5118
featured_part_02946,2,0,33.6786,33.6754
featured_part_02947,18,15,38.2413,38.1448
featured_part_02948,8,3,32.6993,32.6872
featured_part_02949,6,3,32.1018,32.0412
featured_part_02950,5,3,22.0352,22.0277
featured_part_02951,9,5,73.1311,70.0137
featured_part_02952,14,10,52.1987,49.981
featured_part_02953,7,3,40.8838,40.8664
featured_part_02954,5,3,1.135,1.1274
featured_part_02955,8,6,98.2293,97.3643
featured_part_02956,11,6,71.3148,70.9824
featured_part_02957,1,0,5.1923,5.1778
featured_part_02958,4,3,16.1814,15.4845
featured_part_02959,1,0,19.4344,19.3649
featured_part_02960,7,3,27.7875,27.7233
featured_part_02961,4,3,67.2042,67.1182
featured_part_02962,10,7,45.6778,45.6052
featured_part_02963,14,9,40.2647,39.7536
featured_part_02964,9,6,71.1684,71.0002
featured_part_02965,4,2,15.4884,15.4665
featured_part_02966,3,2,40.8521,39.5686
featured_part_02968,12,8,56.8353,55.3894
featured_part_02969,13,10,27.2367,27.1859
featured_part_02970,5,3,40.7549,40.6976
featured_part_02972,1,0,7.5003,7.4795
featured_part_02974,7,4,26.3085,25.7495
featured_part_02975,9,6,42.5466,42.1707
featured_part_02976,2,1,44.4591,44.41
featured_part_02977,2,1,12.3623,12.3605
featured_part_02979,11,9,16.9494,16.931
featured_part_02980,2,1,26.0465,26.0184
featured_part_02981,7,4,47.9128,47.8442
featured_part_02983,10,5,55.6582,55.5972
featured_part_02984,13,7,92.8371,91.44
featured_part_02985,4,1,117.4571,117.1055
featured_part_02986,6,3,71.7367,71.6542
featured_part_02987,4,2,50.5425,50.2236
featured_part_02988,3,2,133.5729,133.4612
featured_part_02989,11,4,252.7472,251.0737
featured_part_02991,19,6,33.1897,32.5043
featured_part_02993,9,6,51.5965,51.5071
featured_part_02994,3,1,44.4046,44.3351
featured_part_02996,11,9,69.0047,68.8152
featured_part_02997,7,2,77.5982,77.483
featured_part_03000,10,7,53.5373,51.747
featured_part_03001,20,15,29.0175,28.915
featured_part_03002,4,0,24.2216,24.2177
featured_part_03003,5,1,27.4406,27.4333
featured_part_03004,11,7,35.5901,35.2639
featured_part_03005,7,5,26.6124,26.5998
featured_part_03006,3,1,48.5269,46.612
featured_part_03007,7,3,245.8171,245.5484
featured_part_03008,4,3,97.6542,94.1479
featured_part_03010,3,2,0.7683,0.7637
featured_part_03011,6,3,50.7689,50.7215
featured_part_03012,6,5,11.9452,11.9362
featured_part_03013,22,16,59.8642,58.3908
featured_part_03014,8,4,71.5247,71.4318
featured_part_03016,10,8,41.313,41.2567
featured_part_03017,7,3,70.4083,70.3284
featured_part_03018,11,8,147.6108,146.5168
featured_part_03019,6,5,10.7538,10.6825
featured_part_03020,13,8,135.3369,130.7101
featured_part_03021,14,3,90.7976,89.8287
featured_part_03022,8,6,11.9318,11.9092
featured_part_03023,11,5,76.5732,76.445
featured_part_03024,13,7,40.9034,40.1031
featured_part_03026,9,2,62.6979,61.8522
featured_part_03027,4,2,27.5779,27.551
featured_part_03028,10,2,82.3388,80.0123
featured_part_03030,9,2,91.8885,90.1322
featured_part_03031,13,9,35.95,35.6605
featured_part_03032,7,5,126.7675,126.6055
featured_part_03033,15,7,52.8506,52.6479
featured_part_03034,13,8,142.3909,142.1607
featured_part_03035,9,6,81.4622,81.3202
featured_part_03036,4,2,47.3446,47.2356
featured_part_03037,6,5,28.2316,28.2029
featured_part_03039,7,5,48.0861,46.7641
featured_part_03041,12,6,36.3614,36.2825
featured_part_03042,13,9,18.287,18.2668
featured_part_03043,16,11,34.5653,34.5065
featured_part_03044,11,6,76.4621,75.0877
featured_part_03045,14,10,41.5261,41.4989
featured_part_03046,6,4,37.5857,37.5521
featured_part_03047,9,5,20.8956,20.8662
featured_part_03048,4,2,54.1837,54.0829
featured_part_03049,15,12,35.4109,35.2841
featured_part_03050,14,11,45.3571,45.2832
featured_part_03051,5,3,7.487,7.481
featured_part_03053,11,9,53.8419,52.5718
featured_part_03054,7,5,66.6865,63.3414
featured_part_03055,15,6,73.335,72.8041
featured_part_03056,6,2,24.1671,24.1584
featured_part_03057,8,4,24.6191,24.4884
featured_part_03058,6,3,43.2128,41.4776
featured_part_03059,10,7,23.1537,23.1006
featured_part_03060,10,3,56.259,56.1082
featured_part_03061,15,10,251.6851,250.4443
featured_part_03062,13,10,25.426,25.2299
featured_part_03063,3,2,25.1799,24.4273
featured_part_03065,6,1,45.5025,44.9225
featured_part_03066,3,1,55.9596,54.9852
featured_part_03067,11,9,21.4888,21.4122
featured_part_03068,20,13,61.2942,59.5872
featured_part_03069,9,8,28.8388,28.7959
featured_part_03070,10,6,40.541,39.8035
featured_part_03071,16,10,118.352,117.3938
featured_part_03072,3,2,36.4607,35.1106
featured_part_03073,2,0,24.8391,24.8361
featured_part_03074,26,19,143.5109,139.6913
featured_part_03075,7,4,248.9703,245.0241
featured_part_03076,3,1,9.1254,9.1207
featured_part_03077,4,2,30.6179,30.5912
featured_part_03078,9,7,24.9462,24.8876
featured_part_03081,6,5,72.5196,68.929
featured_part_03082,19,15,331.6299,325.9571
featured_part_03084,6,4,23.2742,23.0998
featured_part_03085,19,10,65.5208,65.4892
featured_part_03086,6,3,13.1306,12.8581
featured_part_03087,6,4,95.5931,95.4193
featured_part_03088,10,7,65.0975,62.4251
featured_part_03089,18,12,20.0883,19.5113
featured_part_03090,7,4,51.093,50.9797
featured_part_03091,10,9,8.2765,8.0078
featured_part_03092,3,1,21.1632,21.1304
featured_part_03093,15,9,92.1691,91.5468
featured_part_03094,8,6,109.2859,105.1014
featured_part_03095,17,10,42.0196,41.6821
featured_part_03096,2,1,20.1821,20.1634
featured_part_03098,5,3,30.0242,29.7173
featured_part_03099,3,1,78.5156,78.4398
featured_part_03100,7,5,52.8759,52.7821
featured_part_03101,7,5,92.6841,90.2331
featured_part_03102,13,7,163.4381,162.5298
featured_part_03103,12,7,133.3373,128.6682
featured_part_03104,17,13,71.7974,71.6292
featured_part_03105,12,8,24.8579,24.8244
featured_part_03106,15,12,62.2079,62.0613
featured_part_03107,6,3,23.8676,23.8435
featured_part_03108,10,6,220.4396,220.2789
featured_part_03110,6,2,43.875,43.8427
featured_part_03111,14,9,77.6051,77.0473
featured_part_03112,7,6,63.8632,63.7763
featured_part_03113,11,5,52.53,52.4485
featured_part_03114,8,4,45.9717,45.5693
featured_part_03115,5,4,82.3967,79.2004
featured_part_03116,3,1,36.4816,36.397
featured_part_03117,1,0,19.09,19.0894
featured_part_03118,15,4,89.6532,89.3306
featured_part_03119,6,4,158.4328,158.2108
featured_part_03121,13,9,34.5484,33.5009
featured_part_03122,9,4,91.631,91.5668
featured_part_03123,1,0,5.3488,5.3487
featured_part_03124,13,5,52.2279,52.1698
featured_part_03126,4,1,40.1284,39.7286
featured_part_03127,22,17,30.431,30.3647
featured_part_03128,6,4,1.749,1.7398
featured_part_03131,8,5,13.9713,13.8931
featured_part_03132,5,3,35.3719,34.5477
featured_part_03133,3,1,42.9863,42.9472
featured_part_03134,10,3,25.6298,25.5763
featured_part_03135,19,14,125.3714,125.2353
featured_part_03137,9,6,120.6294,120.3134
featured_part_03138,5,4,9.5222,9.4897
featured_part_03139,25,17,43.7001,43.6091
featured_part_03140,1,0,13.9298,13.9029
featured_part_03141,30,21,66.067,65.8818
featured_part_03142,8,4,30.2849,29.8435
featured_part_03143,16,10,34.5045,34.4499
featured_part_03144,6,1,39.83,39.8089
featured_part_03145,12,9,20.1053,20.0214
featured_part_03146,6,2,137.4276,137.3011
featured_part_03147,6,4,12.5714,12.4909
featured_part_03149,9,6,49.7037,49.0991
featured_part_03150,6,4,45.57,44.7539
featured_part_03151,18,10,61.8897,61.7796
featured_part_03152,7,6,43.9477,41.5868
featured_part_03153,23,14,50.3624,49.8049
featured_part_03154,7,4,76.9814,74.6681
featured_part_03155,14,3,28.7032,28.6751
featured_part_03156,6,2,20.0427,19.8863
featured_part_03157,6,3,69.9917,68.5373
featured_part_03158,19,16,14.7738,14.611
featured_part_03159,5,4,91.1272,87.0307
featured_part_03160,8,2,26.4714,26.4591
featured_part_03161,10,6,13.4873,13.4567
featured_part_03163,11,6,49.3626,49.2999
featured_part_03164,11,8,3.2589,3.2407
featured_part_03165,15,9,311.7351,311.4401
featured_part_03166,6,3,50.2616,49.6608
featured_part_03168,10,8,26.8937,25.9761
featured_part_03169,3,1,45.8552,45.2272
featured_part_03170,1,0,10.0655,10.033
featured_part_03171,22,15,84.8936,84.7997
featured_part_03172,13,8,50.155,50.068
featured_part_03174,13,4,33.5426,33.4803
featured_part_03175,15,10,113.1116,112.9234
featured_part_03176,7,3,91.1434,91.0732
featured_part_03177,6,5,38.9823,37.7659
featured_part_03179,7,6,18.0655,18.0085
featured_part_03180,14,5,115.6516,115.4529
featured_part_03181,11,10,73.839,73.6937
featured_part_03182,8,2,72.4105,71.8421
featured_part_03183,17,9,56.338,54.8668
featured_part_03184,10,7,87.2828,85.4467
featured_part_03185,4,2,106.4479,106.3645
featured_part_03186,1,0,54.9668,51.9232
featured_part_03187,18,9,38.5957,38.5037
featured_part_03188,13,8,78.7274,78.3588
featured_part_03190,13,8,168.8715,166.9517
featured_part_03191,7,3,37.7429,37.0871
featured_part_03192,6,1,149.7958,149.6809
featured_part_03193,13,8,74.0745,73.1588
featured_part_03194,12,6,40.2587,40.1881
featured_part_03195,13,8,58.4724,58.401
featured_part_03196,8,4,21.4326,21.3762
featured_part_03197,2,1,48.5622,48.5162
featured_part_03198,12,8,49.841,49.7776
featured_part_03199,9,6,33.9465,33.8856
featured_part_03200,2,1,17.0783,17.042
featured_part_03201,6,2,148.2867,144.2364
featured_part_03202,9,4,39.827,39.7588
featured_part_03203,10,8,12.0156,11.9388
featured_part_03204,8,2,72.6818,72.5859
featured_part_03205,8,2,43.3918,43.3797
featured_part_03206,6,2,56.7077,56.6181
featured_part_03207,14,8,43.6084,42.4302
featured_part_03208,10,2,110.9281,110.7264
featured_part_03209,6,4,78.6536,78.5665
featured_part_03210,18,11,53.8425,53.6851
featured_part_03211,12,8,52.4726,52.4402
featured_part_03212,11,9,19.5897,19.5632
featured_part_03213,18,13,119.0521,117.1048
featured_part_03214,13,5,47.2496,46.6048
featured_part_03215,14,3,36.0674,35.4089
featured_part_03216,3,2,61.9206,59.8323
featured_part_03217,4,2,26.5314,26.4844
featured_part_03218,8,2,57.4351,57.3743
featured_part_03219,8,4,135.0593,135.0232
featured_part_03220,15,3,94.4644,93.6246
featured_part_03222,4,1,18.6801,18.6525
featured_part_03223,17,11,65.6961,64.0286
featured_part_03225,7,3,18.9419,18.9058
featured_part_03226,11,3,58.3375,58.2225
featured_part_03227,13,12,12.1399,12.1201
featured_part_03228,9,8,8.4943,8.4678
featured_part_03229,4,2,19.5122,19.3074
featured_part_03230,2,0,26.3781,26.3749
featured_part_03231,8,6,47.6554,47.5817
featured_part_03232,10,3,51.2199,51.1835
featured_part_03233,13,10,28.1056,27.9896
featured_part_03234,21,12,50.8155,50.7701
featured_part_03236,8,2,46.9426,46.9075
featured_part_03238,5,1,48.3424,48.1575
featured_part_03239,5,2,36.9057,36.4684
featured_part_03241,8,6,109.9195,109.7825
featured_part_03242,3,1,68.5729,68.5146
featured_part_03243,11,7,15.2105,15.1715
featured_part_03244,10,7,23.9784,23.6468
featured_part_03245,1,0,5.8187,5.8003
featured_part_03246,10,5,125.7809,125.5919
featured_part_03248,14,10,94.7768,93.9917
featured_part_03249,4,1,60.0468,59.9776
featured_part_03250,18,12,65.5482,65.5016
featured_part_03251,10,6,51.4352,50.7456
featured_part_03253,2,0,20.4424,20.4396
featured_part_03254,5,2,86.4677,86.3907
featured_part_03255,5,3,16.5624,16.5557
featured_part_03257,5,1,39.9983,39.9382
featured_part_03258,17,13,26.085,26.0562
featured_part_03259,17,13,44.6565,44.5232
featured_part_03260,12,6,89.6114,88.0558
featured_part_03261,27,20,32.5282,32.4378
featured_part_03263,12,10,91.3565,88.8062
featured_part_03264,10,8,26.6984,26.1517
featured_part_03265,4,2,36.6141,36.5266
featured_part_03266,8,4,84.1479,82.0961
featured_part_03267,14,9,100.8407,100.1358
featured_part_03268,7,5,38.5401,37.9475
featured_part_03269,28,21,52.2221,50.4925
featured_part_03270,7,4,33.7633,33.1335
featured_part_03271,8,7,43.2646,42.622
featured_part_03272,11,8,157.6625,154.1363
featured_part_03274,7,6,51.3834,51.3263
featured_part_03275,9,7,28.3706,28.3353
featured_part_03276,9,4,17.4431,17.1064
featured_part_03277,7,2,49.0398,47.3495
featured_part_03278,11,7,16.7649,16.6815
featured_part_03279,13,10,197.1124,196.9381
featured_part_03280,9,7,116.5158,116.3802
featured_part_03281,12,6,36.5489,36.404
featured_part_03282,1,0,28.6089,26.9901
featured_part_03283,13,9,39.2229,38.5417
featured_part_03287,5,4,56.1717,56.0903
featured_part_03288,4,1,20.0444,20.0032
featured_part_03289,6,2,40.9445,40.9338
featured_part_03290,6,3,31.141,30.6911
featured_part_03291,12,5,34.8018,34.7329
featured_part_03292,5,2,35.2128,35.2062
featured_part_03293,13,8,15.4067,15.3558
featured_part_03294,6,1,42.635,42.5466
featured_part_03295,3,0,56.3034,56.2946
featured_part_03296,9,4,30.4633,30.4127
featured_part_03297,4,1,30.0678,30.0131
featured_part_03299,12,7,64.9751,64.9275
featured_part_03300,8,5,27.5154,27.4416
featured_part_03301,7,2,23.7457,23.7164
featured_part_03302,4,1,30.1788,30.1611
featured_part_03303,8,3,37.7558,37.688
featured_part_03305,4,3,25.4719,25.4153
featured_part_03307,15,7,76.7002,75.6272
featured_part_03309,21,14,310.7797,310.419
featured_part_03310,9,5,141.2167,140.9737
featured_part_03311,6,1,23.7723,23.7592
featured_part_03312,9,7,15.264,15.1859
featured_part_03315,12,9,2.9032,2.8815
featured_part_03316,12,9,37.9771,37.2849
featured_part_03317,4,1,33.0954,33.0509
featured_part_03318,18,13,62.2825,62.25
featured_part_03319,9,4,38.8172,38.7885
featured_part_03320,9,7,10.2687,10.2533
featured_part_03321,19,14,28.7564,28.7015
featured_part_03322,5,2,28.572,28.5652
featured_part_03323,6,2,14.2419,14.1941
featured_part_03324,7,3,61.0108,60.3739
featured_part_03325,9,8,10.7458,10.7014
featured_part_03326,12,4,121.9197,120.5254
featured_part_03327,5,2,44.4349,43.8482
featured_part_03329,6,3,83.0774,80.8937
featured_part_03331,13,10,28.2452,28.2077
featured_part_03332,7,5,17.8729,17.8088
featured_part_03333,13,8,29.4666,29.3684
featured_part_03334,9,4,6.2668,5.9519
featured_part_03335,13,6,88.4965,88.2535
featured_part_03336,5,1,7.9715,7.9643
featured_part_03337,9,6,32.2521,32.2189
featured_part_03338,12,9,14.5606,14.5199
featured_part_03339,9,3,55.0643,54.9984
featured_part_03340,30,23,100.0031,99.3434
featured_part_03341,11,8,51.3791,51.2517
featured_part_03342,21,15,44.5558,44.488
featured_part_03343,7,5,20.4874,20.4457
featured_part_03344,14,9,19.7227,19.4528
featured_part_03345,12,7,42.5324,42.4674
featured_part_03346,6,5,23.5134,23.4791
featured_part_03347,10,6,191.3103,184.0939
featured_part_03348,9,7,53.7667,52.8318
featured_part_03350,12,5,64.1972,63.8182
featured_part_03351,5,4,67.3124,66.1242
featured_part_03352,8,3,108.2643,108.1062
featured_part_03353,5,3,9.741,9.7352
featured_part_03354,7,4,35.0126,34.1136
featured_part_03355,20,14,86.5158,86.4385
featured_part_03356,4,2,118.7365,116.532
featured_part_03357,22,17,17.1865,17.0902
featured_part_03358,22,15,41.485,41.3921
featured_part_03359,6,3,28.7431,28.7163
featured_part_03360,6,4,60.029,58.105
featured_part_03361,13,9,63.2565,62.9681
featured_part_03362,18,11,147.8065,147.6537
featured_part_03364,7,2,107.2625,107.2287
featured_part_03365,6,2,61.4717,61.3401
featured_part_03366,17,9,57.0046,56.7036
featured_part_03367,17,3,61.3698,61.2064
featured_part_03369,2,1,38.6882,38.66
featured_part_03370,9,7,39.5295,38.3248
featured_part_03371,8,5,165.5725,163.4844
featured_part_03372,3,2,20.3576,20.3097
featured_part_03373,2,0,24.4614,24.4583
featured_part_03374,12,3,35.8183,35.795
featured_part_03375,9,3,54.4014,54.2696
featured_part_03376,5,4,53.8671,53.8049
featured_part_03377,14,8,59.1228,58.6861
featured_part_03378,7,5,29.7609,29.0655
featured_part_03379,8,7,23.1766,22.9777
featured_part_03381,13,10,26.9194,26.8284
featured_part_03383,15,11,37.5048,37.3925
featured_part_03385,4,3,58.5636,58.4678
featured_part_03386,12,7,75.6207,74.752
featured_part_03387,7,4,52.2941,51.9506
featured_part_03388,5,1,7.6555,7.648
featured_part_03389,16,9,112.7732,109.9973
featured_part_03390,24,17,56.8387,56.7952
featured_part_03392,16,11,32.7295,32.6288
featured_part_03393,5,2,24.8001,24.7792
featured_part_03394,7,5,22.9899,22.0483
featured_part_03395,8,6,21.7541,21.6665
featured_part_03396,11,6,32.5311,32.4221
featured_part_03398,4,3,22.5145,21.797
featured_part_03399,13,7,51.0164,50.9374
featured_part_03400,9,7,31.5499,31.4876
featured_part_03401,11,3,93.1999,91.4803
featured_part_03402,11,6,107.0256,106.7334
featured_part_03403,5,2,24.5222,24.5159
featured_part_03404,10,6,61.5579,61.4363
featured_part_03405,10,8,53.1898,53.1066
featured_part_03406,7,5,49.3696,49.3011
featured_part_03408,15,3,38.8215,38.752
featured_part_03409,10,7,38.2256,36.2718
featured_part_03410,13,5,136.9593,136.8072
featured_part_03411,4,3,117.5076,116.4957
featured_part_03412,6,3,61.5317,61.3305
featured_part_03413,6,3,174.6391,174.3811
featured_part_03414,10,6,79.9269,79.1101
featured_part_03415,7,5,128.6665,126.4928
featured_part_03416,8,2,143.1025,138.2183
featured_part_03417,5,2,87.3603,84.5048
featured_part_03418,9,7,36.9693,36.9475
featured_part_03419,12,10,54.8741,54.7385
featured_part_03420,3,2,112.351,111.3733
featured_part_03421,5,3,15.6765,15.6695
featured_part_03422,9,5,103.3171,102.1837
featured_part_03423,7,5,136.9564,135.034
featured_part_03424,13,8,163.6591,163.4296
featured_part_03425,2,1,14.2589,14.2345
featured_part_03426,10,8,173.9451,172.9641
featured_part_03427,10,3,28.4238,28.3627
featured_part_03428,11,6,71.3662,71.2283
featured_part_03429,6,3,51.6738,51.5471
featured_part_03430,11,7,4.1476,4.0977
featured_part_03431,19,7,126.2154,125.5234
featured_part_03432,7,5,160.7351,158.7385
featured_part_03433,8,6,30.2253,30.1734
featured_part_03434,14,9,22.6929,22.6494
featured_part_03435,7,5,39.8312,39.7257
featured_part_03436,21,13,57.2656,56.3739
featured_part_03438,3,0,39.8304,39.8256
featured_part_03439,5,1,34.4186,34.3043
featured_part_03440,8,4,41.8821,41.8683
featured_part_03441,3,1,36.7333,36.6872
featured_part_03442,11,8,40.8768,40.2808
featured_part_03443,3,1,77.9785,77.863
featured_part_03444,10,4,27.8836,27.8122
featured_part_03445,11,9,71.3339,71.1957
featured_part_03446,11,8,27.261,27.1437
featured_part_03447,10,7,54.9058,54.8698
featured_part_03448,9,3,61.5279,61.4428
featured_part_03449,14,10,62.7249,62.6035
featured_part_03450,5,3,64.5368,62.2867
featured_part_03451,14,9,57.9238,57.8439
featured_part_03452,4,1,72.2492,71.1945
featured_part_03453,5,1,6.7872,6.757
featured_part_03454,3,1,18.9663,18.9501
featured_part_03455,6,1,59.8918,59.8648
featured_part_03456,12,6,76.541,75.2979
featured_part_03457,10,8,105.9697,103.71
featured_part_03458,4,3,13.7431,13.4535
featured_part_03459,3,2,262.4021,261.114
featured_part_03461,3,1,21.3216,21.3086
featured_part_03462,12,10,74.559,74.4879
featured_part_03463,10,6,64.2893,63.3711
featured_part_03465,11,3,51.9959,51.9679
featured_part_03466,7,3,43.3927,43.3301
featured_part_03467,6,4,76.6094,76.4912
featured_part_03468,8,5,18.5684,18.5416
featured_part_03469,15,4,12.8458,12.8055
featured_part_03470,5,2,30.8705,29.4237
featured_part_03471,7,5,70.5208,68.8266
featured_part_03472,2,1,53.9843,51.5022
featured_part_03473,12,10,146.0493,145.7433
featured_part_03474,2,0,61.7334,60.2473
featured_part_03476,4,3,43.4682,43.438
featured_part_03477,9,7,15.7355,15.72
featured_part_03478,19,11,94.762,94.6067
featured_part_03479,16,11,310.0553,309.8196
featured_part_03480,7,6,78.7047,75.9858
featured_part_03481,5,4,96.1605,96.0523
featured_part_03482,8,6,39.6848,39.6169
featured_part_03483,6,3,93.5604,93.4571
featured_part_03484,9,4,33.608,33.422
featured_part_03485,7,2,177.3058,175.2954
featured_part_03486,4,3,146.7613,146.4696
featured_part_03487,4,2,23.3948,23.3639
featured_part_03488,6,5,64.9498,64.6577
featured_part_03489,6,1,35.703,35.686
featured_part_03490,27,21,52.8595,52.7174
featured_part_03491,2,1,91.9333,88.0281
featured_part_03492,18,12,115.4534,114.8791
featured_part_03495,10,8,48.7706,46.3861
featured_part_03496,11,8,71.6412,70.7401
featured_part_03497,18,10,50.0324,49.9284
featured_part_03498,7,5,16.9258,16.9009
featured_part_03499,10,7,33.0791,32.9977
featured_part_03501,5,3,74.8414,74.7568
featured_part_03502,13,7,53.0111,52.9387
featured_part_03503,8,3,53.4703,53.0146
featured_part_03504,9,7,21.2955,21.2642
featured_part_03505,1,0,7.3538,7.3438
featured_part_03506,30,24,60.685,60.4521
featured_part_03508,5,4,11.0488,10.9709
featured_part_03509,7,2,48.8997,48.8537
featured_part_03510,4,2,19.0994,18.6014
featured_part_03511,16,11,48.4396,48.3491
featured_part_03512,16,10,88.0288,87.6175
featured_part_03513,11,3,99.0513,98.9631
featured_part_03514,5,3,21.3559,21.3082
featured_part_03515,5,3,79.4949,78.703
featured_part_03516,7,4,110.7795,110.5797
featured_part_03517,3,2,0.5125,0.5079
featured_part_03518,10,6,122.2721,122.1156
featured_part_03519,14,7,89.2042,89.0642
featured_part_03520,8,5,74.0488,73.9907
featured_part_03521,14,6,39.7502,39.6207
featured_part_03522,3,1,18.1603,18.1492
featured_part_03523,17,11,63.366,63.2222
featured_part_03524,15,12,45.9511,45.8877
featured_part_03525,18,13,18.2426,18.2126
featured_part_03526,5,1,35.4471,35.3705
featured_part_03527,15,7,62.3923,62.2411
featured_part_03528,4,3,37.352,36.7143
featured_part_03529,6,5,10.7767,10.753
featured_part_03530,21,16,69.902,67.5147
featured_part_03531,5,3,34.7133,33.1087
featured_part_03532,9,7,206.8107,202.4594
featured_part_03533,6,5,35.7279,35.6579
featured_part_03535,11,9,59.5746,59.5039
featured_part_03536,6,2,40.3549,40.3038
featured_part_03537,12,4,16.5778,16.4661
featured_part_03538,9,3,85.2359,81.9277
featured_part_03539,6,3,13.1744,12.7544
featured_part_03540,6,2,41.5077,41.453
featured_part_03541,13,9,53.5781,53.4835
featured_part_03542,10,7,21.048,21.0297
featured_part_03543,9,5,18.3872,17.8598
featured_part_03544,2,0,30.4049,30.4028
featured_part_03545,4,1,25.9511,25.9264
featured_part_03546,16,8,61.5189,60.3116
featured_part_03547,9,7,101.682,101.5519
featured_part_03548,2,0,25.5442,25.5406
featured_part_03549,10,7,43.551,43.5322
featured_part_03550,6,3,46.3744,46.309
featured_part_03551,11,7,48.6789,48.5589
featured_part_03552,1,0,2.9105,2.7696
featured_part_03553,11,8,56.921,56.8234
featured_part_03554,7,6,130.7154,126.6121
featured_part_03555,12,9,21.621,20.6626
featured_part_03556,8,5,226.6394,226.3771
featured_part_03557,3,2,22.5185,22.4896
featured_part_03558,10,8,52.6264,51.8637
featured_part_03559,8,6,10.5503,10.5218
featured_part_03560,4,2,25.6272,25.6158
featured_part_03561,22,17,39.8576,39.8043
featured_part_03562,8,6,70.8947,68.4125
featured_part_03564,8,5,81.25,80.9621
featured_part_03565,20,14,166.1509,163.967
featured_part_03566,15,9,30.8855,29.9884
featured_part_03567,7,5,16.115,16.0835
featured_part_03568,12,7,83.4095,83.2253
featured_part_03569,3,0,32.185,32.1793
featured_part_03570,4,3,14.9979,14.5901
featured_part_03571,12,4,125.5125,121.5353
featured_part_03572,10,6,52.8421,52.408
featured_part_03573,10,3,133.1998,131.2964
featured_part_03574,3,1,28.3271,28.0891
featured_part_03575,12,8,109.4052,108.6435
featured_part_03576,2,0,11.6262,11.6258
featured_part_03577,4,2,28.4798,28.4612
featured_part_03578,17,14,68.2344,67.6543
featured_part_03579,9,3,43.3313,43.1949
featured_part_03580,5,3,88.2254,87.8497
featured_part_03581,11,7,44.0674,43.7605
featured_part_03582,12,10,58.5087,58.3977
featured_part_03583,9,5,104.5196,104.4286
featured_part_03584,9,5,51.9775,51.2654
featured_part_03585,6,3,30.2335,30.1856
featured_part_03586,3,1,18.2716,18.2667
featured_part_03587,17,9,104.8939,103.9973
featured_part_03588,11,8,2.5593,2.5359
featured_part_03589,23,15,31.7231,31.6444
featured_part_03590,16,13,41.4915,41.3747
featured_part_03591,5,4,34.3922,33.1622
featured_part_03592,11,6,44.0196,43.9506
featured_part_03594,5,2,142.1608,142.0504
featured_part_03595,3,2,12.7109,12.6962
featured_part_03597,15,11,41.5934,41.5322
featured_part_03600,9,4,205.1904,205.0105
featured_part_03601,8,5,69.8831,68.2458
featured_part_03602,19,15,92.9661,92.8246
featured_part_03603,8,2,78.527,78.4795
featured_part_03604,11,9,26.5674,26.4505
featured_part_03605,4,1,69.0836,67.2161
featured_part_03606,11,7,33.8277,32.8929
featured_part_03607,8,7,63.7635,63.0815
featured_part_03608,3,1,19.1734,18.8606
featured_part_03609,9,3,28.4371,28.2405
featured_part_03611,2,1,7.8595,7.8575
featured_part_03612,18,14,30.8273,30.7682
featured_part_03613,8,1,1.2263,1.2143
featured_part_03614,4,3,11.8329,11.8279
featured_part_03615,11,8,35.5227,34.7455
featured_part_03616,4,3,20.4156,20.3879
featured_part_03617,1,0,18.1137,18.1117
featured_part_03618,11,8,73.0173,72.9062
featured_part_03619,7,6,13.9932,13.935
featured_part_03620,8,7,47.1654,46.0101
featured_part_03621,4,3,148.3345,148.2005
featured_part_03622,13,10,36.2659,35.2065
featured_part_03624,12,4,169.5633,167.7412
featured_part_03625,2,0,28.9492,28.9438
featured_part_03627,7,5,37.1186,37.0446
featured_part_03628,10,7,62.2209,62.0401
featured_part_03629,13,10,32.3634,32.2745
featured_part_03630,18,14,14.6905,14.66
featured_part_03632,5,1,28.5369,28.523
featured_part_03633,7,6,23.1535,22.8977
featured_part_03634,3,2,23.3058,22.8173
featured_part_03635,16,7,50.5412,50.2362
featured_part_03637,11,5,160.2068,159.6695
featured_part_03638,7,4,36.9852,36.8917
featured_part_03639,6,1,48.6452,48.6348
featured_part_03640,6,1,66.5153,66.4356
featured_part_03641,11,8,59.354,59.267
featured_part_03642,3,2,17.0918,17.0639
featured_part_03643,11,9,102.3006,98.8665
featured_part_03644,12,3,64.7677,64.7077
featured_part_03645,6,5,19.0876,19.043
featured_part_03646,11,6,62.0601,62.0085
featured_part_03647,21,15,65.7532,65.6027
featured_part_03648,5,1,39.6447,38.7298
featured_part_03649,4,2,10.0368,9.7208
featured_part_03650,9,2,52.057,50.2215
featured_part_03651,6,4,71.1703,68.0917
featured_part_03652,5,3,108.7936,107.2441
featured_part_03654,14,5,24.8388,24.4398
featured_part_03655,2,0,34.0091,33.1809
featured_part_03656,3,2,13.479,13.4486
featured_part_03658,20,15,105.2421,104.9399
featured_part_03659,3,2,8.638,8.6056
featured_part_03660,1,0,2.5738,2.5724
featured_part_03661,17,11,65.4277,65.3174
featured_part_03662,21,15,96.6775,96.4586
featured_part_03663,12,7,46.8982,46.7528
featured_part_03664,10,8,48.0142,47.9117
featured_part_03665,11,6,123.7136,123.5696
featured_part_03667,6,4,29.1756,29.0103
featured_part_03668,27,20,34.8984,34.4945
featured_part_03669,24,18,67.9793,67.1562
featured_part_03670,23,17,165.344,162.3121
featured_part_03671,12,8,58.4972,56.4972
featured_part_03672,3,1,5.3823,5.3613
featured_part_03673,3,1,99.5937,98.1847
featured_part_03674,9,7,78.0561,77.9356
featured_part_03676,1,0,6.9193,6.9175
featured_part_03679,12,9,73.3936,70.5743
featured_part_03680,4,1,37.0695,37.0081
featured_part_03681,8,5,28.596,28.2794
featured_part_03682,8,5,22.7589,22.748
featured_part_03683,5,2,44.6551,44.6023
featured_part_03684,6,3,36.4896,36.4784
featured_part_03685,13,9,43.0309,41.5218
featured_part_03686,13,10,22.7396,22.695
featured_part_03687,7,3,48.6636,48.0481
featured_part_03688,2,0,241.412,241.2493
featured_part_03689,13,8,117.0589,116.8715
featured_part_03690,17,11,82.0906,80.8991
featured_part_03691,2,1,66.8057,66.7479
featured_part_03692,19,12,80.4698,79.4049
featured_part_03695,9,6,22.8584,22.5814
featured_part_03696,7,2,20.9931,20.9196
featured_part_03697,4,1,33.0608,32.6657
featured_part_03698,19,14,25.4774,25.403
featured_part_03699,24,16,128.1925,127.9827
featured_part_03700,7,5,16.5236,16.477
featured_part_03702,14,12,24.2063,24.1473
featured_part_03703,1,0,3.0451,2.9083
featured_part_03704,14,8,46.7384,46.653
featured_part_03705,9,5,122.4126,119.3712
featured_part_03706,19,10,111.9041,111.6623
featured_part_03707,13,4,29.1854,29.0129
featured_part_03708,9,6,6.7197,6.6818
featured_part_03709,13,10,89.9201,86.7367
featured_part_03710,18,14,34.6116,34.5183
featured_part_03711,6,2,28.6572,28.3307
featured_part_03712,13,7,206.6276,206.3704
featured_part_03713,14,8,184.432,184.0813
featured_part_03714,3,2,70.0372,69.4789
featured_part_03715,10,9,73.1731,69.8404
featured_part_03716,6,2,72.4648,72.4533
featured_part_03717,3,1,21.1307,21.0208
featured_part_03719,12,10,164.7076,161.8541
featured_part_03720,13,7,42.2647,41.8039
featured_part_03721,8,6,39.3393,38.6013
featured_part_03722,27,20,62.189,61.1952
featured_part_03723,11,8,44.4419,44.3335
featured_part_03728,9,2,54.5707,53.6806
featured_part_03729,10,7,49.9125,49.7308
featured_part_03730,16,11,110.5338,108.5695
featured_part_03731,2,1,29.2129,29.1694
featured_part_03732,14,10,39.6368,39.504
featured_part_03733,5,3,137.6353,137.3874
featured_part_03736,10,7,28.2713,27.9419
featured_part_03737,15,11,15.1925,15.1687
featured_part_03740,12,4,100.8296,100.7362
featured_part_03741,6,3,51.9194,48.9464
featured_part_03742,15,8,63.0651,62.9258
featured_part_03743,1,0,2.2792,2.2778
featured_part_03744,5,1,48.91,48.9004
featured_part_03745,5,3,26.7627,26.2322
featured_part_03746,4,3,28.3805,28.3516
featured_part_03747,4,3,17.405,16.9708
featured_part_03748,5,2,61.1219,61.0185
featured_part_03749,11,7,53.5457,52.612
featured_part_03750,3,0,25.0579,25.055
featured_part_03751,5,4,28.1499,28.0983
featured_part_03752,2,0,9.7181,9.7168
featured_part_03753,10,6,42.0072,41.5378
featured_part_03754,2,1,15.809,15.7862
featured_part_03755,9,8,57.5187,57.3982
featured_part_03756,12,11,75.3823,72.3616
featured_part_03757,21,14,93.5547,93.4098
featured_part_03758,7,4,20.8378,20.8117
featured_part_03759,2,1,29.0197,28.9822
featured_part_03760,16,11,15.2922,15.2497
featured_part_03761,4,3,110.4266,110.3336
featured_part_03762,9,5,170.3236,169.591
featured_part_03764,15,9,59.3379,59.1684
featured_part_03765,9,4,114.3296,112.5816
featured_part_03766,10,4,140.6856,140.5526
featured_part_03767,13,9,32.6208,32.5101
featured_part_03769,19,14,67.2358,66.6402
featured_part_03770,9,6,19.2629,19.249
featured_part_03771,8,2,76.7834,76.7455
featured_part_03772,13,10,12.7936,12.731
featured_part_03773,11,5,161.9228,161.7625
featured_part_03776,13,9,69.5499,67.7922
featured_part_03777,8,5,82.2153,82.1654
featured_part_03778,3,1,44.5241,44.4787
featured_part_03779,2,0,18.4986,18.4964
featured_part_03780,4,3,10.6848,10.6797
featured_part_03781,3,1,16.1503,16.1333
featured_part_03782,9,6,23.207,23.1913
featured_part_03785,2,1,15.3721,14.7429
featured_part_03786,7,5,21.584,21.535
featured_part_03787,7,2,95.5944,95.5142
featured_part_03788,10,6,168.6229,168.4818
featured_part_03789,9,7,115.5041,115.35
featured_part_03790,7,4,58.0285,57.9716
featured_part_03791,7,1,47.6974,47.4235
featured_part_03792,14,10,38.2915,38.2346
featured_part_03793,7,4,55.8468,55.2118
featured_part_03794,14,8,88.7233,88.1411
featured_part_03795,1,0,11.1252,11.0945
featured_part_03796,13,7,51.3002,50.9905
featured_part_03797,10,2,43.8117,42.852
featured_part_03799,18,11,84.0805,81.9579
featured_part_03800,11,5,39.2509,38.9981
featured_part_03801,5,1,67.2867,66.1012
featured_part_03803,2,1,23.608,23.2652
featured_part_03804,8,5,17.2232,17.1828
featured_part_03805,9,3,18.5123,18.0127
featured_part_03806,6,4,20.2,20.0451
featured_part_03807,8,5,109.4967,109.2322
featured_part_03809,5,4,9.3782,9.3695
featured_part_03811,7,2,79.6999,79.5611
featured_part_03812,15,11,52.8084,52.6925
featured_part_03813,17,8,74.6448,74.1363
featured_part_03815,13,8,58.3847,58.3278
featured_part_03817,11,7,23.196,22.5868
featured_part_03818,5,3,25.1167,25.0935
featured_part_03819,5,2,36.2559,34.7801
featured_part_03820,4,3,94.5279,91.2895
featured_part_03821,8,1,26.9341,26.9164
featured_part_03822,18,13,43.3753,43.2996
featured_part_03823,3,1,53.4988,53.4754
featured_part_03824,17,13,24.2018,24.1735
featured_part_03825,2,1,82.6662,82.5431
featured_part_03826,13,4,70.6321,70.5144
featured_part_03827,3,2,21.0743,21.0357
featured_part_03828,11,4,71.06,69.974
featured_part_03829,14,7,51.3709,51.1714
featured_part_03830,2,1,13.0927,13.0888
featured_part_03831,8,5,18.1108,18.0541
featured_part_03832,17,11,110.9751,107.3825
featured_part_03833,5,2,144.2957,144.2008
featured_part_03834,5,4,22.3967,21.8287
featured_part_03835,9,2,99.4691,99.3607
featured_part_03836,1,0,22.6427,22.642
featured_part_03837,20,16,118.1416,117.9077
featured_part_03838,17,13,11.9523,11.9216
featured_part_03840,9,5,24.6936,24.6721
featured_part_03841,6,1,51.8738,51.865
featured_part_03842,9,6,130.8729,130.6195
featured_part_03843,3,2,15.7526,15.7055
featured_part_03844,11,8,271.1621,269.0121
featured_part_03846,15,11,49.5855,48.1464
featured_part_03848,6,2,40.9591,40.9387
featured_part_03849,12,8,104.0373,101.9751
featured_part_03850,13,9,39.5734,39.5089
featured_part_03851,15,2,94.0343,93.8041
featured_part_03852,5,2,26.5582,26.0576
featured_part_03853,12,6,84.0887,84.0217
featured_part_03855,10,7,26.3981,26.3266
featured_part_03856,9,5,30.1118,29.8838
featured_part_03857,20,15,72.3856,72.3111
featured_part_03859,6,4,45.8134,45.7645
featured_part_03860,10,5,139.9043,139.4714
featured_part_03862,13,3,30.0835,30.0315
featured_part_03863,11,3,125.9929,125.3755
featured_part_03864,11,7,46.7391,46.6523
featured_part_03865,11,9,35.5998,35.5018
featured_part_03866,9,4,18.4692,17.9302
featured_part_03868,13,5,192.1182,190.9903
featured_part_03870,18,9,133.8679,131.9923
featured_part_03871,4,2,16.0243,15.9643
featured_part_03872,18,14,64.699,62.2509
featured_part_03873,4,0,44.0544,44.0494
featured_part_03874,24,17,84.5191,83.7188
featured_part_03875,2,1,58.4971,58.4372
featured_part_03876,4,1,27.4986,27.4923
featured_part_03877,2,1,18.1095,18.0831
featured_part_03879,6,3,21.4674,21.4593
featured_part_03881,20,14,46.1753,45.6746
featured_part_03882,4,2,44.5125,43.4472
featured_part_03883,6,2,69.6992,69.536
featured_part_03884,4,3,16.9122,16.3455
featured_part_03885,10,6,153.5224,153.1418
featured_part_03886,16,9,134.615,131.3336
featured_part_03887,8,6,34.9581,34.9024
featured_part_03888,4,2,44.1683,44.135
featured_part_03889,7,6,7.3067,7.2864
featured_part_03890,12,11,113.0743,111.8647
featured_part_03891,5,3,25.1806,25.1721
featured_part_03892,5,3,22.2049,22.1929
featured_part_03893,6,4,93.9845,92.9388
featured_part_03894,2,1,39.7349,39.695
featured_part_03895,11,8,93.42,93.2971
featured_part_03896,13,8,26.5588,26.4499
featured_part_03897,9,7,7.2269,7.1944
featured_part_03899,2,1,39.2213,38.6115
featured_part_03901,4,2,134.0908,133.982
featured_part_03902,9,3,89.116,88.6685
featured_part_03904,11,8,17.8376,17.7744
featured_part_03905,7,5,52.2218,51.3209
featured_part_03906,4,3,90.9033,90.8037
featured_part_03907,7,5,20.7876,20.7798
featured_part_03910,6,4,43.1393,42.8584
featured_part_03911,9,5,107.9339,103.712
featured_part_03912,22,16,51.1694,51.1319
featured_part_03913,15,13,62.1976,62.1278
featured_part_03914,17,13,4.3441,4.3221
featured_part_03915,5,2,24.8767,24.8434
featured_part_03916,10,7,38.0356,36.6185
featured_part_03917,9,4,171.4937,169.0615
featured_part_03918,5,2,46.812,44.9117
featured_part_03919,10,7,108.1525,108.0768
featured_part_03920,9,5,146.6354,144.9726
featured_part_03921,3,2,42.7042,42.6644
featured_part_03923,13,9,31.0745,31.012
featured_part_03924,11,2,18.6071,18.5926
featured_part_03925,4,2,27.7062,27.1027
featured_part_03926,10,8,3.6576,3.6407
featured_part_03927,18,12,32.2766,32.2401
featured_part_03928,15,12,123.7613,123.6232
featured_part_03929,16,6,89.6119,86.9402
featured_part_03930,24,18,127.0304,126.819
featured_part_03931,3,2,48.4068,48.332
featured_part_03932,8,1,65.0813,64.399
featured_part_03933,6,4,21.7408,21.6885
featured_part_03935,2,0,13.6756,13.6742
featured_part_03936,7,6,120.2096,119.5533
featured_part_03937,15,11,99.7166,99.6351
featured_part_03938,6,4,34.1493,34.135
featured_part_03939,3,2,86.2534,82.9593
featured_part_03940,8,5,22.5827,22.5634
featured_part_03941,3,2,43.184,41.9865
featured_part_03943,3,1,83.3959,79.9989
featured_part_03944,14,10,61.5321,59.743
featured_part_03945,6,5,31.9698,30.3856
featured_part_03948,1,0,3.5187,3.5186
featured_part_03949,8,3,76.4709,76.3383
featured_part_03950,14,11,96.1295,95.995
featured_part_03952,11,5,67.5356,67.3067
featured_part_03953,2,0,22.859,22.8574
featured_part_03954,5,4,19.3997,19.2607
featured_part_03955,7,2,54.2902,53.3984
featured_part_03956,3,2,32.8122,32.7476
featured_part_03957,4,2,66.9971,66.9085
featured_part_03958,5,4,16.9507,16.9434
featured_part_03959,1,0,7.0138,7.012
featured_part_03960,9,5,46.4392,46.4171
featured_part_03961,2,1,7.4364,7.0765
featured_part_03962,15,11,50.4706,50.4279
featured_part_03964,13,11,39.9108,38.0486
featured_part_03965,4,1,53.0701,53.018
featured_part_03966,14,7,25.1532,25.1027
featured_part_03967,2,0,16.3404,16.3382
featured_part_03968,6,5,13.721,13.6515
featured_part_03969,7,3,46.7667,46.6882
featured_part_03970,10,6,13.9816,13.9682
featured_part_03971,4,3,59.8321,58.5527
featured_part_03972,13,8,60.664,58.6726
featured_part_03973,6,4,28.0341,27.9745
featured_part_03974,6,2,56.3937,56.3522
featured_part_03975,1,0,3.4587,3.4582
featured_part_03976,6,5,35.255,35.2123
featured_part_03977,6,1,15.2435,15.2336
featured_part_03978,3,2,37.5343,37.442
featured_part_03979,8,5,34.814,34.7001
featured_part_03980,6,1,21.2365,21.2126
featured_part_03982,20,13,41.503,41.3856
featured_part_03983,4,3,11.0793,11.0443
featured_part_03984,14,11,26.002,25.8994
featured_part_03987,10,7,107.0941,102.7584
featured_part_03988,14,10,224.8552,224.6067
featured_part_03991,3,2,30.9317,30.8696
featured_part_03992,10,3,44.8735,44.3113
featured_part_03993,2,0,39.1961,39.1919
featured_part_03995,7,5,29.8406,29.4947
featured_part_03996,16,11,17.9447,17.7105
featured_part_03997,9,7,82.9495,82.8689
featured_part_03998,1,0,3.4897,3.4785
featured_part_03999,6,3,18.3321,18.2376
featured_part_04000,20,13,47.9653,47.7446
featured_part_04001,9,6,70.2939,70.2149
featured_part_04002,9,6,73.2452,72.6269
featured_part_04003,6,3,27.0143,26.2975
featured_part_04004,5,3,42.3476,42.1351
featured_part_04005,25,15,31.528,31.4435
featured_part_04006,19,10,165.6781,165.4248
featured_part_04007,9,7,62.7173,61.5167
featured_part_04008,7,6,20.9642,20.9437
featured_part_04009,13,8,90.6188,90.4998
featured_part_04010,15,10,56.6625,56.5301
featured_part_04011,13,8,95.3995,95.2877
featured_part_04012,8,2,66.8316,66.7854
featured_part_04013,4,2,11.1468,11.1107
featured_part_04014,4,3,75.3295,74.7446
featured_part_04015,7,3,48.6208,48.5459
featured_part_04016,5,1,40.962,40.9542
featured_part_04018,14,10,46.029,45.993
featured_part_04019,20,13,84.3151,83.2809
featured_part_04021,5,3,365.9399,363.8671
featured_part_04022,11,2,31.6403,31.5913
featured_part_04023,16,11,51.7162,51.5835
featured_part_04024,1,0,3.9194,3.9193
featured_part_04025,15,12,52.3094,51.4153
featured_part_04026,9,7,62.5002,60.8848
featured_part_04027,5,4,21.8548,21.8087
featured_part_04028,5,3,51.5657,51.4724
featured_part_04029,16,12,65.917,63.4163
featured_part_04030,18,11,30.974,30.891
featured_part_04031,15,9,27.0113,26.5223
featured_part_04033,3,2,63.4773,63.4214
featured_part_04034,8,6,23.202,23.1541
featured_part_04036,1,0,5.1817,5.1816
featured_part_04037,4,1,85.0696,84.9891
featured_part_04039,4,2,32.7997,32.7237
featured_part_04040,7,5,320.6215,320.3809
featured_part_04041,13,8,42.6637,42.5553
featured_part_04043,13,6,34.4638,34.4134
featured_part_04044,13,8,92.5208,90.7858
featured_part_04045,13,3,74.2979,73.2814
featured_part_04046,6,4,96.3976,91.9588
featured_part_04047,6,3,26.4988,26.4907
featured_part_04048,13,8,43.8433,42.8268
featured_part_04049,1,0,10.9637,10.9615
featured_part_04050,9,6,51.1507,50.1129
featured_part_04051,7,5,62.6353,62.5599
featured_part_04052,7,4,63.2881,62.4681
featured_part_04053,9,6,64.0765,64.0135
featured_part_04054,7,6,9.6209,9.5793
featured_part_04055,6,3,48.486,47.903
featured_part_04056,9,5,92.6259,92.5658
featured_part_04059,17,5,128.4684,128.3443
featured_part_04060,8,6,129.0021,128.9101
featured_part_04061,12,7,62.5065,60.3511
featured_part_04063,3,2,88.0237,87.8735
featured_part_04064,11,8,56.6234,56.5211
featured_part_04065,11,7,138.9813,138.7874
featured_part_04066,9,3,20.7314,20.2299
featured_part_04067,8,3,111.4684,111.3701
featured_part_04068,4,1,30.4088,30.388
featured_part_04070,4,2,67.0839,66.9978
featured_part_04072,11,6,90.4919,86.9083
featured_part_04073,7,6,12.4802,11.8973
featured_part_04074,9,7,46.2661,44.9031
featured_part_04075,27,20,27.1921,27.0896
featured_part_04076,2,0,55.4604,53.5911
featured_part_04077,2,1,30.7231,30.7205
featured_part_04078,1,0,29.7026,28.161
featured_part_04079,3,1,38.0571,38.0399
featured_part_04080,26,21,71.5112,71.4169
featured_part_04081,13,10,102.7581,101.4124
featured_part_04082,7,3,58.9179,58.85
featured_part_04083,15,12,111.7367,111.6076
featured_part_04084,24,18,163.7628,161.2981
featured_part_04085,8,1,49.2273,49.1348
featured_part_04086,13,5,104.8547,104.4874
featured_part_04087,10,9,78.4839,78.2892
featured_part_04088,10,8,97.5461,97.3348
featured_part_04089,4,1,42.8682,42.8356
featured_part_04090,8,4,64.8523,63.7787
featured_part_04091,12,8,39.5332,39.4448
featured_part_04092,7,2,204.9993,204.9228
featured_part_04093,9,5,21.5778,21.5292
featured_part_04094,6,1,38.5929,37.9719
featured_part_04096,8,2,33.2751,33.1594
featured_part_04097,8,3,115.7921,115.6088
featured_part_04098,9,8,150.3027,149.4163
featured_part_04099,7,5,47.3742,47.3344
featured_part_04100,4,3,20.3477,20.3424
featured_part_04101,21,17,18.0907,18.0555
featured_part_04102,4,2,37.6984,36.8056
featured_part_04103,6,4,106.4333,104.4377
featured_part_04104,12,9,57.3462,55.8328
featured_part_04105,7,4,111.3374,108.9636
featured_part_04106,7,6,67.6769,65.6712
featured_part_04107,5,4,51.9189,50.021
featured_part_04108,13,10,25.1774,25.1246
featured_part_04109,11,6,343.6839,343.4468
featured_part_04110,4,2,26.5863,26.5662
featured_part_04111,5,4,159.1175,158.1612
featured_part_04112,9,7,42.5264,41.7491
featured_part_04113,5,2,32.6641,32.599
featured_part_04114,2,1,13.2987,13.2525
featured_part_04115,2,1,30.5186,29.9901
featured_part_04116,15,9,35.285,35.1757
featured_part_04118,3,2,68.2836,68.1387
featured_part_04119,11,6,84.1966,82.3853
featured_part_04120,12,8,29.1971,29.1271
featured_part_04121,4,3,29.7348,29.6845
featured_part_04122,9,7,122.4498,122.1893
featured_part_04123,10,6,19.7879,19.4758
featured_part_04124,2,1,67.2661,64.3206
featured_part_04125,26,16,123.7323,123.5833
featured_part_04126,7,4,137.3152,136.7249
featured_part_04127,12,6,32.8183,32.2713
featured_part_04128,3,0,39.1627,39.1578
featured_part_04130,17,9,67.8224,66.8258
featured_part_04131,10,4,106.4876,106.3528
featured_part_04133,5,4,1.5464,1.5374
featured_part_04134,2,1,22.3225,21.8365
featured_part_04135,6,5,38.4589,37.9042
featured_part_04137,6,3,28.913,28.8023
featured_part_04138,2,1,30.3684,29.9359
featured_part_04140,6,4,7.1796,7.1639
featured_part_04141,17,6,21.0562,20.9574
featured_part_04142,10,3,104.8746,104.6386
featured_part_04143,8,2,56.4447,56.3544
featured_part_04144,15,9,34.651,34.5373
featured_part_04145,10,5,111.9726,111.8914
featured_part_04146,11,6,137.6015,136.9837
featured_part_04147,5,3,30.8882,30.0853
featured_part_04149,11,7,208.3976,208.1776
featured_part_04150,8,3,14.7535,14.7288
featured_part_04151,5,4,54.3617,53.4621
featured_part_04153,12,7,55.3024,55.2441
featured_part_04154,11,6,165.8703,163.6448
featured_part_04155,15,11,30.1897,30.1505
featured_part_04156,6,5,168.1443,164.4166
featured_part_04157,4,3,50.6695,50.235
featured_part_04158,10,7,24.6511,24.0788
featured_part_04159,10,3,303.9668,303.7619
featured_part_04160,15,12,70.0471,69.9385
featured_part_04162,14,9,204.0051,203.4118
featured_part_04163,10,5,116.5065,116.2627
featured_part_04164,18,11,86.3758,83.9285
featured_part_04166,11,3,104.3208,104.1236
featured_part_04167,7,6,35.0544,34.1642
featured_part_04168,14,5,111.59,107.9295
featured_part_04169,9,5,27.4882,27.3626
featured_part_04170,11,6,95.1152,92.8365
featured_part_04171,6,5,137.2196,137.0328
featured_part_04172,6,1,66.8311,66.7832
featured_part_04173,2,1,12.5081,12.4799
featured_part_04174,17,7,55.4872,55.3948
featured_part_04175,3,2,46.5654,46.5251
featured_part_04176,8,3,72.21,69.9225
featured_part_04177,3,2,67.7263,67.6523
featured_part_04178,4,3,108.4749,106.2362
featured_part_04179,8,6,93.3593,92.8609
featured_part_04180,10,5,135.0813,134.3177
featured_part_04181,12,3,63.6317,63.5099
featured_part_04182,8,2,54.8374,54.7613
featured_part_04184,9,3,44.2245,44.0743
featured_part_04185,8,3,120.784,120.6397
featured_part_04186,7,3,29.4983,29.0972
featured_part_04187,6,3,19.4901,18.585
featured_part_04188,17,12,52.2021,51.5001
featured_part_04189,9,6,101.4029,99.5429
featured_part_04190,18,11,161.8639,161.6376
featured_part_04191,7,5,24.3244,24.2696
featured_part_04192,7,5,20.0924,20.0616
featured_part_04193,15,11,83.7591,83.5816
featured_part_04194,14,10,77.8402,77.7786
featured_part_04195,2,1,29.8386,29.7773
featured_part_04196,18,14,64.7237,64.6456
featured_part_04197,5,4,7.7474,7.7316
featured_part_04199,8,7,84.9702,83.8967
featured_part_04200,12,5,67.1609,66.2428
featured_part_04201,4,2,41.8543,41.819
featured_part_04202,9,6,7.4037,7.3911
featured_part_04203,3,1,19.3195,18.2784
featured_part_04204,13,10,3.9642,3.9416
featured_part_04205,8,3,101.2625,101.1995
featured_part_04206,16,8,84.2711,83.3485
featured_part_04207,10,6,64.9556,63.9489
featured_part_04208,7,3,158.3918,158.1694
featured_part_04209,17,15,131.6119,131.3624
featured_part_04210,12,4,42.6472,42.5765
featured_part_04211,4,0,54.3352,54.3285
featured_part_04213,8,3,233.535,233.4039
featured_part_04214,3,0,39.8521,39.8476
featured_part_04215,7,6,48.3609,47.147
featured_part_04217,16,11,54.1708,53.6739
featured_part_04219,11,3,71.0986,70.9742
featured_part_04221,3,2,134.7278,133.8172
featured_part_04222,16,12,58.0803,57.9611
featured_part_04223,5,1,46.2029,46.1614
featured_part_04224,6,1,15.5081,15.4605
featured_part_04225,5,4,124.8595,124.8123
featured_part_04226,13,8,44.4433,44.4241
featured_part_04228,7,5,31.5502,30.5257
featured_part_04229,6,3,63.3222,62.2758
featured_part_04230,10,8,10.2156,10.1667
featured_part_04231,2,1,12.7888,12.7758
featured_part_04232,3,1,76.9366,74.2576
featured_part_04233,14,8,158.3412,153.0177
featured_part_04234,6,2,64.0643,63.9845
featured_part_04235,4,3,7.3677,7.3453
featured_part_04236,2,0,28.799,28.796
featured_part_04238,10,4,94.7862,94.6568
featured_part_04239,6,4,14.5476,14.1826
featured_part_04240,5,3,26.4985,26.4523
featured_part_04241,21,15,115.4577,115.2262
featured_part_04243,6,4,47.2617,46.6684
featured_part_04245,12,7,76.2396,76.1114
featured_part_04247,7,6,113.2999,113.1536
featured_part_04248,7,5,33.1358,33.0947
featured_part_04249,19,11,96.1245,95.9102
featured_part_04250,5,4,4.7946,4.7863
featured_part_04251,19,13,79.3159,79.1864
featured_part_04252,30,23,124.4365,124.2612
featured_part_04253,26,19,47.5412,46.7553
featured_part_04255,9,7,119.8132,118.3845
featured_part_04256,9,6,13.5345,13.522
featured_part_04257,4,2,31.9315,31.8635
featured_part_04258,6,3,40.1473,39.782
featured_part_04260,4,3,33.317,32.8306
featured_part_04261,19,16,49.8856,49.4988
featured_part_04262,20,16,132.8643,131.6734
featured_part_04263,11,9,25.6709,25.008
featured_part_04264,8,4,44.071,44.0329
featured_part_04265,7,4,55.6852,55.6453
featured_part_04266,9,3,48.6841,48.622
featured_part_04267,4,2,51.8109,51.7204
featured_part_04268,16,11,82.806,80.9493
featured_part_04270,7,5,54.7611,53.2374
featured_part_04271,3,2,9.1116,9.0921
featured_part_04272,3,2,42.4526,42.4023
featured_part_04273,8,2,36.9318,36.8871
featured_part_04274,18,11,43.0665,43.0334
featured_part_04275,4,3,36.7105,36.6798
featured_part_04276,5,2,91.4123,88.4561
featured_part_04277,16,12,78.8285,78.7437
featured_part_04278,2,1,11.1686,11.1662
featured_part_04279,9,4,56.5383,56.0629
featured_part_04280,3,1,25.1257,25.0773
featured_part_04281,19,14,26.5298,26.4485
featured_part_04282,5,4,53.4486,53.3795
featured_part_04283,7,1,13.3768,13.2918
featured_part_04284,13,9,85.2667,82.5559
featured_part_04285,5,0,59.9426,58.401
featured_part_04286,4,3,40.2948,40.2748
featured_part_04287,18,3,61.5919,59.6803
featured_part_04288,3,2,9.6829,9.6553
featured_part_04289,14,9,53.6122,53.097
featured_part_04290,3,2,63.0977,61.1549
featured_part_04291,4,1,95.371,95.2586
featured_part_04292,6,4,23.2243,22.7848
featured_part_04293,11,7,44.2914,44.1638
featured_part_04294,13,4,61.5619,61.3991
featured_part_04296,8,6,51.3413,51.2722
featured_part_04298,11,7,47.3875,46.4054
featured_part_04299,1,0,10.0608,10.0588
featured_part_04301,5,3,130.079,129.5233
featured_part_04302,8,6,51.4662,49.2507
featured_part_04303,8,5,41.6606,40.5682
featured_part_04306,23,17,69.9785,67.7327
featured_part_04307,5,4,0.8233,0.8083
featured_part_04308,19,14,51.5245,50.8543
featured_part_04309,14,9,70.6403,69.3665
featured_part_04310,8,6,42.495,41.1375
featured_part_04311,2,1,50.0928,50.0602
featured_part_04313,13,11,82.1581,82.0181
featured_part_04314,23,16,65.7477,64.2912
featured_part_04315,5,1,94.2981,92.4482
featured_part_04316,13,8,41.2379,41.2006
featured_part_04317,15,3,57.9338,57.8047
featured_part_04318,6,5,47.7776,45.854
featured_part_04319,7,5,18.5778,17.8114
featured_part_04320,13,11,86.0941,85.9638
featured_part_04321,4,3,11.6429,11.6361
featured_part_04322,5,2,35.8394,35.8129
featured_part_04323,5,2,25.4914,25.3086
featured_part_04324,6,4,60.0801,58.3034
featured_part_04325,3,2,19.7944,19.7428
featured_part_04326,12,8,30.721,30.2083
featured_part_04327,6,4,8.2626,8.2548
featured_part_04328,7,5,64.8132,64.6497
featured_part_04330,2,1,12.4477,11.9923
featured_part_04331,7,4,29.2905,29.2685
featured_part_04332,6,4,49.16,49.1089
featured_part_04333,13,10,41.6911,41.6212
featured_part_04334,10,6,28.7883,28.0677
featured_part_04336,10,4,28.3985,28.0538
featured_part_04337,9,7,84.5521,82.6576
featured_part_04339,25,17,74.7909,74.2156
featured_part_04341,8,6,27.9414,27.8826
featured_part_04343,3,2,39.1962,39.1539
featured_part_04344,17,3,80.7145,79.3113
featured_part_04345,6,5,13.8001,13.7777
featured_part_04346,5,4,3.4618,3.4428
featured_part_04347,15,13,14.4692,13.9252
featured_part_04348,11,6,177.6429,177.3759
featured_part_04349,11,7,73.1908,73.1661
featured_part_04350,9,2,131.5427,131.4589
featured_part_04351,11,8,13.2108,13.1903
featured_part_04352,6,5,73.7157,72.445
featured_part_04353,6,5,171.0104,164.9432
featured_part_04354,13,7,55.4363,54.8568
featured_part_04355,12,8,27.4804,27.4212
featured_part_04356,10,7,19.3135,18.9544
featured_part_04357,4,2,91.9106,88.4634
featured_part_04358,3,1,15.0389,14.9935
featured_part_04359,3,2,18.292,18.2784
featured_part_04360,20,15,99.9144,97.6144
featured_part_04362,8,4,20.6306,19.7113
featured_part_04363,22,17,49.3602,48.6493
featured_part_04364,4,1,45.2271,45.1867
featured_part_04365,14,3,41.8265,40.759
featured_part_04366,17,13,78.0732,76.1125
featured_part_04367,21,16,256.6963,255.0407
featured_part_04368,6,4,21.5557,21.5331
featured_part_04369,4,3,19.716,19.6827
featured_part_04370,17,11,33.9504,33.59
featured_part_04371,7,3,97.8903,94.3166
featured_part_04372,7,6,37.4476,36.6422
featured_part_04373,4,2,35.0423,35.0039
featured_part_04375,7,4,41.4996,41.0307
featured_part_04376,10,3,14.2537,13.9164
featured_part_04377,3,1,50.8936,50.8848
featured_part_04378,9,5,50.4512,50.4059
featured_part_04379,7,3,25.8341,25.7893
featured_part_04380,17,13,46.0301,45.0744
featured_part_04381,21,15,52.3001,50.9613
featured_part_04382,16,10,92.32,91.8912
featured_part_04383,5,3,126.7769,121.9531
featured_part_04385,7,2,110.5019,110.373
featured_part_04386,10,3,50.631,48.9698
featured_part_04387,16,5,61.549,61.3818
featured_part_04389,8,2,46.2977,45.7842
featured_part_04390,8,4,35.426,35.4136
featured_part_04391,4,3,1.2347,1.2274
featured_part_04392,8,3,63.2766,63.1336
featured_part_04393,11,6,95.2826,95.0879
featured_part_04394,13,11,13.2351,13.1913
featured_part_04395,11,6,109.0246,107.5482
featured_part_04396,12,3,61.0199,60.0472
featured_part_04397,2,1,17.2816,17.2649
featured_part_04398,1,0,21.3351,21.332
featured_part_04399,1,0,42.5284,42.491
featured_part_04400,4,1,24.2506,24.2195
featured_part_04401,15,9,50.2559,50.1576
featured_part_04402,11,6,14.9281,14.8995
featured_part_04403,6,5,18.9335,18.8866
featured_part_04404,3,2,6.1123,6.0983
featured_part_04405,10,6,44.4718,44.3832
featured_part_04406,12,10,77.6988,76.5269
featured_part_04407,11,8,21.6816,21.6261
featured_part_04408,9,7,83.9755,83.8433
featured_part_04409,12,8,59.0583,59.0355
featured_part_04410,5,3,22.9894,22.9824
featured_part_04411,9,7,64.2044,64.1366
featured_part_04412,4,0,85.4137,85.4038
featured_part_04413,3,1,42.714,42.6978
featured_part_04414,8,4,62.818,62.6926
featured_part_04416,9,7,45.5811,45.5186
featured_part_04417,3,1,104.4716,104.392
featured_part_04418,6,5,52.6907,51.2848
featured_part_04419,14,8,64.3636,63.7398
featured_part_04420,6,4,69.3808,66.7838
featured_part_04421,16,11,26.7589,26.6674
featured_part_04422,7,1,26.1902,26.1813
featured_part_04423,6,5,78.9398,78.838
featured_part_04424,14,11,95.8491,95.6979
featured_part_04425,9,8,61.083,58.766
featured_part_04426,30,21,63.4055,62.5716
featured_part_04427,2,1,12.6585,12.6479
featured_part_04428,11,3,107.2446,107.139
featured_part_04429,18,9,31.3421,30.7331
featured_part_04430,3,2,149.1631,149.0625
featured_part_04431,10,5,88.7499,87.2428
featured_part_04432,22,13,41.7684,41.2519
featured_part_04433,8,5,23.7892,23.4803
featured_part_04434,7,5,13.1124,12.8597
featured_part_04435,10,7,51.8057,51.0725
featured_part_04437,12,9,81.2058,81.0038
featured_part_04438,6,5,8.6432,8.6345
featured_part_04439,10,5,69.668,69.5636
featured_part_04441,4,3,124.113,123.9955
featured_part_04442,6,4,37.5661,37.0784
featured_part_04444,7,4,321.7595,321.4339
featured_part_04445,3,2,32.7977,32.2131
featured_part_04446,5,2,72.9096,71.1083
featured_part_04447,6,2,141.2746,141.1093
featured_part_04448,12,4,63.2587,62.5918
featured_part_04449,5,2,54.5783,54.5284
featured_part_04450,10,4,156.2891,153.4094
featured_part_04451,6,3,36.5608,36.5094
featured_part_04452,6,4,65.8361,65.7152
featured_part_04453,11,9,8.9308,8.6461
featured_part_04454,6,2,43.6919,43.1044
featured_part_04455,8,5,75.4543,73.9239
featured_part_04456,14,11,37.7787,36.5602
featured_part_04457,7,4,36.6388,36.2357
featured_part_04458,7,5,53.8073,53.6603
featured_part_04459,7,3,26.137,26.0841
featured_part_04460,5,1,10.811,10.7744
featured_part_04461,11,7,34.6121,34.546
featured_part_04462,12,9,121.9527,121.4727
featured_part_04463,7,5,86.2196,84.3041
featured_part_04464,11,7,73.6213,71.0038
featured_part_04465,12,10,79.2709,77.444
featured_part_04467,10,2,30.5912,30.5672
featured_part_04469,7,5,11.7078,11.4389
featured_part_04470,17,12,25.0581,25.0159
featured_part_04471,10,2,34.5078,34.3802
featured_part_04472,5,2,343.0786,336.4334
featured_part_04473,12,9,48.7744,47.1282
featured_part_04475,9,7,16.8216,16.7701
featured_part_04476,5,4,261.8914,261.6131
featured_part_04477,5,2,9.5848,9.5656
featured_part_04478,12,8,17.5297,17.4966
featured_part_04480,7,6,65.6611,65.4699
featured_part_04481,15,9,28.7529,28.5535
featured_part_04482,8,6,46.197,45.3729
featured_part_04483,9,4,84.8137,84.7035
featured_part_04484,9,3,88.907,88.0329
featured_part_04486,3,1,75.2081,75.1455
featured_part_04487,6,3,8.1822,7.9353
featured_part_04488,12,9,14.2381,13.9318
featured_part_04489,8,6,22.022,22.0112
featured_part_04490,13,12,115.3674,114.2378
featured_part_04491,13,4,47.4421,45.4223
featured_part_04492,5,3,27.883,27.7378
featured_part_04493,9,1,49.7266,49.6227
featured_part_04494,21,16,26.2391,26.1979
featured_part_04495,10,8,39.709,39.6565
featured_part_04496,10,6,14.8398,14.7738
featured_part_04498,10,5,76.0041,75.8847
featured_part_04499,8,2,58.711,58.6754
featured_part_04500,4,2,18.1906,18.1713
featured_part_04501,15,12,76.8127,76.6969
featured_part_04502,7,2,12.9907,12.9382
featured_part_04503,8,5,8.973,8.9306
featured_part_04504,5,1,45.1996,45.188
featured_part_04505,17,11,40.1388,40.1114
featured_part_04506,13,10,18.9812,18.9199
featured_part_04507,8,6,38.133,38.1193
featured_part_04508,4,1,49.6793,49.6373
featured_part_04509,22,17,21.3921,21.3277
featured_part_04510,10,8,37.1372,37.0419
featured_part_04511,15,5,28.3537,28.2932
featured_part_04512,5,2,90.525,88.1936
featured_part_04513,2,1,49.4126,47.1575
featured_part_04515,14,3,164.6201,164.4962
featured_part_04516,14,10,38.0654,37.9902
featured_part_04517,3,1,43.5483,43.5082
featured_part_04518,3,2,0.5549,0.5503
featured_part_04519,8,3,136.723,134.9429
featured_part_04520,6,2,93.4619,93.3228
featured_part_04522,7,5,86.7428,84.857
featured_part_04523,25,18,41.0711,40.9989
featured_part_04524,6,1,174.5627,174.3876
featured_part_04525,9,4,41.0293,40.4146
featured_part_04526,8,3,51.4475,51.3961
featured_part_04527,11,5,70.2459,68.9343
featured_part_04529,1,0,19.8717,19.871
featured_part_04530,10,5,37.969,37.6452
featured_part_04531,6,1,84.85,84.7505
featured_part_04532,9,6,18.8986,18.8717
featured_part_04533,7,3,27.6623,27.5963
featured_part_04535,5,3,69.3495,68.0349
featured_part_04536,9,4,110.6452,110.5166
featured_part_04537,15,10,117.507,115.9229
featured_part_04538,7,5,49.354,49.3004
featured_part_04540,3,2,27.5841,26.6941
featured_part_04541,5,3,27.3757,26.3444
featured_part_04542,12,8,124.3615,121.5634
featured_part_04543,13,11,92.2962,88.7704
featured_part_04544,18,9,39.8323,39.0271
featured_part_04545,19,12,504.2331,503.84
featured_part_04547,16,12,4.8295,4.8019
featured_part_04549,10,8,85.7869,85.6807
featured_part_04550,14,9,39.0581,38.9521
featured_part_04552,9,2,13.617,13.5766
featured_part_04553,5,3,53.9201,51.6304
featured_part_04554,8,3,86.7778,84.7987
featured_part_04555,16,8,75.784,75.6455
featured_part_04556,1,0,7.8336,7.8335
featured_part_04558,2,1,34.4746,34.4288
featured_part_04559,10,7,42.7029,41.8133
featured_part_04560,10,7,13.0846,13.0503
featured_part_04561,15,10,39.7961,39.6212
featured_part_04562,4,3,18.9843,18.9491
featured_part_04563,4,1,49.8955,49.86
featured_part_04564,4,2,12.554,12.5361
featured_part_04565,10,5,45.1732,45.1157
featured_part_04566,11,8,83.876,81.3877
featured_part_04567,6,4,79.7209,77.0466
featured_part_04568,11,4,78.4689,77.4512
featured_part_04569,10,7,32.186,32.0352
featured_part_04570,12,9,74.1645,71.1066
featured_part_04571,14,9,74.7099,74.6833
featured_part_04572,13,6,70.7035,70.5706
featured_part_04573,8,2,93.0903,92.0876
featured_part_04574,5,3,156.1454,155.3787
featured_part_04575,3,1,31.9285,31.8918
featured_part_04577,3,2,25.0981,24.8617
featured_part_04578,8,6,78.9062,77.3034
featured_part_04579,7,4,56.0468,55.933
featured_part_04580,8,5,47.6761,47.5963
featured_part_04581,6,1,22.5273,22.4656
featured_part_04582,4,2,30.4616,29.7863
featured_part_04583,8,5,17.4628,17.2229
featured_part_04584,7,5,33.3519,33.3389
featured_part_04585,15,12,19.972,19.9159
featured_part_04586,13,8,50.2594,50.19
featured_part_04587,5,2,55.4747,55.4241
featured_part_04588,3,2,22.9427,21.9157
featured_part_04589,4,1,37.9462,37.9168
featured_part_04590,4,1,43.4914,43.4193
featured_part_04591,16,11,10.7548,10.7241
featured_part_04592,11,8,20.6209,20.5986
featured_part_04594,13,9,63.4594,63.1987
featured_part_04595,14,10,113.9889,111.9189
featured_part_04596,3,1,53.2069,53.1894
featured_part_04598,4,1,22.1091,22.1038
featured_part_04600,3,2,14.3238,14.2905
featured_part_04601,9,5,156.8086,154.9393
featured_part_04602,9,6,20.2886,20.2551
featured_part_04603,5,3,44.0212,43.9918
featured_part_04605,9,5,84.4979,84.3859
featured_part_04607,21,12,128.1497,127.7904
featured_part_04608,10,7,39.9417,39.8821
featured_part_04609,4,1,37.6376,37.5327
featured_part_04610,11,6,53.9901,53.8997
featured_part_04611,5,2,65.8088,65.6865
featured_part_04612,7,3,15.9691,15.9351
featured_part_04613,7,3,51.2995,51.0845
featured_part_04615,8,3,80.2096,80.0975
featured_part_04616,7,6,25.427,25.388
featured_part_04617,10,4,18.7515,18.1392
featured_part_04618,4,3,36.6593,35.4528
featured_part_04619,5,2,26.3513,26.3153
featured_part_04620,6,3,37.1055,37.0653
featured_part_04621,10,8,38.031,35.8355
featured_part_04622,3,0,26.0231,26.0187
featured_part_04623,8,6,67.1784,65.5515
featured_part_04624,15,11,94.3071,92.9823
featured_part_04625,6,1,56.0783,56.0415
featured_part_04626,18,12,37.7647,37.6623
featured_part_04627,10,8,42.9385,42.8824
featured_part_04628,11,8,98.9087,96.1402
featured_part_04629,15,12,118.0888,116.4097
featured_part_04630,8,4,29.9374,29.133
featured_part_04631,12,7,86.5553,84.4913
featured_part_04632,8,6,34.5245,34.5102
featured_part_04633,13,7,70.6481,69.594
featured_part_04634,16,13,43.4373,43.3596
featured_part_04635,10,7,159.7315,156.4364
featured_part_04636,13,5,43.0254,41.4235
featured_part_04638,7,4,126.6928,126.6165
featured_part_04639,13,9,220.4522,220.2642
featured_part_04640,12,8,71.5546,71.4783
featured_part_04641,8,4,29.5886,29.5665
featured_part_04642,12,10,441.7598,441.4826
featured_part_04643,12,7,41.021,40.9294
featured_part_04644,10,6,58.2618,58.1142
featured_part_04645,12,8,125.9687,121.8826
featured_part_04646,6,4,26.3115,25.9668
featured_part_04647,12,8,3.3985,3.3515
featured_part_04648,15,9,66.8407,66.6899
featured_part_04649,10,6,34.2224,34.183
featured_part_04651,10,4,44.6656,44.6295
featured_part_04652,17,11,170.1799,169.9188
featured_part_04653,5,2,80.5139,80.421
featured_part_04654,5,3,1.4228,1.4032
featured_part_04655,4,1,31.3657,31.3437
featured_part_04656,7,4,16.4807,16.4644
featured_part_04657,18,13,45.7356,43.9155
featured_part_04658,14,9,106.069,105.9634
featured_part_04659,3,1,12.6431,12.0349
featured_part_04660,5,4,20.5216,20.5132
featured_part_04661,7,6,28.5319,28.4813
featured_part_04662,3,2,28.5119,28.4702
featured_part_04663,8,6,81.1615,79.8868
featured_part_04664,3,2,13.1153,13.095
featured_part_04665,8,3,44.9992,44.976
featured_part_04666,13,10,19.3149,19.2507
featured_part_04668,7,3,47.3226,45.5468
featured_part_04669,10,7,14.9709,14.1612
featured_part_04670,4,2,20.7178,20.7136
featured_part_04671,5,4,92.2197,91.0107
featured_part_04672,1,0,0.3749,0.3733
featured_part_04673,15,11,72.0676,69.5986
featured_part_04674,9,7,22.378,22.3605
featured_part_04675,7,4,20.9443,20.9157
featured_part_04676,9,6,188.6606,188.3505
featured_part_04677,6,4,21.5842,21.5568
featured_part_04679,12,9,81.5341,79.9765
featured_part_04680,10,7,5.8015,5.7877
featured_part_04681,3,1,22.1555,21.8317
featured_part_04683,15,6,47.5425,47.436
featured_part_04684,5,4,10.7512,10.7238
featured_part_04685,9,6,102.8282,102.6858
featured_part_04686,13,10,14.337,14.2848
featured_part_04687,5,2,48.1336,48.0648
featured_part_04688,2,1,30.5679,30.536
featured_part_04690,2,0,25.7554,25.7525
featured_part_04691,16,11,19.2641,19.2407
featured_part_04692,8,7,151.2933,151.0714
featured_part_04693,10,8,198.2629,197.6115
featured_part_04694,4,3,21.2663,21.2119
featured_part_04695,10,2,53.6033,53.5591
featured_part_04696,14,4,107.1875,106.9655
featured_part_04697,5,3,23.4608,23.4544
featured_part_04698,7,3,196.0218,191.9505
featured_part_04699,38,26,65.1833,65.0336
featured_part_04700,5,1,3.1826,3.1762
featured_part_04701,9,4,78.123,77.9465
featured_part_04702,15,8,48.0611,47.9576
featured_part_04703,10,6,19.8271,19.776
featured_part_04704,15,9,48.8617,47.0702
featured_part_04705,9,6,42.5955,42.521
featured_part_04706,5,3,94.7285,94.6482
featured_part_04707,6,2,36.366,36.3098
featured_part_04709,9,7,12.2495,12.2247
featured_part_04710,9,4,115.3415,115.2108
featured_part_04711,13,8,48.6222,48.592
featured_part_04712,11,8,279.9596,279.1886
featured_part_04713,14,10,22.8104,22.7135
featured_part_04714,3,1,33.1668,33.1188
featured_part_04716,22,16,54.2465,53.3062
featured_part_04717,9,5,94.7971,92.2414
featured_part_04718,18,12,112.1929,110.366
featured_part_04719,2,1,0.4518,0.4327
featured_part_04720,6,3,147.8043,147.2657
featured_part_04721,5,2,61.1285,60.2131
featured_part_04722,11,4,64.7734,63.4222
featured_part_04723,8,7,102.1775,100.5856
featured_part_04725,6,2,89.2949,89.172
featured_part_04727,9,6,24.415,24.3788
featured_part_04728,10,8,26.1871,26.125
featured_part_04729,18,9,64.7638,64.2553
featured_part_04730,14,10,239.39,238.8576
featured_part_04731,7,2,44.5694,44.336
featured_part_04732,5,3,70.6723,68.2798
featured_part_04733,12,4,181.2427,180.5038
featured_part_04734,6,4,30.9213,30.8714
featured_part_04735,4,2,40.264,40.2549
featured_part_04736,3,1,58.0746,58.019
featured_part_04737,15,10,110.7962,108.4021
featured_part_04738,12,8,30.4556,30.3885
featured_part_04739,9,6,19.2766,19.2446
featured_part_04740,8,5,31.37,31.3583
featured_part_04741,7,4,41.4023,41.2844
featured_part_04743,3,2,45.2238,45.1638
featured_part_04744,27,20,39.2582,39.1716
featured_part_04746,19,10,83.6785,81.9956
featured_part_04747,10,6,40.0807,40.0115
featured_part_04748,9,3,279.297,278.3098
featured_part_04749,6,3,93.9009,93.7425
featured_part_04750,10,6,94.2609,93.65
featured_part_04751,20,13,92.5564,90.7021
featured_part_04752,2,1,16.7211,16.6958
featured_part_04753,6,4,23.3782,23.3598
featured_part_04754,9,2,21.8709,20.6767
featured_part_04755,5,2,35.4178,35.3214
featured_part_04758,6,3,26.1971,26.0034
featured_part_04759,12,3,139.1456,138.9009
featured_part_04760,1,0,39.7149,37.6411
featured_part_04761,11,4,15.2015,14.7019
featured_part_04762,16,11,19.1499,18.7113
featured_part_04763,13,9,106.8433,102.9938
featured_part_04764,13,10,54.0592,53.2282
featured_part_04765,7,3,48.3208,48.2976
featured_part_04766,2,1,39.1921,38.4381
featured_part_04767,1,0,9.4759,9.4756
featured_part_04768,4,1,33.8838,33.8401
featured_part_04769,8,2,25.9229,25.9105
featured_part_04771,15,11,40.8032,40.7706
featured_part_04772,3,1,16.3982,16.3708
featured_part_04773,8,5,38.2674,37.3575
featured_part_04774,8,7,14.8746,14.8424
featured_part_04775,5,4,92.7013,88.2411
featured_part_04776,7,3,89.47,89.3234
featured_part_04777,7,3,27.8673,27.4662
featured_part_04778,9,2,4.2364,4.0122
featured_part_04779,5,2,30.2417,30.23
featured_part_04780,6,2,102.1855,101.662
featured_part_04781,8,6,27.1253,26.2934
featured_part_04782,4,1,37.4475,37.3943
featured_part_04783,4,1,76.1017,74.1442
featured_part_04784,3,2,82.3255,78.3446
featured_part_04785,1,0,0.2704,0.2688
featured_part_04786,10,7,5.8496,5.8357
featured_part_04787,3,0,25.8618,25.8582
featured_part_04788,18,15,84.3851,84.1933
featured_part_04790,13,10,53.521,53.3759
featured_part_04791,5,2,34.0588,34.0166
featured_part_04793,6,5,75.3654,75.2641
featured_part_04794,5,4,37.0421,36.8554
featured_part_04796,8,7,91.4888,91.3741
featured_part_04797,5,4,135.5226,135.3791
featured_part_04798,7,2,94.5472,93.0013
featured_part_04799,5,2,14.293,14.2711
featured_part_04800,12,7,27.171,27.1272
featured_part_04801,12,9,28.2158,28.1131
featured_part_04802,13,9,147.2831,146.3648
featured_part_04803,16,13,70.8213,70.7436
featured_part_04804,3,2,66.4208,63.9032
featured_part_04805,17,8,48.5285,47.7003
featured_part_04806,3,2,185.2595,177.3372
featured_part_04807,5,2,81.5366,80.1075
featured_part_04808,2,1,11.7443,11.6648
featured_part_04809,9,7,100.0193,97.0049
featured_part_04810,13,3,90.8274,89.3507
featured_part_04811,5,1,15.1816,15.1757
featured_part_04812,7,2,96.6709,92.9479
featured_part_04813,3,1,29.0168,28.6341
featured_part_04814,4,3,73.5546,72.719
featured_part_04815,4,3,24.5375,24.4907
featured_part_04816,4,1,88.8206,88.7444
featured_part_04817,15,12,118.6859,118.3837
featured_part_04818,9,6,40.2949,39.7985
featured_part_04819,6,1,112.1511,112.0837
featured_part_04820,5,4,55.6781,52.9302
featured_part_04821,13,5,22.0127,21.9517
featured_part_04822,28,21,120.2793,119.8835
featured_part_04824,1,0,15.7114,15.711
featured_part_04825,7,2,25.9911,25.9807
featured_part_04826,2,1,16.6182,16.5836
featured_part_04827,11,6,179.8019,179.5884
featured_part_04828,2,1,20.6674,19.704
featured_part_04829,2,1,89.877,89.7609
featured_part_04831,19,14,26.6843,26.6318
featured_part_04832,6,4,101.5542,101.455
featured_part_04833,2,1,25.8257,25.7945
featured_part_04834,15,11,35.3547,35.3059
featured_part_04835,7,4,212.449,212.163
featured_part_04836,12,3,57.3941,56.1279
featured_part_04837,4,2,59.6455,58.91
featured_part_04838,7,4,32.0614,32.0186
featured_part_04839,6,2,38.3045,38.2407
featured_part_04840,9,6,40.2024,40.136
featured_part_04841,4,2,25.5997,25.5942
featured_part_04842,1,0,9.4068,9.4066
featured_part_04843,13,10,33.4269,33.3906
featured_part_04844,11,7,71.3829,69.9889
featured_part_04845,4,2,103.2425,100.6785
featured_part_04847,12,3,31.5644,31.03
featured_part_04848,8,5,45.7033,45.6523
featured_part_04850,13,7,43.5169,43.2769
featured_part_04851,6,2,102.5187,98.0373
featured_part_04852,8,5,80.0527,79.9333
featured_part_04854,14,4,68.9983,67.1985
featured_part_04855,4,3,78.7262,74.9457
featured_part_04856,11,8,39.4158,39.3482
featured_part_04857,21,16,42.1342,41.0424
featured_part_04858,4,3,16.5564,16.4919
featured_part_04859,8,7,54.5966,53.4384
featured_part_04860,6,4,43.8833,42.8428
featured_part_04861,12,8,90.4508,90.3759
featured_part_04862,14,9,106.1297,105.9255
featured_part_04863,11,9,26.7437,26.5267
featured_part_04864,27,17,93.4489,92.5521
featured_part_04865,11,8,110.6206,110.0714
featured_part_04866,6,3,18.4089,18.4009
featured_part_04867,2,1,8.5809,8.3962
featured_part_04868,5,2,45.1795,44.4341
featured_part_04869,7,5,104.2298,104.0907
featured_part_04870,7,4,49.2502,49.16
featured_part_04872,9,3,91.0794,87.6039
featured_part_04873,15,10,24.9812,24.9294
featured_part_04874,4,2,28.3476,28.2798
featured_part_04875,4,1,76.3156,76.2499
featured_part_04876,3,2,31.7135,31.6651
featured_part_04877,12,3,21.4873,21.428
featured_part_04878,2,1,51.1359,50.1871
featured_part_04879,9,7,4.6075,4.4146
featured_part_04880,2,0,118.4424,118.2754
featured_part_04881,22,14,211.5525,211.229
featured_part_04882,3,2,30.5532,29.0356
featured_part_04883,27,21,24.3683,24.1115
featured_part_04884,3,1,34.8008,34.7131
featured_part_04885,12,4,43.5415,43.4346
featured_part_04886,8,3,7.2042,7.1781
featured_part_04888,6,5,37.2542,37.2067
featured_part_04889,17,10,48.0665,48.0348
featured_part_04890,4,1,7.5136,7.5087
featured_part_04891,7,4,34.5755,34.2231
featured_part_04892,11,8,74.2301,72.6107
featured_part_04893,5,3,12.796,12.5505
featured_part_04894,8,3,15.1012,14.9023
featured_part_04895,3,2,47.4217,47.3835
featured_part_04896,16,6,65.2947,65.1894
featured_part_04897,1,0,9.4099,9.4085
featured_part_04898,9,3,39.8936,39.8755
featured_part_04899,18,14,69.1317,68.2983
featured_part_04900,17,12,52.2207,52.0799
featured_part_04902,6,4,15.5869,15.5613
featured_part_04903,9,5,35.3816,35.3425
featured_part_04904,18,14,96.2657,93.8585
featured_part_04905,4,1,94.6815,94.5356
featured_part_04906,4,1,32.432,32.424
featured_part_04907,8,2,43.7249,43.6526
featured_part_04908,5,4,50.1652,48.6804
featured_part_04910,3,1,6.3217,6.3042
featured_part_04911,19,14,32.961,32.8955
featured_part_04912,4,1,35.0638,35.0257
featured_part_04913,9,5,67.8403,65.5216
featured_part_04915,14,11,175.8363,175.6812
featured_part_04916,6,3,181.4377,181.1835
featured_part_04917,6,3,23.0727,22.3882
featured_part_04918,7,4,131.5063,131.3221
featured_part_04920,17,12,92.8272,88.7816
featured_part_04921,11,7,62.3876,60.5355
featured_part_04922,20,14,54.9792,54.9303
featured_part_04923,8,4,51.4035,51.3891
featured_part_04924,5,3,51.7827,51.7286
featured_part_04925,16,10,170.0293,169.7644
featured_part_04926,6,2,75.1348,72.1389
featured_part_04927,2,1,44.967,44.9193
featured_part_04928,5,2,101.6937,101.585
featured_part_04929,8,3,88.7802,88.5901
featured_part_04930,4,1,148.33,148.1189
featured_part_04931,17,6,20.5877,20.5167
featured_part_04932,9,4,64.9788,64.9022
featured_part_04933,15,10,28.0941,28.0326
featured_part_04934,1,0,13.0808,13.051
featured_part_04935,8,6,28.7401,28.6571
featured_part_04936,19,15,72.3314,72.2307
featured_part_04937,5,1,47.1205,47.0063
featured_part_04938,4,3,21.2922,21.0386
featured_part_04939,5,3,61.8582,61.8027
featured_part_04940,12,8,13.5909,13.5548
featured_part_04941,24,18,40.113,40.0466
featured_part_04943,7,3,83.3475,83.2712
featured_part_04944,4,0,27.9359,27.9331
featured_part_04945,24,15,59.4701,59.3504
featured_part_04946,5,2,161.4115,161.3012
featured_part_04947,8,6,87.2242,84.1998
featured_part_04948,2,1,40.6,40.548
featured_part_04949,3,1,28.0066,27.9929
featured_part_04950,13,10,76.0266,75.9382
featured_part_04951,10,6,52.2058,51.7362
featured_part_04952,4,1,37.3861,37.3339
featured_part_04953,5,3,39.5293,39.0169
featured_part_04954,10,8,38.5092,38.4446
featured_part_04955,3,1,37.6114,37.6051
featured_part_04956,4,2,83.8142,83.6976
featured_part_04957,23,18,39.0406,38.3088
featured_part_04958,17,12,71.8849,71.6697
featured_part_04959,10,7,12.7498,12.4725
featured_part_04962,9,7,11.5895,11.5423
featured_part_04963,6,3,73.6585,73.4762
featured_part_04964,3,1,20.3783,20.3676
featured_part_04965,1,0,10.2109,10.192
featured_part_04966,8,7,97.1009,96.3054
featured_part_04967,13,7,59.9743,59.3987
featured_part_04969,9,5,27.7114,27.3911
featured_part_04971,16,9,27.6128,27.5489
featured_part_04972,4,2,46.2916,46.2041
featured_part_04973,4,3,0.5499,0.5407
featured_part_04974,2,0,41.2899,41.2859
featured_part_04975,22,14,41.4586,41.3425
featured_part_04976,10,7,32.307,32.1949
featured_part_04977,8,5,42.1885,42.1442
featured_part_04978,7,4,42.5863,42.5739
featured_part_04979,7,1,41.9341,41.0811
featured_part_04980,9,5,21.5228,21.4
featured_part_04982,18,14,187.0066,186.8294
featured_part_04983,5,4,25.2423,24.2818
featured_part_04984,11,6,28.8488,28.7601
featured_part_04985,9,6,25.808,25.7081
featured_part_04986,7,5,10.6466,10.6278
featured_part_04987,12,9,54.1644,54.1166
featured_part_04988,17,11,22.2135,22.1642
featured_part_04989,5,3,65.7232,64.6817
featured_part_04990,8,2,24.6391,24.6124
featured_part_04992,11,6,145.0951,144.9054
featured_part_04993,5,2,30.5464,30.5166
featured_part_04994,4,3,20.5554,20.4791
featured_part_04995,10,6,44.6595,43.4341
featured_part_04996,6,1,42.124,42.1004
featured_part_04997,7,1,132.6623,132.4526
featured_part_04998,16,5,186.0825,185.8846
featured_part_04999,3,1,13.4463,13.4277
featured_part_05000,4,2,45.8352,44.2701
featured_part_05001,3,1,45.9907,45.9487
featured_part_05002,6,3,24.3299,24.3217
featured_part_05003,5,1,62.0076,61.9546
featured_part_05004,5,4,31.2113,31.1493
featured_part_05005,4,3,70.7158,68.1706
featured_part_05006,7,2,105.7911,105.6602
featured_part_05007,14,8,47.6184,47.0315
featured_part_05008,3,1,61.8894,60.7048
featured_part_05009,9,5,30.0345,29.9909
featured_part_05010,9,6,95.2909,93.0197
featured_part_05011,9,3,70.6988,67.6004
featured_part_05012,5,3,30.6351,30.565
featured_part_05013,6,5,17.2159,17.0539
featured_part_05015,9,7,72.401,72.3297
featured_part_05016,12,7,73.1722,73.0285
featured_part_05018,8,6,64.5827,64.5349
featured_part_05020,13,10,24.5895,24.0453
featured_part_05021,23,17,100.5699,100.0948
featured_part_05022,13,11,27.807,27.7114
featured_part_05023,10,6,42.2434,42.1987
featured_part_05024,4,2,106.5542,106.5053
featured_part_05025,8,3,153.0736,152.9243
featured_part_05026,5,3,19.4034,19.3969
featured_part_05027,15,10,73.1035,73.025
featured_part_05028,28,23,199.6932,199.4375
featured_part_05029,16,9,102.8726,102.607
featured_part_05030,9,7,101.1221,101.0
featured_part_05032,19,15,25.0269,24.0221
featured_part_05033,10,2,53.1465,53.0711
featured_part_05034,5,2,40.3459,40.2787
featured_part_05035,18,9,21.2506,21.1688
featured_part_05036,10,4,243.7942,243.5701
featured_part_05037,8,6,20.0517,20.0152
featured_part_05038,15,11,100.7181,100.5415
featured_part_05039,4,1,34.2692,34.2425
featured_part_05040,1,0,4.9274,4.9265
featured_part_05041,22,15,35.2827,35.1941
featured_part_05042,3,2,20.9608,20.9223
featured_part_05043,7,5,45.8267,43.5019
featured_part_05044,16,10,80.1892,80.0774
featured_part_05045,10,8,68.4972,68.3442
featured_part_05046,4,1,60.9931,60.9186
featured_part_05047,8,6,19.4337,19.4098
featured_part_05048,10,9,139.8714,134.6325
featured_part_05049,13,9,9.8572,9.8384
featured_part_05050,3,2,20.7845,20.7589
featured_part_05051,7,5,6.4092,6.1902
featured_part_05052,17,10,90.4632,90.3248
featured_part_05053,9,6,197.7698,196.9856
featured_part_05054,5,3,23.4005,22.9862
featured_part_05055,5,4,21.983,21.9178
featured_part_05056,13,4,22.4372,22.381
featured_part_05057,6,4,28.0683,27.799
featured_part_05058,2,1,11.2158,11.2125
featured_part_05059,5,3,42.2397,41.8027
featured_part_05060,5,4,27.3347,27.2372
featured_part_05061,12,8,87.0666,86.1906
featured_part_05062,20,12,90.8939,89.9165
featured_part_05063,13,8,74.3344,72.8652
featured_part_05064,8,6,50.049,49.9396
featured_part_05065,13,10,61.5222,61.4286
featured_part_05066,7,6,61.5139,61.4568
featured_part_05067,12,9,49.2327,47.6293
featured_part_05068,9,6,14.8604,14.8358
featured_part_05069,7,5,80.034,79.9284
featured_part_05070,14,12,31.2951,29.9396
featured_part_05071,9,7,102.8159,102.5561
featured_part_05072,11,8,96.4762,96.0597
featured_part_05073,8,5,43.3235,43.306
featured_part_05074,6,5,26.0979,26.0882
featured_part_05075,14,6,47.0337,46.9412
featured_part_05076,2,1,256.0181,255.8729
featured_part_05077,6,5,11.4747,11.4406
featured_part_05078,19,10,35.2024,34.5283
featured_part_05080,8,3,156.4391,155.2489
featured_part_05081,6,2,110.2792,110.081
featured_part_05082,6,5,13.1545,12.8029
featured_part_05083,2,1,42.1436,41.562
featured_part_05084,16,10,14.7514,14.6915
featured_part_05085,28,17,120.7077,119.78
featured_part_05086,10,6,47.2048,46.8549
featured_part_05089,5,4,29.0347,28.3091
featured_part_05090,5,2,17.4204,16.9131
featured_part_05091,8,6,17.7016,17.6138
featured_part_05092,3,2,40.9817,40.6134
featured_part_05093,12,3,66.7703,65.3295
featured_part_05094,11,3,94.8955,94.7963
featured_part_05096,9,7,28.6552,28.5853
featured_part_05097,3,2,24.2773,24.2333
featured_part_05099,5,2,32.1269,32.1108
featured_part_05100,5,2,8.7565,8.7447
featured_part_05101,8,2,36.5173,36.0771
featured_part_05102,12,8,83.577,83.3958
featured_part_05103,3,2,121.9892,121.5081
featured_part_05105,7,2,85.2357,85.0921
featured_part_05106,5,3,43.6068,43.5092
featured_part_05107,14,11,138.0006,137.8683
featured_part_05108,7,5,68.1344,68.0171
featured_part_05110,11,4,35.0336,34.9923
featured_part_05111,19,14,46.8433,46.695
featured_part_05112,5,2,19.9015,19.7317
featured_part_05114,5,1,23.2698,22.9343
featured_part_05115,21,14,226.5356,226.3258
featured_part_05116,9,2,56.0882,56.0482
featured_part_05117,5,3,35.5259,35.4748
featured_part_05118,5,3,12.9937,12.9788
featured_part_05119,4,2,58.1359,58.044
featured_part_05120,16,9,199.689,199.2494
featured_part_05121,1,0,30.5507,30.5496
featured_part_05122,15,10,59.9944,59.2486
featured_part_05123,6,2,44.9713,44.8882
featured_part_05124,13,9,124.6666,122.0614
featured_part_05125,4,1,47.0653,46.9882
featured_part_05126,12,5,127.7305,127.5396
featured_part_05127,12,7,64.856,64.6553
featured_part_05128,12,4,46.5792,46.464
featured_part_05129,12,8,73.1991,72.8146
featured_part_05130,8,4,119.9675,119.8589
featured_part_05131,14,7,51.6691,51.5251
featured_part_05132,7,4,20.6785,20.5684
featured_part_05133,4,2,17.3737,16.9665
featured_part_05134,6,5,12.8225,12.8023
featured_part_05135,17,12,56.7592,56.6865
featured_part_05136,1,0,142.9971,142.8881
featured_part_05138,8,6,29.0762,28.4029
featured_part_05139,9,6,54.4702,54.3958
featured_part_05140,5,4,16.5568,16.5413
featured_part_05141,14,9,46.7785,45.5277
featured_part_05143,10,2,9.6626,9.6251
featured_part_05144,13,5,55.3879,55.1176
featured_part_05145,13,7,74.0977,73.9344
featured_part_05146,8,5,46.1193,46.075
featured_part_05147,3,0,60.4782,60.4701
featured_part_05148,4,1,40.8289,40.8093
featured_part_05149,14,5,57.2905,56.3176
featured_part_05150,9,7,15.2172,15.15
featured_part_05151,4,3,4.6946,4.6777
featured_part_05152,18,4,22.4361,22.3634
featured_part_05153,12,7,15.8359,15.7462
featured_part_05154,8,3,40.7841,40.7157
featured_part_05156,8,4,215.2724,212.6626
featured_part_05157,4,3,6.8471,6.4188
featured_part_05159,12,3,9.0715,9.0429
featured_part_05160,7,4,141.7486,140.5283
featured_part_05161,11,8,69.4398,68.9686
featured_part_05162,8,3,27.1454,27.121
featured_part_05163,11,9,16.6961,16.3959
featured_part_05164,9,6,39.4374,38.3947
featured_part_05165,4,3,9.2369,9.1726
featured_part_05166,18,12,42.021,41.926
featured_part_05168,11,4,23.1889,23.1198
featured_part_05169,1,0,8.0874,8.086
featured_part_05170,12,7,14.8749,14.726
featured_part_05172,3,1,57.5938,57.5857
featured_part_05173,12,8,68.391,68.322
featured_part_05174,16,5,22.0343,21.3418
featured_part_05175,6,4,107.8279,107.0914
featured_part_05176,5,4,7.2396,7.2195
featured_part_05177,7,5,71.698,71.6233
featured_part_05178,5,4,49.2698,47.8098
featured_part_05179,4,2,52.1012,51.2007
featured_part_05183,3,2,41.9625,41.8905
featured_part_05184,17,10,284.3432,283.874
featured_part_05185,2,0,27.0496,27.0447
featured_part_05186,1,0,8.5746,8.0819
featured_part_05187,4,3,8.6712,8.6604
featured_part_05188,4,3,47.5962,47.4632
featured_part_05189,7,4,94.4984,94.3186
featured_part_05191,4,1,44.4227,44.3928
featured_part_05192,16,4,56.9621,56.5489
featured_part_05193,9,4,152.443,148.414
featured_part_05194,3,2,70.7909,70.7207
featured_part_05195,4,2,19.9146,19.9106
featured_part_05196,6,4,34.9807,34.9685
featured_part_05197,2,1,68.6791,68.5869
featured_part_05198,6,2,24.2648,24.231
featured_part_05199,7,3,55.0917,55.0245
featured_part_05202,4,3,25.7059,25.6898
featured_part_05203,14,7,86.6654,84.0318
featured_part_05204,9,7,9.4799,9.4658
featured_part_05205,4,2,91.0629,90.9901
featured_part_05206,1,0,54.2966,54.2346
featured_part_05207,2,0,15.9165,15.9139
featured_part_05208,9,5,176.8223,175.9823
featured_part_05209,12,6,61.6082,60.5469
featured_part_05210,12,8,29.3971,29.3189
featured_part_05211,3,1,40.6563,40.6412
featured_part_05212,6,5,112.3221,110.7558
featured_part_05213,7,5,21.2311,21.1913
featured_part_05214,7,4,70.9548,70.8571
featured_part_05215,12,8,51.9595,50.5762
featured_part_05216,6,5,12.5027,12.472
featured_part_05217,6,3,53.7904,53.6119
featured_part_05218,14,10,39.0558,39.0111
featured_part_05219,14,11,48.2036,48.1451
featured_part_05220,6,5,88.3923,88.2345
featured_part_05222,2,1,23.2034,23.1559
featured_part_05224,11,8,50.5076,50.4702
featured_part_05225,15,3,85.9541,85.8357
featured_part_05226,8,4,77.3353,75.2931
featured_part_05227,30,16,98.7419,98.575
featured_part_05228,3,1,31.6667,31.0785
featured_part_05229,15,10,55.6301,55.5237
featured_part_05230,10,4,33.8109,33.7626
featured_part_05231,10,6,16.4066,16.3936
featured_part_05232,10,8,25.1474,25.0464
featured_part_05233,29,23,117.3896,117.2439
featured_part_05234,20,13,24.2864,24.2537
featured_part_05235,16,11,68.6373,68.606
featured_part_05237,8,5,23.3938,23.368
featured_part_05238,6,3,107.3727,107.3243
featured_part_05239,5,4,75.5566,71.6951
featured_part_05240,12,7,18.7775,18.7599
featured_part_05241,3,0,40.0234,40.0169
featured_part_05242,13,7,17.9209,17.5121
featured_part_05243,9,7,77.2613,77.1399
featured_part_05244,11,8,53.7634,52.5385
featured_part_05246,16,12,3.9164,3.8876
featured_part_05247,4,2,67.7161,65.6245
featured_part_05248,1,0,6.7139,6.7126
featured_part_05249,5,4,53.4997,53.4149
featured_part_05250,6,2,45.0357,44.9999
featured_part_05253,3,1,9.2137,9.2103
featured_part_05254,16,3,32.3451,31.5171
featured_part_05255,4,2,64.8265,64.7074
featured_part_05256,7,6,20.5132,19.8296
featured_part_05257,7,2,12.773,12.7443
featured_part_05258,17,11,150.4479,150.1845
featured_part_05259,12,4,60.8571,60.7482
featured_part_05260,9,6,110.4602,108.2172
featured_part_05262,2,1,22.7806,22.2606
featured_part_05263,14,9,27.1868,27.1335
featured_part_05264,3,1,15.8119,15.772
featured_part_05266,8,5,46.5336,45.7436
featured_part_05267,14,4,107.4126,106.4951
featured_part_05268,13,10,42.2006,42.1771
featured_part_05269,5,2,55.337,55.2769
featured_part_05270,14,6,156.2878,153.1391
featured_part_05272,6,4,61.4073,60.1404
featured_part_05273,9,8,21.5289,21.4696
featured_part_05274,5,1,74.2792,74.1812
featured_part_05275,11,8,95.5107,95.4216
featured_part_05276,16,10,65.8988,64.4935
featured_part_05277,5,3,44.6268,44.5648
featured_part_05278,8,1,25.131,25.0305
featured_part_05279,8,5,72.6367,72.5467
featured_part_05280,6,1,26.958,26.8939
featured_part_05281,3,1,23.8124,23.7488
featured_part_05282,5,3,88.2423,88.0549
featured_part_05283,1,0,11.3159,11.3155
featured_part_05285,4,2,88.4937,85.257
featured_part_05286,10,3,122.8258,122.0136
featured_part_05287,16,10,231.7347,230.0846
featured_part_05288,10,2,27.2623,26.6963
featured_part_05291,6,4,40.8837,40.7726
featured_part_05293,5,3,35.367,35.2286
featured_part_05294,12,7,86.8668,86.7587
featured_part_05295,8,4,87.5451,87.4172
featured_part_05297,5,4,202.0521,201.8898
featured_part_05298,6,4,24.8157,24.7994
featured_part_05299,10,8,16.888,16.8353
featured_part_05300,13,10,70.7875,69.5294
featured_part_05301,22,18,58.6989,58.627
featured_part_05302,5,3,39.9391,39.0668
featured_part_05303,6,3,54.1323,53.7138
featured_part_05305,6,4,28.8464,28.8067
featured_part_05306,6,2,20.8433,20.8367
featured_part_05307,5,2,50.2549,49.0035
featured_part_05308,8,2,44.7173,44.6343
featured_part_05309,20,16,18.3547,18.2701
featured_part_05310,5,2,46.9716,45.2638
featured_part_05311,3,1,42.1561,41.3568
featured_part_05312,6,4,65.2282,65.1287
featured_part_05313,6,3,45.5902,45.5361
featured_part_05314,3,1,45.2151,45.1567
featured_part_05315,10,5,50.0721,50.0069
featured_part_05316,4,3,24.3501,24.3428
featured_part_05317,6,4,169.9252,168.698
featured_part_05318,16,11,13.1728,13.1337
featured_part_05319,17,13,7.6796,7.6249
featured_part_05320,10,5,64.3544,64.2042
featured_part_05321,13,9,45.4376,45.3644
featured_part_05322,7,3,58.3063,57.6471
featured_part_05323,4,2,140.7434,140.1331
featured_part_05324,6,3,68.5662,68.5162
featured_part_05325,19,10,93.0055,92.8721
featured_part_05326,4,1,53.7658,53.0476
featured_part_05327,12,8,21.5548,21.5135
featured_part_05328,2,1,124.2681,124.2213
featured_part_05331,19,12,143.3185,138.6907
featured_part_05332,5,4,13.2768,13.1912
featured_part_05333,6,2,54.7268,54.0716
featured_part_05334,17,13,15.1962,15.1443
featured_part_05335,6,4,130.4713,123.5934
featured_part_05336,9,7,103.6888,99.6657
featured_part_05337,15,11,19.47,19.3803
featured_part_05338,5,3,50.2844,50.1641
featured_part_05339,13,9,40.8637,40.7665
featured_part_05340,17,12,37.9159,37.8446
featured_part_05341,3,2,113.9823,109.7428
featured_part_05342,10,7,26.8333,26.336
featured_part_05343,9,2,2.6024,2.5811
featured_part_05344,1,0,104.3407,104.255
featured_part_05345,4,2,2.1543,2.1181
featured_part_05346,3,2,68.1586,68.0771
featured_part_05347,4,2,89.7927,89.7105
featured_part_05349,6,2,26.7514,26.7412
featured_part_05350,15,9,23.1054,22.9798
featured_part_05351,11,7,35.5841,35.0413
featured_part_05352,6,2,35.3234,35.2986
featured_part_05353,3,2,12.0727,12.0542
featured_part_05354,3,2,10.4501,10.4188
featured_part_05356,5,4,32.58,31.0564
featured_part_05357,16,10,105.5356,105.2724
featured_part_05358,4,2,74.7804,74.7299
featured_part_05359,12,7,88.105,88.0074
featured_part_05360,8,6,44.2009,44.0953
featured_part_05361,27,22,24.0925,24.0217
featured_part_05362,5,2,19.5017,19.0114
featured_part_05363,14,7,160.6329,160.4112
featured_part_05364,10,7,179.7932,179.4663
featured_part_05366,13,5,48.918,48.7874
featured_part_05370,5,3,20.0743,20.015
featured_part_05371,2,0,31.1154,31.1089
featured_part_05372,1,0,8.7286,8.7008
featured_part_05374,6,4,151.096,149.9988
featured_part_05375,7,3,22.707,22.2793
featured_part_05376,8,7,92.053,91.9949
featured_part_05377,9,3,194.5523,194.305
featured_part_05378,6,4,53.9912,53.9498
featured_part_05379,9,7,5.3688,5.3433
featured_part_05380,9,1,73.9442,73.7824
featured_part_05382,9,4,49.4628,48.1558
featured_part_05384,7,4,26.3987,26.3227
featured_part_05385,12,7,18.6899,18.6508
featured_part_05386,11,3,49.7754,49.7086
featured_part_05387,23,19,58.217,58.1249
featured_part_05388,1,0,23.8606,23.8174
featured_part_05389,5,3,21.4266,21.3736
featured_part_05390,9,7,26.273,25.3021
featured_part_05391,10,2,6.0252,5.993
featured_part_05393,13,9,28.6155,28.5634
featured_part_05394,6,2,31.75,31.6916
featured_part_05395,10,2,73.0781,73.0596
featured_part_05397,8,5,142.4926,137.0317
featured_part_05398,18,14,20.2997,20.2693
featured_part_05399,5,1,82.5339,82.4442
featured_part_05400,5,4,8.7326,8.7049
featured_part_05402,7,3,18.8557,18.702
featured_part_05404,11,8,28.0874,28.0621
featured_part_05405,16,10,46.0151,45.8475
featured_part_05406,5,2,185.5937,182.004
featured_part_05407,6,2,101.4398,101.3831
featured_part_05408,14,11,91.7707,91.6329
featured_part_05409,7,2,21.5597,21.4374
featured_part_05410,15,10,119.6251,119.4317
featured_part_05411,7,6,36.9919,36.9376
featured_part_05412,9,7,73.4215,71.0683
featured_part_05413,8,5,136.4716,134.1457
featured_part_05416,1,0,11.8096,11.8079
featured_part_05417,5,3,49.7351,49.6732
featured_part_05418,14,8,63.2854,63.2444
featured_part_05420,7,2,27.6094,27.5766
featured_part_05421,7,5,73.416,70.3998
featured_part_05422,6,2,21.6269,21.6164
featured_part_05423,14,10,32.8923,32.7924
featured_part_05424,6,5,42.1884,40.8102
featured_part_05425,7,3,40.4184,40.4063
featured_part_05426,6,3,37.5147,37.4447
featured_part_05427,11,3,79.488,79.3154
featured_part_05428,4,2,76.1317,73.6466
featured_part_05429,4,3,83.8042,81.5212
featured_part_05430,10,6,46.2134,46.122
featured_part_05431,6,4,18.8426,18.827
featured_part_05432,15,7,40.3898,40.0799
featured_part_05433,17,13,105.6531,105.5225
featured_part_05434,13,9,42.1772,42.0998
featured_part_05435,13,11,32.206,31.1422
featured_part_05436,6,3,71.356,70.5817
featured_part_05438,13,5,27.7944,27.7047
featured_part_05440,8,6,38.2276,36.5767
featured_part_05441,13,10,51.3224,49.9798
featured_part_05442,3,0,50.7465,50.7399
featured_part_05443,4,2,39.6638,39.5565
featured_part_05444,6,4,338.8692,338.4476
featured_part_05445,8,4,101.9756,99.5679
featured_part_05446,8,2,33.6198,33.5682
featured_part_05447,7,3,66.2642,65.4573
featured_part_05448,9,2,11.9204,11.9038
featured_part_05449,5,1,38.0066,37.999
featured_part_05450,9,6,52.9539,51.4378
featured_part_05451,7,3,42.1072,40.602
featured_part_05452,12,5,59.3838,59.2959
featured_part_05453,12,3,47.4292,47.385
featured_part_05454,10,7,36.0098,34.7539
featured_part_05455,10,5,47.8314,47.8162
featured_part_05456,19,13,141.6587,136.2016
featured_part_05457,8,4,24.8322,24.788
featured_part_05458,3,1,24.4046,24.375
featured_part_05459,19,14,37.0285,36.4796
featured_part_05460,10,7,4.0606,3.8808
featured_part_05462,11,7,277.1269,274.6112
featured_part_05463,2,1,59.2923,59.2343
featured_part_05464,6,4,24.958,24.5302
featured_part_05465,7,5,15.1414,15.1106
featured_part_05466,11,9,95.5694,95.4506
featured_part_05467,12,9,69.5453,68.2098
featured_part_05468,13,6,163.4127,163.1768
featured_part_05469,6,3,30.483,30.3495
featured_part_05470,9,8,106.4606,102.09
featured_part_05471,14,11,70.3254,69.3758
featured_part_05472,3,2,91.0384,90.936
featured_part_05473,3,2,6.9619,6.9502
featured_part_05474,8,6,38.4544,38.4073
featured_part_05475,9,7,35.0529,34.9449
featured_part_05476,9,7,21.435,21.4208
featured_part_05477,2,1,10.4638,10.4315
featured_part_05478,16,13,21.5936,21.5134
featured_part_05479,10,7,96.898,95.0827
featured_part_05481,9,5,38.2592,37.5875
featured_part_05482,15,4,40.8737,40.7985
featured_part_05483,9,6,20.5667,20.5087
featured_part_05484,5,2,98.2553,98.166
featured_part_05485,10,5,60.6527,60.5596
featured_part_05486,7,4,70.5141,68.3928
featured_part_05487,6,5,35.8477,34.9468
featured_part_05488,10,6,103.1788,102.5186
featured_part_05489,10,6,52.3438,52.234
featured_part_05490,11,5,77.3597,77.106
featured_part_05491,3,2,40.8266,40.7777
featured_part_05492,13,7,46.0309,45.3527
featured_part_05493,13,8,59.085,58.9666
featured_part_05494,3,2,63.6611,60.8614
featured_part_05495,17,11,25.1126,25.0864
featured_part_05496,16,11,85.6192,85.5172
featured_part_05497,15,10,141.3824,141.2146
featured_part_05499,6,1,51.7315,51.3798
featured_part_05500,7,4,28.601,28.5513
featured_part_05501,4,2,40.6819,39.1887
featured_part_05502,7,2,106.4345,104.9005
featured_part_05503,5,3,147.095,146.9794
featured_part_05504,6,1,43.3131,43.2948
featured_part_05505,5,3,224.6568,224.5021
featured_part_05506,9,5,2.0107,1.9782
featured_part_05507,8,3,27.4069,27.3855
featured_part_05508,5,4,31.0198,30.9929
featured_part_05509,2,1,14.753,14.1669
featured_part_05510,5,3,61.822,60.9553
featured_part_05511,9,6,44.1257,44.0839
featured_part_05512,10,7,43.934,42.8165
featured_part_05513,9,7,21.0611,21.0162
featured_part_05514,10,8,29.7475,29.6885
featured_part_05515,1,0,22.2017,22.1982
featured_part_05516,12,9,28.6972,27.9929
featured_part_05517,11,8,13.6007,13.148
featured_part_05518,26,18,203.0753,199.2101
featured_part_05519,5,1,65.5326,63.5954
featured_part_05520,2,0,38.1121,38.109
featured_part_05522,7,2,32.5734,32.52
featured_part_05523,16,7,189.7565,189.6238
featured_part_05524,19,15,177.5379,177.3086
featured_part_05525,11,8,74.2945,74.2199
featured_part_05526,15,13,60.8709,60.1403
featured_part_05527,3,0,35.6328,35.6283
featured_part_05528,7,2,172.5129,166.211
featured_part_05529,7,6,26.9049,26.8834
featured_part_05530,10,8,20.0719,20.0172
featured_part_05531,9,7,70.4488,70.3847
featured_part_05532,10,6,26.7056,26.5129
featured_part_05533,5,2,62.9904,62.9306
featured_part_05534,11,9,83.3967,83.1515
featured_part_05535,17,10,26.0329,25.9628
featured_part_05536,5,1,22.4599,22.4344
featured_part_05538,1,0,8.7994,8.7988
featured_part_05539,5,1,7.2954,7.2887
featured_part_05540,14,11,19.6765,19.5609
featured_part_05541,5,3,131.8785,131.7822
featured_part_05542,6,2,16.2825,16.2737
featured_part_05544,14,6,100.9626,99.4234
featured_part_05545,13,8,62.5998,61.4926
featured_part_05546,5,3,50.3575,50.3137
featured_part_05547,8,6,34.623,34.5461
featured_part_05548,18,15,36.5259,35.7741
featured_part_05549,2,0,18.1417,18.1405
featured_part_05550,13,8,46.2406,45.8775
featured_part_05551,10,5,45.9075,45.4832
featured_part_05552,1,0,13.2855,13.2831
featured_part_05554,11,7,26.5697,26.4738
featured_part_05556,14,5,78.4243,77.8466
featured_part_05557,11,2,27.2044,27.1519
featured_part_05558,2,1,228.0027,227.8775
featured_part_05560,13,9,228.4153,228.2328
featured_part_05562,3,1,15.8552,15.8263
featured_part_05563,10,5,55.1876,55.0399
featured_part_05564,8,6,20.3001,19.7494
featured_part_05565,10,8,69.0867,68.3873
featured_part_05566,13,10,40.9116,39.8214
featured_part_05567,15,10,91.7711,91.6261
featured_part_05568,4,2,45.9399,43.9462
featured_part_05569,13,10,28.603,28.5524
featured_part_05570,14,5,63.9664,63.1032
featured_part_05571,13,8,45.7138,45.6731
featured_part_05572,6,4,27.5056,27.4769
featured_part_05573,19,12,187.3625,183.806
featured_part_05574,23,18,106.1502,104.8169
featured_part_05575,4,3,20.6608,20.6327
featured_part_05576,14,4,104.3458,104.1785
featured_part_05578,11,3,67.6204,64.9913
featured_part_05579,18,12,263.0716,262.0917
featured_part_05581,7,6,33.2928,33.1942
featured_part_05583,18,7,90.6885,90.4715
featured_part_05584,7,4,15.0402,15.0304
featured_part_05585,4,2,34.6622,34.1827
featured_part_05586,13,9,55.4971,55.2746
featured_part_05587,6,5,110.8513,110.714
featured_part_05588,2,1,90.9931,90.9143
featured_part_05589,13,10,96.4498,94.5224
featured_part_05590,8,4,48.6702,48.1625
featured_part_05591,9,3,48.5816,48.1878
featured_part_05592,7,3,40.4125,40.2917
featured_part_05593,4,2,43.7323,43.685
featured_part_05596,5,3,40.3994,39.7112
featured_part_05597,2,1,9.3752,9.3737
featured_part_05598,8,6,18.7727,18.7519
featured_part_05599,8,6,10.1283,10.1175
featured_part_05600,6,4,38.4746,37.1156
featured_part_05601,7,5,26.3284,26.2794
featured_part_05602,4,2,44.4248,44.3676
featured_part_05603,11,7,44.0151,43.9304
featured_part_05604,11,6,41.1119,40.7837
featured_part_05605,11,8,113.065,111.5383
featured_part_05606,6,5,133.6483,133.4468
featured_part_05607,13,7,75.1804,74.2266
featured_part_05608,18,13,61.9248,61.8911
featured_part_05609,6,3,28.3184,28.2851
featured_part_05610,5,4,13.1602,13.0998
featured_part_05611,7,4,32.4917,32.4656
featured_part_05612,5,1,12.8616,12.8122
featured_part_05613,5,3,123.5927,123.184
featured_part_05614,4,3,37.3236,36.1451
featured_part_05615,11,6,37.9736,37.8931
featured_part_05616,4,2,40.7865,40.7485
featured_part_05617,8,6,45.3673,43.6811
featured_part_05619,5,2,131.8621,130.8092
featured_part_05620,5,2,71.852,70.4871
featured_part_05621,5,3,92.7874,92.7119
featured_part_05622,3,1,42.3423,42.2919
featured_part_05623,13,8,78.056,77.8552
featured_part_05624,6,3,24.6026,24.5616
featured_part_05625,17,14,223.9383,222.5023
featured_part_05626,4,2,109.5236,109.3382
featured_part_05627,7,6,48.9932,47.4698
featured_part_05629,7,3,105.2928,102.8842
featured_part_05630,9,6,44.7681,44.656
featured_part_05631,8,4,26.3473,26.0525
featured_part_05632,12,3,18.5582,18.0335
featured_part_05633,7,6,90.8554,90.6997
featured_part_05634,6,4,129.403,126.9924
featured_part_05635,3,2,157.5052,150.7644
featured_part_05636,8,3,41.2357,40.8028
featured_part_05637,17,10,16.4292,16.3753
featured_part_05638,18,13,213.3087,211.7432
featured_part_05639,8,3,123.7186,123.6037
featured_part_05640,12,9,64.2102,64.1071
featured_part_05641,31,22,30.058,29.9654
featured_part_05642,8,5,47.5161,47.4387
featured_part_05643,7,4,25.9706,25.9195
featured_part_05644,9,6,19.9161,19.8669
featured_part_05645,23,13,111.7769,108.9597
featured_part_05646,11,8,140.8205,136.7537
featured_part_05647,14,9,13.6572,13.6163
featured_part_05648,7,4,101.8063,101.6622
featured_part_05649,9,6,21.3155,21.2362
featured_part_05650,6,2,73.1629,73.0855
featured_part_05652,3,1,70.6596,70.6247
featured_part_05653,6,4,18.7884,18.779
featured_part_05654,13,5,77.1735,77.0591
featured_part_05655,7,5,40.7641,40.7503
featured_part_05656,8,3,31.4424,30.1419
featured_part_05657,1,0,17.3792,16.3767
featured_part_05658,13,4,73.3847,72.7121
featured_part_05659,13,4,65.6809,65.5749
featured_part_05661,10,6,78.9189,78.8172
featured_part_05662,5,2,55.4362,54.045
featured_part_05663,12,6,120.9807,119.6126
featured_part_05664,9,6,136.112,134.979
featured_part_05665,8,6,15.102,14.7284
featured_part_05666,8,6,20.035,19.9824
featured_part_05668,4,3,33.9725,33.9182
featured_part_05669,7,4,84.4661,84.3879
featured_part_05670,7,5,272.4479,271.7059
featured_part_05671,6,4,142.9941,136.6252
featured_part_05672,14,8,33.4455,33.3829
featured_part_05673,4,3,1.4256,1.4066
featured_part_05674,8,6,38.0196,37.9564
featured_part_05676,4,3,8.6138,8.6088
featured_part_05677,7,4,106.4665,105.1375
featured_part_05678,9,5,52.478,52.4626
featured_part_05679,11,8,65.2323,65.1395
featured_part_05680,7,2,67.6671,66.8827
featured_part_05681,11,9,50.7753,50.6723
featured_part_05682,3,1,20.2914,19.654
featured_part_05683,13,7,39.2882,39.2527
featured_part_05684,10,3,107.7786,107.649
featured_part_05685,11,8,108.4118,108.2668
featured_part_05686,12,8,73.4004,73.3105
featured_part_05687,11,5,59.1957,57.4681
featured_part_05688,4,3,16.0776,16.0511
featured_part_05689,12,8,25.9615,25.9402
featured_part_05690,9,6,10.6478,10.6273
featured_part_05691,6,3,79.1179,76.6666
featured_part_05692,6,5,23.1833,22.571
featured_part_05693,10,7,57.79,57.7054
featured_part_05694,11,7,163.143,162.9818
featured_part_05696,7,6,28.561,28.5259
featured_part_05697,7,3,95.2813,95.176
featured_part_05698,5,4,10.2203,10.1945
featured_part_05699,5,2,152.7274,152.6281
featured_part_05700,1,0,5.1929,5.1916
featured_part_05702,12,10,7.6515,7.3072
featured_part_05703,3,1,16.0384,16.0166
featured_part_05704,5,4,234.3412,234.1744
featured_part_05705,15,11,26.4653,25.4443
featured_part_05707,9,3,59.7784,58.7576
featured_part_05708,4,2,12.556,12.5513
featured_part_05709,13,8,115.3095,114.502
featured_part_05710,15,12,32.4924,32.4399
featured_part_05711,13,10,35.4687,34.7556
featured_part_05712,13,9,11.9436,11.7505
featured_part_05713,15,11,68.6565,67.6867
featured_part_05714,14,8,597.8748,594.2953
featured_part_05715,4,3,1.1713,1.1493
featured_part_05716,12,8,63.7632,63.3244
featured_part_05717,7,4,9.4255,9.4022
featured_part_05718,19,15,25.7351,25.6661
featured_part_05719,7,3,63.6108,63.5045
featured_part_05720,17,8,49.3948,49.3421
featured_part_05722,7,4,63.597,63.5825
featured_part_05723,5,3,35.2678,35.1465
featured_part_05724,10,7,64.5159,62.7748
featured_part_05725,11,7,23.5863,23.5044
featured_part_05726,21,14,145.9467,145.7267
featured_part_05727,9,3,26.6036,26.5761
featured_part_05728,2,1,15.7917,15.3001
featured_part_05730,13,8,49.7078,49.6524
featured_part_05731,11,7,162.2907,156.7813
featured_part_05732,4,3,1.3318,1.3245
featured_part_05733,5,2,25.5851,25.4939
featured_part_05735,11,6,42.079,42.0222
featured_part_05736,15,10,49.0702,48.9741
featured_part_05737,4,1,24.9385,24.9226
featured_part_05738,12,10,38.0384,37.995
featured_part_05739,7,2,36.4751,36.3732
featured_part_05741,12,6,99.6757,99.4643
featured_part_05742,14,5,132.1332,131.9999
featured_part_05743,7,3,64.803,64.7835
featured_part_05744,11,6,110.7981,110.6376
featured_part_05745,16,4,75.2067,75.0469
featured_part_05746,9,8,18.9682,18.9183
featured_part_05747,7,2,33.1104,32.6701
featured_part_05750,11,9,94.3767,93.7137
featured_part_05751,11,8,30.7549,30.2684
featured_part_05752,1,0,5.2153,4.9377
featured_part_05753,19,11,46.5567,46.4744
featured_part_05754,13,10,34.462,32.6244
featured_part_05755,4,1,43.6035,43.5682
featured_part_05756,13,9,36.7886,36.4321
featured_part_05757,11,4,205.9711,205.7665
featured_part_05758,7,6,29.0655,29.0045
featured_part_05759,9,4,79.2618,79.1337
featured_part_05761,6,4,19.523,19.5016
featured_part_05762,6,5,168.4677,167.7174
featured_part_05763,9,6,22.4854,22.4381
featured_part_05764,8,3,52.3458,51.5626
featured_part_05765,6,2,64.1513,62.4674
featured_part_05766,10,8,35.8471,35.0376
featured_part_05767,6,4,71.9271,69.4517
featured_part_05769,5,1,40.1526,39.9138
featured_part_05771,3,2,30.4247,29.0599
featured_part_05773,5,4,145.0467,144.9466
featured_part_05774,19,11,187.8554,185.7376
featured_part_05776,14,9,33.829,33.6383
featured_part_05777,9,4,23.0602,23.0081
featured_part_05778,2,1,9.6571,9.655
featured_part_05779,8,7,48.9549,46.8123
featured_part_05780,8,7,17.4545,17.3993
featured_part_05781,2,1,9.8821,9.8515
featured_part_05782,10,5,133.5962,131.7717
featured_part_05783,13,9,44.061,43.9777
featured_part_05784,10,4,52.2065,51.4923
featured_part_05785,2,0,17.3101,17.3081
featured_part_05786,12,6,45.1966,44.0909
featured_part_05787,17,12,79.9211,79.8548
featured_part_05789,8,6,153.1139,151.8894
featured_part_05790,3,2,62.3556,62.2902
featured_part_05791,8,6,48.8584,47.4812
featured_part_05792,5,2,43.353,43.2655
featured_part_05793,7,2,10.1626,9.5728
featured_part_05794,7,4,54.9176,54.9052
featured_part_05795,5,3,12.56,12.5406
featured_part_05796,16,10,32.0436,31.5696
featured_part_05797,2,1,4.4936,4.485
featured_part_05798,9,3,69.2377,68.2412
featured_part_05799,9,6,69.4879,66.9684
featured_part_05800,15,10,109.6114,108.6019
featured_part_05801,22,18,26.5453,25.7781
featured_part_05802,5,2,12.1253,12.0805
featured_part_05804,14,3,25.255,25.2134
featured_part_05805,6,1,54.5968,54.5557
featured_part_05806,3,1,47.6756,47.6251
featured_part_05807,8,6,32.9868,32.5445
featured_part_05808,21,14,43.1146,43.0582
featured_part_05809,9,6,68.0541,67.9684
featured_part_05810,9,6,70.4482,70.3968
featured_part_05811,14,8,64.5549,64.4589
featured_part_05814,2,0,14.1342,14.1328
featured_part_05815,3,2,25.794,25.7557
featured_part_05816,10,6,72.0481,71.9176
featured_part_05818,2,0,17.8327,17.8309
featured_part_05819,23,17,101.2834,100.4531
featured_part_05820,15,11,219.5745,219.3666
featured_part_05821,9,6,49.0932,47.7068
featured_part_05822,10,7,35.5714,35.4993
featured_part_05823,9,6,99.1624,97.9495
featured_part_05824,9,6,43.9202,43.7371
featured_part_05825,3,2,13.4061,13.3833
featured_part_05826,8,3,96.6158,96.4941
featured_part_05827,5,3,84.5791,84.4685
featured_part_05828,17,11,39.6737,39.6027
featured_part_05829,5,3,36.4538,35.841
featured_part_05830,2,0,11.3972,11.3959
featured_part_05831,19,7,32.4767,31.2613
featured_part_05832,7,3,62.0518,61.9419
featured_part_05833,15,7,70.1876,69.0402
featured_part_05834,3,0,31.5005,31.4941
featured_part_05835,13,10,45.2247,45.0957
featured_part_05836,9,7,31.7776,30.6925
featured_part_05837,12,8,24.5496,24.1764
featured_part_05838,11,7,63.6405,63.5802
featured_part_05839,22,14,29.9712,29.7563
featured_part_05840,10,7,20.4389,20.4224
featured_part_05841,3,2,30.3569,30.2525
featured_part_05842,13,7,48.3632,47.6506
featured_part_05844,7,4,18.664,18.37
featured_part_05845,9,7,52.0452,51.326
featured_part_05846,9,3,56.2566,55.4589
featured_part_05847,7,4,24.1976,24.182
featured_part_05849,4,2,106.3246,106.1824
featured_part_05850,12,10,50.0519,48.3981
featured_part_05851,11,4,51.3614,50.8167
featured_part_05852,7,5,11.05,11.0215
featured_part_05853,8,7,25.2797,24.7633
featured_part_05854,6,3,133.0847,129.4567
featured_part_05855,6,1,0.9361,0.9271
featured_part_05857,13,9,24.2239,24.2045
featured_part_05858,9,8,51.7405,51.6035
featured_part_05859,14,8,65.1915,65.0426
featured_part_05860,6,2,59.7871,59.6895
featured_part_05861,10,5,20.8564,20.8271
featured_part_05862,9,6,168.5206,168.3307
featured_part_05863,15,12,160.0095,159.8576
featured_part_05864,4,2,17.8259,17.8193
featured_part_05865,7,3,50.6287,50.5903
featured_part_05866,15,11,18.9119,18.5606
featured_part_05867,4,1,64.8165,64.7431
featured_part_05868,7,6,79.2878,79.2242
featured_part_05869,21,13,53.315,53.1672
featured_part_05870,12,9,12.6745,12.6347
featured_part_05871,10,2,47.5019,46.9282
featured_part_05872,16,11,28.5598,28.335
featured_part_05873,10,4,114.1179,113.5001
featured_part_05874,3,1,68.9,68.8367
featured_part_05875,17,13,19.2099,19.1798
featured_part_05876,2,1,7.0851,7.0699
featured_part_05877,7,4,73.8403,73.0596
featured_part_05878,15,8,63.1011,62.7266
featured_part_05880,7,4,75.4434,75.2817
featured_part_05881,4,1,52.108,52.0762
featured_part_05882,3,1,32.9406,32.8927
featured_part_05883,18,12,65.4223,63.5408
featured_part_05884,5,2,45.3979,45.3456
featured_part_05885,10,6,56.0888,55.9929
featured_part_05886,3,2,26.9934,25.5924
featured_part_05887,3,2,16.3891,16.1192
featured_part_05888,13,9,80.1788,78.7889
featured_part_05889,4,3,188.0848,187.2811
featured_part_05890,3,2,26.6253,26.0937
featured_part_05892,17,13,25.339,25.314
featured_part_05894,4,3,10.289,10.1304
featured_part_05895,14,10,234.6494,234.0519
featured_part_05896,1,0,0.3994,0.3902
featured_part_05897,2,1,16.8861,16.8507
featured_part_05898,23,16,38.9942,38.9416
featured_part_05899,15,11,92.5639,88.8514
featured_part_05900,3,2,38.9072,38.8577
featured_part_05901,12,8,132.0069,131.2818
featured_part_05905,13,10,44.6418,42.5498
featured_part_05906,14,11,90.3723,89.878
featured_part_05907,11,8,35.0181,33.8392
featured_part_05908,8,6,35.9621,35.8844
featured_part_05910,6,5,98.4198,98.1918
featured_part_05912,13,8,43.3335,43.2743
featured_part_05913,11,8,334.3229,334.1714
featured_part_05914,4,3,16.9708,16.4969
featured_part_05915,6,1,50.158,50.0764
featured_part_05916,11,8,50.0332,49.7655
featured_part_05917,5,2,151.9974,148.7548
featured_part_05918,15,4,77.1585,77.081
featured_part_05919,8,2,60.8216,59.1892
featured_part_05920,4,1,31.2154,30.9485
featured_part_05921,10,5,37.6034,37.5803
featured_part_05922,18,12,64.17,64.0394
featured_part_05923,14,12,24.6216,24.5948
featured_part_05924,22,15,105.4497,105.209
featured_part_05925,10,8,9.692,9.6457
featured_part_05926,8,7,15.4519,15.1428
featured_part_05927,6,1,5.1814,5.1726
featured_part_05928,8,6,58.3164,58.2589
featured_part_05929,9,5,35.6807,35.5787
featured_part_05930,2,1,10.1992,10.1839
featured_part_05931,12,8,79.3485,79.0908
featured_part_05932,8,5,19.374,19.362
featured_part_05933,16,10,91.4436,91.377
featured_part_05934,7,2,44.092,44.0345
featured_part_05936,15,9,19.7563,19.6325
featured_part_05937,14,5,97.6618,97.4971
featured_part_05938,2,1,12.8876,12.8562
featured_part_05939,6,5,16.368,16.3106
featured_part_05940,12,8,50.8711,50.6713
featured_part_05942,16,11,50.8156,50.721
featured_part_05943,7,4,31.8553,31.8082
featured_part_05944,2,0,24.6228,24.621
featured_part_05945,5,3,14.5451,14.3674
featured_part_05946,11,2,116.6417,115.3326
featured_part_05949,12,8,17.182,17.1449
featured_part_05950,11,5,97.227,95.8343
featured_part_05951,3,2,25.4273,25.3721
featured_part_05953,5,3,71.6389,71.584
featured_part_05954,13,6,45.7888,45.5128
featured_part_05955,3,2,5.3157,5.2755
featured_part_05957,5,3,4.3127,4.0808
featured_part_05958,12,6,23.6533,23.4621
featured_part_05959,8,6,28.7215,28.6671
featured_part_05960,9,3,100.6549,100.5301
featured_part_05962,36,28,173.4557,173.0526
featured_part_05964,2,1,9.0972,9.0687
featured_part_05965,7,3,33.3052,32.049
featured_part_05967,6,5,107.1026,107.0016
featured_part_05968,19,12,48.6545,47.6883
featured_part_05969,3,2,38.2972,38.2019
featured_part_05970,8,3,164.9125,164.7003
featured_part_05971,12,7,38.9257,38.8949
featured_part_05972,15,10,29.352,28.9214
featured_part_05973,3,1,4.5272,4.5239
featured_part_05974,4,1,45.1825,43.7547
featured_part_05975,6,5,7.2855,7.2685
featured_part_05976,9,4,125.3102,125.1809
featured_part_05977,15,9,20.0174,19.9817
featured_part_05978,14,10,57.2864,55.9544
featured_part_05979,7,5,72.7147,72.6482
featured_part_05980,3,1,11.478,11.4735
featured_part_05981,10,8,66.3955,64.4326
featured_part_05982,6,3,17.2558,17.2341
featured_part_05983,12,9,38.1306,38.0218
featured_part_05984,9,5,29.3734,29.3322
featured_part_05985,8,4,4.6012,4.5787
featured_part_05986,10,4,209.3168,205.4588
featured_part_05987,9,7,161.9922,156.8425
featured_part_05988,10,4,143.7857,143.5958
featured_part_05989,8,4,77.0771,75.0614
featured_part_05990,6,2,27.5137,27.4474
featured_part_05992,4,3,56.5049,53.4821
featured_part_05993,13,6,237.2126,236.2418
featured_part_05994,12,8,57.8255,56.7947
featured_part_05995,5,2,54.1079,53.5482
featured_part_05996,26,20,223.3699,223.1528
featured_part_05997,6,4,63.2333,60.4544
featured_part_05998,2,1,11.5393,11.5377
featured_part_05999,13,10,36.5856,35.6327
featured_part_06000,12,8,53.0248,53.0003
featured_part_06001,3,1,11.4729,11.4609
featured_part_06002,12,10,50.2432,49.7657
featured_part_06003,9,6,94.6657,94.494
featured_part_06004,2,1,26.9578,26.9217
featured_part_06005,10,7,102.1278,101.9388
featured_part_06007,19,13,38.0816,37.9726
featured_part_06008,14,4,75.8176,73.5811
featured_part_06009,6,5,90.4989,90.3438
featured_part_06010,18,12,42.1367,41.1028
featured_part_06011,7,3,57.955,56.9195
featured_part_06013,15,10,47.9408,47.848
featured_part_06015,4,3,6.937,6.9238
featured_part_06016,4,3,16.1234,16.0934
featured_part_06017,7,4,49.0317,48.152
featured_part_06018,5,4,31.9945,31.0648
featured_part_06019,7,3,25.6262,24.6887
featured_part_06020,9,7,40.8683,39.402
featured_part_06021,10,6,79.0617,77.8942
featured_part_06022,9,6,63.3427,62.1945
featured_part_06023,9,6,77.7658,74.7317
featured_part_06024,12,6,62.0334,61.9974
featured_part_06026,5,4,29.5721,29.5194
featured_part_06027,6,5,132.2238,132.1263
featured_part_06028,16,8,43.2702,42.2279
featured_part_06029,4,2,28.0431,26.9657
featured_part_06030,5,2,44.053,43.9494
featured_part_06031,14,10,12.1203,12.0816
featured_part_06032,3,0,31.4392,31.4363
featured_part_06033,11,9,12.417,12.3718
featured_part_06034,24,15,44.8211,44.4843
featured_part_06035,11,2,23.7852,23.7665
featured_part_06036,4,1,66.0588,66.0101
featured_part_06037,12,3,38.0983,38.0414
featured_part_06039,21,15,34.0844,34.0266
featured_part_06041,10,6,31.5851,31.0133
featured_part_06042,12,4,118.9445,115.2994
featured_part_06043,5,2,27.8167,27.6892
featured_part_06044,7,2,67.3189,66.7936
featured_part_06045,21,16,83.5239,83.3907
featured_part_06047,7,4,22.2566,22.2314
featured_part_06048,11,8,55.7481,55.6528
featured_part_06049,12,10,9.3054,9.2712
featured_part_06050,7,6,10.0967,10.0855
featured_part_06051,8,3,60.0169,59.9496
featured_part_06053,4,1,74.7851,74.7444
featured_part_06054,5,3,29.4538,29.419
featured_part_06055,12,4,56.334,56.1663
featured_part_06056,8,5,16.732,16.4551
featured_part_06058,23,16,84.5032,83.6454
featured_part_06059,11,8,25.9663,25.558
featured_part_06060,16,12,98.6408,97.6263
featured_part_06061,4,1,33.0727,32.7875
featured_part_06062,12,8,47.8156,45.5812
featured_part_06063,17,13,4.4733,4.451
featured_part_06064,17,10,89.9961,87.8106
featured_part_06066,8,3,68.8883,68.8184
featured_part_06067,6,4,68.3621,65.3638
featured_part_06069,11,3,23.8083,23.7857
featured_part_06071,5,2,35.5022,35.4221
featured_part_06072,17,5,39.1085,39.0339
featured_part_06073,13,2,11.5537,11.5148
featured_part_06074,6,2,78.9945,78.9423
featured_part_06075,10,6,130.6859,126.2501
featured_part_06076,3,1,31.3594,31.3232
featured_part_06077,7,4,36.9911,36.9763
featured_part_06078,7,3,24.0245,23.9996
featured_part_06079,11,3,51.1754,50.1356
featured_part_06080,10,7,175.6241,174.9656
featured_part_06081,6,4,39.7794,39.729
featured_part_06082,14,11,21.4722,20.4974
featured_part_06083,10,7,99.1043,98.8724
featured_part_06084,9,3,17.4749,17.1433
featured_part_06086,2,0,7.9259,7.7197
featured_part_06087,5,1,11.5387,11.5321
featured_part_06089,6,4,82.7542,82.6775
featured_part_06090,28,23,23.3772,23.2042
featured_part_06093,16,7,38.2367,38.1196
featured_part_06094,4,1,48.9264,47.901
featured_part_06097,4,3,3.9161,3.9009
featured_part_06098,9,2,61.8955,61.1258
featured_part_06099,11,6,94.4993,90.8788
featured_part_06100,9,3,177.2087,177.0308
featured_part_06101,3,2,33.9754,32.5743
featured_part_06102,6,4,49.2277,47.2344
featured_part_06103,7,5,1.8974,1.8856
featured_part_06105,3,2,50.86,50.8013
featured_part_06106,11,7,206.141,205.7837
featured_part_06107,5,2,58.6217,57.6755
featured_part_06108,9,3,18.126,18.0934
featured_part_06109,10,4,32.8176,32.7634
featured_part_06111,6,4,5.3578,5.3327
featured_part_06113,20,12,37.2532,37.1835
featured_part_06114,9,5,163.545,161.9998
featured_part_06115,10,8,144.8438,144.634
featured_part_06116,5,2,60.3108,60.2984
featured_part_06117,11,3,39.6121,39.5316
featured_part_06119,5,1,47.926,47.4641
featured_part_06120,12,5,97.4552,97.33
featured_part_06121,19,13,39.9939,39.2765
featured_part_06122,22,14,23.1454,22.9338
featured_part_06123,4,2,11.9768,11.9567
featured_part_06124,12,8,119.7189,119.5887
featured_part_06125,5,3,20.0088,20.0013
featured_part_06126,10,5,52.4416,51.6338
featured_part_06127,9,6,43.9566,43.9141
featured_part_06128,1,0,2.509,2.509
featured_part_06129,11,6,20.6709,20.6294
featured_part_06130,21,14,57.5495,57.4613
featured_part_06131,7,2,119.6933,119.5371
featured_part_06132,11,8,151.4174,149.9863
featured_part_06133,15,10,156.794,156.4414
featured_part_06134,3,0,19.1139,19.11
featured_part_06135,10,7,50.3086,50.1788
featured_part_06136,15,7,84.7948,83.0491
featured_part_06137,2,0,41.001,40.9954
featured_part_06139,4,1,40.6872,40.6477
featured_part_06140,3,1,42.2075,42.1625
featured_part_06142,4,0,13.6232,13.6204
featured_part_06143,12,10,60.0915,57.9111
featured_part_06144,8,6,74.3188,74.1464
featured_part_06145,9,7,46.9891,46.8966
featured_part_06146,7,5,36.5827,36.5613
featured_part_06148,7,5,52.1074,52.0368
featured_part_06149,9,6,38.038,37.3526
featured_part_06150,10,6,64.7346,63.5545
featured_part_06151,10,6,47.228,47.1665
featured_part_06152,4,2,37.6551,37.6506
featured_part_06153,8,4,129.8095,128.3027
featured_part_06154,5,2,33.4895,33.4076
featured_part_06155,7,4,47.5129,47.4782
featured_part_06156,5,2,86.3027,86.2091
featured_part_06157,13,10,81.228,81.1413
featured_part_06158,18,14,29.6723,28.9818
featured_part_06159,6,5,9.9182,9.9082
featured_part_06160,19,16,13.4156,13.2119
featured_part_06162,2,1,186.9604,186.8371
featured_part_06164,6,5,10.3794,10.2191
featured_part_06165,9,3,168.2585,167.9708
featured_part_06166,14,9,85.5727,85.4699
featured_part_06167,11,8,199.8975,198.2635
featured_part_06168,10,3,39.6205,39.5882
featured_part_06169,4,2,22.4824,22.469
featured_part_06170,10,3,36.9806,36.9284
featured_part_06171,8,5,54.2616,54.238
featured_part_06172,14,7,21.2863,21.2162
featured_part_06173,16,11,44.2136,44.1146
featured_part_06174,10,8,50.5265,50.4258
featured_part_06175,2,1,15.5453,15.5348
featured_part_06176,15,10,57.1452,57.0771
featured_part_06177,10,6,60.4296,59.1631
featured_part_06179,5,1,22.3588,22.3509
featured_part_06180,14,9,16.5666,16.5305
featured_part_06181,15,10,80.0986,79.2915
featured_part_06182,1,0,21.7649,21.7048
featured_part_06183,13,2,13.3248,13.2809
featured_part_06184,26,19,44.5032,44.2016
featured_part_06187,14,9,64.5484,64.4318
featured_part_06188,10,6,34.8263,34.2652
featured_part_06189,8,3,9.1011,8.7352
featured_part_06190,6,2,59.7324,59.6048
featured_part_06191,15,9,88.3467,88.2103
featured_part_06192,12,9,82.5507,82.4118
featured_part_06193,5,4,17.357,17.337
featured_part_06194,11,8,91.9059,91.7941
featured_part_06195,8,5,50.988,50.2472
featured_part_06196,10,7,103.4132,103.3148
featured_part_06198,8,3,53.1359,52.2558
featured_part_06201,12,5,57.5852,57.4395
featured_part_06202,5,1,92.9641,91.3377
featured_part_06203,2,1,45.4287,45.3701
featured_part_06204,12,9,88.5776,85.601
featured_part_06205,10,7,41.1116,41.068
featured_part_06206,11,4,36.3221,34.9062
featured_part_06207,7,1,48.2127,47.9886
featured_part_06209,15,2,28.673,28.6498
featured_part_06211,15,11,84.3091,84.2059
featured_part_06213,3,2,28.9372,28.0508
featured_part_06214,8,7,124.8596,124.713
featured_part_06216,3,1,27.6024,27.2188
featured_part_06217,10,8,63.365,63.2214
featured_part_06218,17,6,28.3764,28.2841
featured_part_06219,2,0,47.1378,47.1364
featured_part_06220,12,9,13.0935,13.0536
featured_part_06222,19,12,191.0754,189.0538
featured_part_06223,26,18,106.0556,105.9816
featured_part_06224,9,4,78.9287,77.0704
featured_part_06225,8,6,4.685,4.6529
featured_part_06226,9,3,179.432,177.0276
featured_part_06227,12,4,112.3017,108.7234
featured_part_06228,3,2,11.747,11.7267
featured_part_06229,18,15,78.6584,78.1894
featured_part_06230,3,2,31.6024,31.5624
featured_part_06231,7,2,31.0627,30.6709
featured_part_06232,8,5,15.4506,15.4274
featured_part_06233,15,10,52.5093,51.8809
featured_part_06235,9,2,60.3738,59.8526
featured_part_06236,14,9,35.5657,34.009
featured_part_06237,9,3,38.7144,37.9008
featured_part_06238,20,14,45.1907,44.2215
featured_part_06239,6,3,116.3324,115.5556
featured_part_06240,2,1,12.1735,12.1601
featured_part_06241,9,5,38.3878,37.4805
featured_part_06242,17,11,37.06,36.0108
featured_part_06244,10,2,64.146,63.9898
featured_part_06245,6,2,61.0827,58.8401
featured_part_06246,12,8,23.8764,23.8448
featured_part_06247,5,3,11.9733,11.4891
featured_part_06248,12,9,54.8485,54.8252
featured_part_06249,5,2,78.9089,78.8656
featured_part_06250,2,1,21.5966,20.644
featured_part_06251,15,10,58.5572,58.408
featured_part_06252,13,7,69.4407,68.61
featured_part_06253,13,4,107.8024,107.4329
featured_part_06254,8,7,148.596,147.9275
featured_part_06257,6,2,119.3357,118.8307
featured_part_06258,13,7,119.7488,117.6091
featured_part_06259,7,5,17.9824,17.9319
featured_part_06260,14,8,71.0151,70.8387
featured_part_06261,3,2,12.2933,12.2883
featured_part_06262,14,10,41.5544,39.9492
featured_part_06263,8,4,266.1673,265.0838
featured_part_06264,8,6,8.2121,8.1935
featured_part_06265,24,18,58.3858,58.3109
featured_part_06266,14,2,5.2973,5.2359
featured_part_06268,15,8,71.6965,70.3077
featured_part_06269,18,14,106.255,105.7709
featured_part_06271,4,1,17.2447,17.2303
featured_part_06272,15,13,118.8672,118.6833
featured_part_06273,12,5,14.008,13.9688
featured_part_06274,4,2,160.6149,160.5427
featured_part_06275,5,2,32.5804,32.5275
featured_part_06276,8,5,295.1188,294.9033
featured_part_06278,15,10,47.6989,47.6721
featured_part_06279,10,5,24.8988,24.2154
featured_part_06280,8,6,18.4524,18.3633
featured_part_06281,7,2,76.2467,74.9115
featured_part_06282,10,8,109.2354,108.6267
featured_part_06283,8,3,50.1871,48.1464
featured_part_06284,9,6,25.8189,25.7968
featured_part_06285,2,0,26.7183,26.7145
featured_part_06286,17,13,57.0547,55.9768
featured_part_06287,6,5,28.7238,28.6635
featured_part_06288,8,4,74.5849,73.0735
featured_part_06289,6,5,84.7201,84.5244
featured_part_06290,7,5,39.6194,38.0093
featured_part_06291,17,12,81.5947,81.4387
featured_part_06293,7,6,57.2058,57.1494
featured_part_06294,3,2,44.1727,44.0907
featured_part_06297,17,14,28.2524,28.1719
featured_part_06298,14,11,39.6867,39.5857
featured_part_06299,8,6,9.1727,9.1438
featured_part_06300,2,1,12.1887,12.155
featured_part_06301,12,9,32.3075,32.2667
featured_part_06302,2,1,8.3964,8.3854
featured_part_06304,10,8,30.1293,30.0908
featured_part_06305,11,2,17.2494,17.2336
featured_part_06306,7,5,75.1403,75.1191
featured_part_06307,13,8,32.2583,32.2048
featured_part_06310,3,1,64.0087,63.996
featured_part_06311,3,1,47.419,47.2097
featured_part_06312,3,2,96.8152,96.7115
featured_part_06315,13,6,124.7682,121.8619
featured_part_06316,6,3,46.3979,44.6419
featured_part_06317,21,13,63.802,62.1157
featured_part_06318,5,3,43.9128,43.8421
featured_part_06319,9,6,20.989,20.9104
featured_part_06320,10,7,17.5936,17.5504
featured_part_06321,3,2,16.7045,16.6811
featured_part_06322,15,11,169.8864,168.2286
featured_part_06323,4,3,23.2508,22.6453
featured_part_06324,2,1,16.7058,16.7021
featured_part_06326,6,5,43.9061,43.8666
featured_part_06327,8,5,24.7712,24.7232
featured_part_06328,18,14,62.0012,61.8983
featured_part_06329,20,14,166.5376,162.9765
featured_part_06330,5,1,38.6987,37.8397
featured_part_06331,15,11,52.0722,51.7574
featured_part_06332,10,7,12.0224,11.9957
featured_part_06333,3,1,12.1048,12.0699
featured_part_06334,6,2,100.1041,98.7326
featured_part_06335,10,3,44.1128,43.3286
featured_part_06336,6,2,51.4081,51.3963
featured_part_06337,10,6,26.1871,25.7113
featured_part_06338,10,3,46.6578,46.5192
featured_part_06339,8,3,96.3928,94.8825
featured_part_06341,5,3,95.4789,95.2556
featured_part_06342,22,5,105.626,105.2774
featured_part_06343,12,10,195.0708,194.8804
featured_part_06344,4,2,64.7522,63.9031
featured_part_06345,2,1,5.5746,5.5612
featured_part_06346,5,4,61.4992,58.7197
featured_part_06347,13,11,24.9946,24.92
featured_part_06348,9,6,91.2663,89.2063
featured_part_06349,10,3,93.5541,93.4345
featured_part_06350,7,5,16.0694,16.0307
featured_part_06351,6,4,44.6785,44.4156
featured_part_06354,10,8,25.3882,25.373
featured_part_06355,2,1,29.92,29.9
featured_part_06356,8,5,21.3987,21.3416
featured_part_06357,13,8,60.7141,60.4999
featured_part_06358,9,2,73.2263,71.5265
featured_part_06359,6,3,117.8825,117.6823
featured_part_06361,6,3,112.4642,109.1474
featured_part_06362,8,3,55.6516,53.7248
featured_part_06363,5,2,53.8787,53.8664
featured_part_06365,3,1,41.6994,41.6745
featured_part_06366,6,5,22.5246,21.1458
featured_part_06367,16,10,39.6026,39.4979
featured_part_06368,13,8,33.7498,33.6842
featured_part_06369,14,9,31.3812,31.331
featured_part_06370,10,8,31.9988,30.3531
featured_part_06371,10,8,21.5683,21.532
featured_part_06372,10,8,34.6099,34.5419
featured_part_06373,17,12,67.9796,67.8531
featured_part_06374,5,4,4.7855,4.7775
featured_part_06375,9,7,20.5266,20.4288
featured_part_06376,13,9,16.943,16.3575
featured_part_06377,7,4,20.5419,20.4752
featured_part_06378,15,11,19.5875,19.4441
featured_part_06380,7,2,27.548,27.5332
featured_part_06382,19,14,29.6845,29.6271
featured_part_06383,8,2,46.8722,46.818
featured_part_06385,3,1,66.148,66.1093
featured_part_06386,16,7,91.2236,91.0109
featured_part_06388,12,8,137.7772,137.5856
featured_part_06390,3,1,15.6264,15.6051
featured_part_06391,9,3,66.4497,66.2971
featured_part_06392,16,8,22.2842,22.234
featured_part_06393,7,3,48.2773,48.2225
featured_part_06394,4,1,37.8957,37.8893
featured_part_06395,4,1,24.1708,23.4851
featured_part_06397,5,1,7.3068,7.288
featured_part_06398,3,2,19.1448,18.8898
featured_part_06399,20,14,99.4131,95.2926
featured_part_06400,3,2,11.0322,11.014
featured_part_06401,6,1,63.0633,63.0507
featured_part_06402,18,10,118.2648,118.1125
featured_part_06403,6,4,25.2488,25.1997
featured_part_06404,18,12,66.1518,66.0276
featured_part_06405,4,3,1.3545,1.3354
featured_part_06406,10,7,93.7425,93.3367
featured_part_06407,7,4,66.3254,66.2089
featured_part_06408,20,12,21.0989,20.703
featured_part_06409,15,4,66.751,66.5663
featured_part_06410,14,6,65.9452,65.826
featured_part_06411,5,3,36.7813,36.7587
featured_part_06412,10,8,27.1392,27.0938
featured_part_06414,7,5,46.1224,46.1106
featured_part_06415,4,1,26.1984,26.1787
featured_part_06416,5,4,57.4514,55.3121
featured_part_06417,6,4,33.9894,33.9377
featured_part_06418,9,3,45.9547,45.8035
featured_part_06419,3,2,115.2947,115.2088
featured_part_06421,18,14,55.4653,54.703
featured_part_06422,11,8,72.8457,71.743
featured_part_06423,22,16,14.4418,14.4028
featured_part_06424,15,8,90.9141,90.7991
featured_part_06425,4,2,27.6118,27.5746
featured_part_06426,14,4,6.7651,6.6627
featured_part_06428,12,9,36.1801,36.1602
featured_part_06430,5,3,7.4916,7.471
featured_part_06432,6,3,52.1907,52.0176
featured_part_06433,4,1,39.3891,38.2115
featured_part_06435,11,8,173.9741,173.7672
featured_part_06437,6,2,104.5989,100.4652
featured_part_06438,8,5,72.698,72.5878
featured_part_06439,7,4,31.9475,31.9356
featured_part_06440,6,5,36.3428,36.2887
featured_part_06441,13,8,31.496,31.4523
featured_part_06442,11,6,58.6618,58.6098
featured_part_06443,9,6,51.2452,51.121
featured_part_06444,6,2,25.3677,25.3038
featured_part_06445,15,8,122.912,120.3686
featured_part_06446,13,10,54.9752,54.8466
featured_part_06448,7,3,49.1553,48.741
featured_part_06449,9,7,21.4418,21.3983
featured_part_06450,10,4,210.5531,207.0025
featured_part_06451,7,2,26.4109,26.3546
featured_part_06454,3,1,28.04,27.9841
featured_part_06455,3,1,46.7746,45.7275
featured_part_06456,17,12,299.3707,299.1477
featured_part_06457,3,2,15.792,15.7616
featured_part_06458,11,6,49.0997,48.9761
featured_part_06459,3,1,21.7281,21.7043
featured_part_06460,9,5,240.6176,240.4179
featured_part_06461,26,15,112.9903,112.0195
featured_part_06462,8,5,6.8827,6.6
featured_part_06463,14,4,29.6192,29.5676
featured_part_06464,6,5,29.1056,29.0977
featured_part_06465,17,11,117.0283,116.5738
featured_part_06466,2,1,25.7951,25.7908
featured_part_06467,9,7,30.3264,30.2877
featured_part_06468,16,10,20.5558,20.4894
featured_part_06469,10,6,37.8749,37.8181
featured_part_06470,6,4,16.1357,16.1277
featured_part_06471,11,9,28.6954,28.631
featured_part_06473,16,13,143.3237,143.017
featured_part_06474,7,6,100.9136,99.1076
featured_part_06475,12,2,27.8604,27.7497
featured_part_06476,11,5,45.2377,45.1873
featured_part_06477,13,8,40.421,39.9022
featured_part_06478,19,12,47.6625,47.4801
featured_part_06480,12,10,27.5482,27.5097
featured_part_06482,18,5,76.015,74.7847
featured_part_06483,10,5,110.9329,110.7947
featured_part_06484,2,0,29.8025,29.799
featured_part_06485,7,4,19.7938,19.7603
featured_part_06486,10,8,27.2336,27.0624
featured_part_06487,12,4,24.0823,24.0462
featured_part_06488,5,3,58.7561,58.6974
featured_part_06489,4,2,59.4403,58.5651
featured_part_06490,7,3,129.3131,128.8882
featured_part_06491,18,13,39.9382,39.8972
featured_part_06493,4,3,77.243,77.1267
featured_part_06494,10,6,26.5384,26.473
featured_part_06495,8,6,81.5195,80.9523
featured_part_06496,5,3,0.9763,0.9687
featured_part_06497,15,9,59.6939,59.6389
featured_part_06498,5,3,79.603,79.5169
featured_part_06499,6,3,74.3315,74.2151
featured_part_06500,2,1,21.0125,21.0077
featured_part_06502,4,3,33.8087,33.7697
featured_part_06503,7,6,34.069,32.8538
featured_part_06504,19,10,142.3552,140.6569
featured_part_06505,18,12,40.6857,40.5562
featured_part_06506,6,2,73.0735,73.0129
featured_part_06507,13,4,111.7991,109.7404
featured_part_06509,12,8,73.217,70.1572
featured_part_06510,4,2,35.2522,34.1761
featured_part_06511,7,6,43.0603,43.0111
featured_part_06512,10,4,55.6951,55.5555
featured_part_06515,19,13,31.6907,31.0749
featured_part_06516,4,2,19.4007,19.3685
featured_part_06518,9,6,43.0845,43.0687
featured_part_06520,3,2,25.3695,25.3291
featured_part_06521,8,7,28.3565,28.1209
featured_part_06522,3,2,27.3841,27.3533
featured_part_06523,9,7,42.8196,42.6488
featured_part_06524,14,11,19.8308,19.8041
featured_part_06525,2,1,35.5018,34.2656
featured_part_06526,13,7,62.1015,60.4726
featured_part_06527,4,2,71.7367,71.6353
featured_part_06529,5,4,18.208,18.1991
featured_part_06531,5,3,67.3056,65.6918
featured_part_06532,8,6,9.1647,9.154
featured_part_06533,14,10,29.9267,29.8676
featured_part_06534,11,7,14.7257,14.6852
featured_part_06535,10,7,44.5705,44.551
featured_part_06536,2,1,29.2219,29.1735
featured_part_06538,13,10,44.0354,42.1025
featured_part_06539,18,14,41.8253,41.6636
featured_part_06540,8,3,29.3784,28.9025
featured_part_06541,12,7,28.9311,28.9142
featured_part_06542,12,11,17.2071,17.1618
featured_part_06543,6,3,31.7574,31.2004
featured_part_06544,6,5,41.8658,41.8301
featured_part_06545,6,4,17.9809,17.9304
featured_part_06546,8,3,144.1068,143.9695
featured_part_06547,13,8,96.3952,95.6692
featured_part_06548,8,5,17.2108,17.1614
featured_part_06549,6,3,78.472,77.4773
featured_part_06550,15,9,37.5952,37.5509
featured_part_06551,6,3,18.9999,18.9778
featured_part_06552,14,9,65.0452,64.9761
featured_part_06553,8,6,95.2597,95.1759
featured_part_06554,9,5,13.0663,12.7601
featured_part_06555,5,4,14.8179,14.6169
featured_part_06556,19,14,54.6589,53.3004
featured_part_06557,7,6,41.5586,41.4629
featured_part_06558,3,1,12.5448,12.5379
featured_part_06559,20,15,122.7899,122.4583
featured_part_06560,10,7,19.6193,19.5242
featured_part_06561,8,4,80.543,80.4477
featured_part_06563,16,11,66.0194,64.512
featured_part_06564,2,1,57.9437,55.0679
featured_part_06566,11,9,48.1401,46.6597
featured_part_06568,8,6,34.8707,33.3593
featured_part_06569,4,2,27.3945,27.3635
featured_part_06570,8,5,15.2315,15.193
featured_part_06571,11,3,43.2952,43.239
featured_part_06572,11,7,101.7119,100.8217
featured_part_06573,11,6,75.7737,75.6528
featured_part_06574,14,10,24.9423,24.9043
featured_part_06575,14,10,37.0327,36.2486
featured_part_06576,5,4,1.6851,1.676
featured_part_06577,12,8,3.2216,3.2032
featured_part_06578,10,8,64.9799,63.4267
featured_part_06579,9,6,36.0211,35.3205
featured_part_06580,7,2,20.4029,20.3433
featured_part_06581,7,5,34.8935,33.7399
featured_part_06582,14,10,23.836,23.8114
featured_part_06585,6,3,52.0127,51.7619
featured_part_06586,6,2,67.5115,65.6323
featured_part_06587,5,3,60.8212,60.7627
featured_part_06588,5,3,30.5611,30.5239
featured_part_06590,14,10,27.0201,26.4247
featured_part_06591,14,8,52.3759,52.2556
featured_part_06592,6,2,104.4842,104.3656
featured_part_06593,4,1,36.8689,36.8364
featured_part_06594,7,4,172.4783,168.4677
featured_part_06595,12,8,249.7817,248.006
featured_part_06596,6,1,36.9538,36.9364
featured_part_06597,12,8,22.4169,21.9597
featured_part_06599,8,2,28.1827,28.1515
featured_part_06600,15,9,52.6225,52.5046
featured_part_06601,7,4,59.1394,59.1255
featured_part_06602,7,5,14.4017,14.2864
featured_part_06603,8,3,19.7661,19.7408
featured_part_06604,2,1,50.5437,48.5752
featured_part_06605,11,8,18.4558,18.433
featured_part_06606,8,3,31.4201,31.3894
featured_part_06607,18,14,132.6055,132.4867
featured_part_06608,5,3,172.7105,171.6429
featured_part_06609,16,11,31.3192,31.258
featured_part_06610,4,2,72.9516,70.9418
featured_part_06611,8,5,26.5228,26.4822
featured_part_06612,7,4,20.5394,19.9752
featured_part_06613,4,3,40.0842,40.0317
featured_part_06615,10,6,23.9459,23.8977
featured_part_06616,14,5,172.437,172.264
featured_part_06617,5,1,60.7203,60.6867
featured_part_06618,17,13,72.8147,70.5301
featured_part_06620,3,1,23.4542,23.43
featured_part_06621,9,5,19.417,19.3654
featured_part_06622,6,2,27.0403,26.6784
featured_part_06623,10,6,46.7609,46.3972
featured_part_06624,7,2,63.3125,61.9809
featured_part_06625,4,2,22.3931,22.3616
featured_part_06626,6,3,109.0837,108.9832
featured_part_06627,6,4,22.1067,22.0813
featured_part_06628,4,2,29.7244,29.6839
featured_part_06629,12,9,107.0991,106.8923
featured_part_06630,6,5,20.7551,20.7131
featured_part_06631,9,5,32.1139,32.0996
featured_part_06632,15,9,60.706,58.3851
featured_part_06633,15,10,40.3784,40.2039
featured_part_06634,2,1,4.3859,4.3702
featured_part_06636,18,13,29.8848,29.8533
featured_part_06637,12,8,47.5994,46.4642
featured_part_06638,15,12,70.3378,69.5252
featured_part_06639,15,3,73.974,73.2843
featured_part_06640,11,3,55.46,55.3845
featured_part_06641,5,4,13.6977,13.6668
featured_part_06642,9,6,75.9753,74.7546
featured_part_06643,9,5,168.3994,167.4509
featured_part_06644,7,3,27.9532,27.9329
featured_part_06645,5,3,26.9117,26.8595
featured_part_06646,12,9,27.8538,27.7974
featured_part_06647,7,4,188.1281,185.9481
featured_part_06648,10,7,24.2864,24.249
featured_part_06649,18,13,86.8039,85.8471
featured_part_06650,6,1,166.1946,164.8015
featured_part_06652,15,5,64.5409,64.3748
featured_part_06653,10,4,82.5594,82.4563
featured_part_06654,6,3,88.0406,85.2437
featured_part_06655,2,1,0.5618,0.5517
featured_part_06656,4,2,6.784,6.6206
featured_part_06658,8,5,43.7298,43.696
featured_part_06659,9,5,172.5185,166.0111
featured_part_06660,4,2,79.7775,79.6945
featured_part_06661,9,6,78.6061,77.7913
featured_part_06662,27,15,89.3337,88.6871
featured_part_06664,10,8,88.7177,88.6451
featured_part_06665,3,1,17.9424,17.8839
featured_part_06666,1,0,5.6414,5.6259
featured_part_06667,8,4,64.4608,62.6753
featured_part_06668,6,1,117.455,117.3926
featured_part_06669,29,20,62.6845,60.8246
featured_part_06670,3,1,23.5341,23.5023
featured_part_06671,12,7,68.2767,68.091
featured_part_06672,11,8,33.1153,33.0372
featured_part_06673,11,9,22.7614,22.2838
featured_part_06675,5,2,18.4514,18.4218
featured_part_06676,5,3,74.0454,73.8789
featured_part_06677,6,4,9.3065,8.8132
featured_part_06678,12,8,13.8977,13.8719
featured_part_06679,13,10,55.6033,54.1002
featured_part_06680,1,0,11.3445,11.3438
featured_part_06682,22,17,51.9282,51.8462
featured_part_06683,16,12,35.5414,35.4435
featured_part_06685,5,3,47.2346,46.4388
featured_part_06686,5,4,38.2782,37.1825
featured_part_06687,8,3,125.9677,123.5664
featured_part_06688,12,4,78.5813,77.5218
featured_part_06689,3,1,22.0794,22.0579
featured_part_06690,17,4,144.6656,140.6592
featured_part_06691,8,6,66.5381,66.4665
featured_part_06692,5,4,26.1689,26.1221
featured_part_06693,5,4,48.5456,48.5031
featured_part_06695,12,9,29.5952,29.5771
featured_part_06696,10,7,18.2002,18.1178
featured_part_06697,2,0,20.9999,20.9981
featured_part_06698,5,4,35.4408,35.3646
featured_part_06699,17,6,25.3266,25.0256
featured_part_06700,7,5,36.5401,36.4715
featured_part_06701,4,3,16.1095,16.0855
featured_part_06702,10,8,11.9067,11.8427
featured_part_06703,8,3,88.8557,88.6718
featured_part_06704,2,1,72.9156,70.4568
featured_part_06705,16,9,67.9438,67.2327
featured_part_06706,12,6,67.0287,66.8739
featured_part_06708,5,2,37.4218,37.3489
featured_part_06709,14,10,113.851,109.9931
featured_part_06710,7,3,98.6383,94.9075
featured_part_06711,12,8,200.3521,199.036
featured_part_06712,8,4,43.2269,43.1549
featured_part_06713,12,3,36.8145,36.7398
featured_part_06714,2,0,26.8183,26.8155
featured_part_06715,14,5,42.6771,42.5509
featured_part_06716,13,11,96.3687,95.7445
featured_part_06717,16,10,16.8366,16.7441
featured_part_06718,12,3,19.995,19.974
featured_part_06719,6,4,72.4199,72.3776
featured_part_06720,8,6,31.0765,31.0536
featured_part_06721,8,7,74.8,72.1389
featured_part_06723,14,9,31.8259,31.7671
featured_part_06724,6,2,110.3922,110.31
featured_part_06725,9,6,98.9327,98.1244
featured_part_06726,1,0,16.7305,16.73
featured_part_06727,10,4,48.0809,47.9686
featured_part_06728,8,1,38.2118,38.1344
featured_part_06729,5,4,8.6016,8.5747
featured_part_06730,4,3,6.8609,6.7434
featured_part_06731,8,3,69.0879,68.9814
featured_part_06732,12,4,37.9775,37.905
featured_part_06733,2,0,14.7691,14.7688
featured_part_06735,10,7,143.3218,142.8577
featured_part_06736,10,8,22.43,22.3788
featured_part_06737,4,2,78.1585,78.0136
featured_part_06738,16,13,13.6494,13.6071
featured_part_06739,10,3,262.5019,254.2396
featured_part_06741,26,21,174.0922,173.803
featured_part_06742,8,6,105.8475,105.4786
featured_part_06743,10,8,63.0989,63.0191
featured_part_06744,3,2,79.1537,79.0682
featured_part_06745,17,8,70.7577,70.6744
featured_part_06746,16,12,122.1873,117.7943
featured_part_06747,3,0,23.904,23.901
featured_part_06748,6,4,105.6586,100.9848
featured_part_06749,12,8,86.3439,84.1734
featured_part_06750,7,3,38.6224,37.4328
featured_part_06751,10,8,39.5999,39.5027
featured_part_06752,6,3,224.96,224.4821
featured_part_06753,2,1,22.0494,22.0211
featured_part_06754,13,10,106.4327,106.2822
featured_part_06755,13,8,49.0453,49.0119
featured_part_06756,15,9,143.4273,142.731
featured_part_06757,7,6,22.7674,22.7079
featured_part_06758,7,1,87.2285,87.1027
featured_part_06759,9,6,9.5654,9.539
featured_part_06761,10,6,54.1262,54.0479
featured_part_06762,16,7,26.5365,26.4524
featured_part_06763,2,0,14.8972,14.8946
featured_part_06764,9,7,15.2353,15.195
featured_part_06765,11,8,19.451,19.3901
featured_part_06766,5,1,29.7307,29.7039
featured_part_06769,2,1,61.9921,61.8962
featured_part_06770,7,1,109.1006,107.9447
featured_part_06771,7,5,48.6631,48.6529
featured_part_06772,13,10,201.1452,200.9487
featured_part_06773,4,1,24.5255,24.1394
featured_part_06774,13,10,28.846,27.9461
featured_part_06776,3,2,6.041,6.0202
featured_part_06777,9,6,41.7222,40.8435
featured_part_06778,11,6,36.0558,35.9729
featured_part_06779,6,1,56.6259,56.587
featured_part_06780,24,15,42.5269,41.9642
featured_part_06781,11,3,47.6679,47.5464
featured_part_06782,8,5,59.0716,57.8834
featured_part_06783,6,4,29.9248,29.9146
featured_part_06784,1,0,22.9405,22.9384
featured_part_06785,10,2,42.8342,42.1726
featured_part_06786,12,9,58.6512,58.5405
featured_part_06787,6,2,35.0927,35.0814
featured_part_06789,6,4,57.4307,54.9565
featured_part_06790,4,3,58.1395,55.0202
featured_part_06794,7,5,14.1446,14.1178
featured_part_06795,2,1,43.5431,43.4561
featured_part_06797,5,4,7.261,7.2419
featured_part_06798,7,3,14.7966,14.7707
featured_part_06799,2,0,14.6491,14.6471
featured_part_06800,14,11,19.7452,19.0744
featured_part_06801,10,4,38.1444,37.7149
featured_part_06802,5,4,17.8473,17.8372
featured_part_06804,6,5,86.2085,86.0706
featured_part_06805,9,7,45.6241,45.5052
featured_part_06806,14,7,154.8471,154.5365
featured_part_06807,7,5,11.8526,11.8222
featured_part_06808,28,22,62.9663,62.8823
featured_part_06809,3,2,40.8748,39.3411
featured_part_06810,13,6,72.5609,72.4432
featured_part_06811,9,8,40.0997,40.0511
featured_part_06812,9,7,216.0339,210.1973
featured_part_06813,23,13,93.3564,93.1789
featured_part_06814,8,7,104.1356,104.0291
featured_part_06815,8,4,72.2502,69.2675
featured_part_06816,6,4,31.8485,31.5588
featured_part_06817,9,4,25.6278,24.3734
featured_part_06818,2,1,9.4559,8.9837
featured_part_06819,13,10,7.0773,7.0592
featured_part_06820,5,3,18.9017,18.1778
featured_part_06821,14,11,48.8962,48.5649
featured_part_06822,1,0,18.725,18.6976
featured_part_06823,9,4,136.9329,135.8763
featured_part_06824,5,3,19.976,19.4679
featured_part_06825,32,25,310.165,309.7143
featured_part_06826,20,17,231.6583,231.2102
featured_part_06827,5,2,6.3309,6.3104
featured_part_06828,11,6,16.5316,16.5171
featured_part_06829,17,11,72.3714,72.2431
featured_part_06831,10,7,66.4765,65.8482
featured_part_06832,8,2,158.2669,158.1928
featured_part_06833,5,2,53.5499,53.5305
featured_part_06834,8,6,39.599,39.5182
featured_part_06836,10,8,14.0582,14.033
featured_part_06837,7,4,19.6294,19.6194
featured_part_06838,12,10,37.69,36.4136
featured_part_06839,7,3,21.3731,21.3224
featured_part_06841,17,10,83.7007,81.5501
featured_part_06842,12,7,16.0099,15.944
featured_part_06843,9,2,10.9827,10.9286
featured_part_06844,8,5,74.7495,74.6733
featured_part_06845,6,4,140.5406,139.22
featured_part_06846,12,8,21.6934,21.3302
featured_part_06847,8,5,25.0932,25.0496
featured_part_06848,3,2,18.9555,18.9506
featured_part_06849,6,5,38.3219,36.8914
featured_part_06850,7,4,97.7648,97.5682
featured_part_06851,15,8,78.4061,78.3451
featured_part_06852,11,8,33.3324,32.4122
featured_part_06853,12,6,93.0567,90.5399
featured_part_06854,8,5,22.4403,22.4157
featured_part_06855,16,12,27.471,27.3492
featured_part_06856,11,3,70.085,70.0151
featured_part_06857,29,23,63.2613,62.8785
featured_part_06858,14,7,90.3274,90.1654
featured_part_06859,17,5,353.3326,353.027
featured_part_06860,10,8,34.3445,34.2548
featured_part_06861,13,7,40.5803,40.516
featured_part_06862,19,14,69.1078,67.4067
featured_part_06863,3,1,16.2087,16.2054
featured_part_06864,3,1,62.3869,59.861
featured_part_06865,11,5,40.9872,40.3853
featured_part_06866,15,11,29.999,29.8315
featured_part_06867,3,2,11.4363,11.4248
featured_part_06868,11,8,60.064,59.6182
featured_part_06869,7,3,145.0124,141.4041
featured_part_06871,8,5,22.4,22.1583
featured_part_06872,14,9,252.9826,252.7351
featured_part_06873,7,4,48.3964,46.625
featured_part_06874,8,6,32.4217,32.2988
featured_part_06875,7,6,92.4267,92.321
featured_part_06876,5,2,31.7151,31.1853
featured_part_06877,13,8,67.6799,66.4887
featured_part_06878,9,5,18.9718,18.8247
featured_part_06880,4,1,44.7652,44.682
featured_part_06881,2,1,17.1765,17.1743
featured_part_06882,5,3,20.9381,20.9195
featured_part_06885,5,2,97.2958,95.5727
featured_part_06886,17,11,32.7659,32.6709
featured_part_06887,7,5,149.3522,148.5726
featured_part_06888,5,1,71.707,71.559
featured_part_06889,20,15,44.4477,43.2836
featured_part_06890,8,5,34.1603,34.1107
featured_part_06891,9,7,164.9518,164.84
featured_part_06892,17,11,18.103,18.0634
featured_part_06893,4,1,17.8251,17.82
featured_part_06894,10,6,52.4609,52.3206
featured_part_06895,7,3,56.3293,55.8258
featured_part_06896,4,3,26.5264,25.3817
featured_part_06897,1,0,26.3997,26.3535
featured_part_06898,6,4,19.1142,19.0767
featured_part_06899,1,0,0.1204,0.1188
featured_part_06900,20,11,52.7441,52.6157
featured_part_06901,10,7,90.9672,89.4396
featured_part_06902,27,21,53.5978,52.1758
featured_part_06903,17,6,89.6589,89.4911
featured_part_06904,7,3,124.3282,121.2337
featured_part_06905,10,3,73.3174,73.2264
featured_part_06906,6,4,31.7798,31.7701
featured_part_06908,5,2,60.4643,60.3848
featured_part_06909,3,1,30.5601,29.7546
featured_part_06910,6,2,44.631,44.0062
featured_part_06911,13,2,7.5237,7.4834
featured_part_06912,13,10,28.1448,27.1495
featured_part_06913,11,8,50.6985,50.2787
featured_part_06914,5,3,39.9947,39.9615
featured_part_06915,19,12,41.4991,41.4302
featured_part_06916,3,0,52.633,52.6248
featured_part_06918,15,11,35.5858,35.5554
featured_part_06919,4,3,5.0727,5.0675
featured_part_06920,8,2,71.487,71.3908
featured_part_06921,8,6,149.4948,145.4871
featured_part_06922,5,1,41.292,41.2381
featured_part_06923,7,5,57.3242,56.7981
featured_part_06924,8,7,44.6647,44.6108
featured_part_06925,9,5,1.8242,1.804
featured_part_06926,19,14,38.5807,38.3564
featured_part_06927,14,9,97.9909,97.0022
featured_part_06929,4,1,14.7373,14.7311
featured_part_06930,8,6,47.5088,47.4574
featured_part_06931,9,5,41.5147,41.4489
featured_part_06934,10,8,3.4091,3.3912
featured_part_06935,12,9,91.9054,91.7778
featured_part_06936,7,4,44.3628,43.8806
featured_part_06937,11,6,39.2039,38.4853
featured_part_06938,11,7,39.2511,39.1996
featured_part_06941,7,4,46.2811,46.1912
featured_part_06942,12,3,36.2874,34.6869
featured_part_06943,13,10,73.6476,70.7825
featured_part_06944,5,4,154.8453,151.4284
featured_part_06946,14,5,27.9068,27.8393
featured_part_06947,6,4,52.6596,50.5484
featured_part_06948,5,3,13.2932,13.2619
featured_part_06950,3,1,28.6535,28.6275
featured_part_06951,21,16,15.4748,15.3995
featured_part_06952,6,4,59.4865,57.8385
featured_part_06953,4,2,27.9719,27.9353
featured_part_06956,4,3,7.7286,7.7238
featured_part_06957,3,2,16.4504,16.4098
featured_part_06958,17,14,16.4357,16.0124
featured_part_06961,6,4,20.2484,20.0011
featured_part_06963,5,3,22.6297,22.0552
featured_part_06964,27,21,87.4711,87.2698
featured_part_06965,11,9,9.3987,9.0276
featured_part_06966,5,4,27.75,27.4602
featured_part_06967,9,3,49.3422,48.7214
featured_part_06968,9,6,34.1325,32.9209
featured_part_06969,3,2,47.595,46.7604
featured_part_06970,7,2,14.9113,14.6047
featured_part_06972,19,13,298.1746,297.8936
featured_part_06973,11,7,33.0922,33.0137
featured_part_06974,4,1,23.694,23.6823
featured_part_06975,7,5,92.5241,92.4367
featured_part_06976,5,3,39.4034,39.3722
featured_part_06977,10,8,91.5219,91.4437
featured_part_06978,2,1,27.827,27.7714
featured_part_06979,7,5,27.7009,27.6684
featured_part_06980,13,9,190.1114,188.6532
featured_part_06981,12,4,102.916,102.7683
featured_part_06982,14,9,103.3104,103.1474
featured_part_06983,5,3,184.139,182.6355
featured_part_06985,2,1,29.1597,29.1313
featured_part_06986,2,0,42.5437,42.5392
featured_part_06987,3,1,76.8028,76.7549
featured_part_06988,2,0,44.3874,44.3006
featured_part_06989,10,2,217.4301,212.5674
featured_part_06990,11,7,45.161,45.0892
featured_part_06991,15,11,61.2523,61.1245
featured_part_06992,14,7,40.1199,40.0206
featured_part_06993,4,3,120.4135,119.8359
featured_part_06994,9,7,15.0838,15.0693
featured_part_06995,5,4,27.9045,27.8829
featured_part_06996,3,2,15.6062,15.6028
featured_part_06997,7,4,77.9002,76.1916
featured_part_06998,4,3,33.1159,33.1067
featured_part_06999,15,6,33.2073,32.9348
featured_part_07000,11,7,36.2532,36.2331
featured_part_07002,5,2,63.6282,62.8841
featured_part_07003,11,7,83.1285,80.8766
featured_part_07004,7,4,191.7306,190.1735
featured_part_07005,1,0,14.2102,14.2074
featured_part_07006,1,0,5.7289,5.7205
featured_part_07007,6,4,77.4708,74.1339
featured_part_07008,11,8,11.9426,11.9232
featured_part_07009,4,1,45.278,43.4485
featured_part_07010,11,9,18.6216,18.5529
featured_part_07011,18,12,95.0149,94.9015
featured_part_07012,9,5,33.8261,33.6668
featured_part_07013,12,8,29.9491,29.9153
featured_part_07014,13,6,121.6352,120.6012
featured_part_07015,4,2,29.0748,27.8123
featured_part_07016,12,7,84.5407,84.3862
featured_part_07017,17,13,27.677,27.6309
featured_part_07018,12,10,65.8019,65.7205
featured_part_07019,11,6,45.8231,45.765
featured_part_07020,20,13,30.4859,29.6556
featured_part_07022,13,6,48.5708,48.4377
featured_part_07023,6,2,28.8559,28.8362
featured_part_07024,11,5,18.6504,18.4642
featured_part_07025,10,7,37.6332,37.5523
featured_part_07026,6,3,15.1734,15.1589
featured_part_07027,19,14,26.9096,26.8478
featured_part_07028,3,2,91.3369,88.548
featured_part_07029,6,2,95.3333,95.1068
featured_part_07030,7,6,18.9366,18.455
featured_part_07031,12,6,37.8456,37.7108
featured_part_07032,15,7,23.6806,23.4776
featured_part_07033,6,1,4.531,4.5229
featured_part_07034,4,2,81.0565,77.3762
featured_part_07035,15,9,43.2226,42.3819
featured_part_07036,10,5,151.4905,149.558
featured_part_07037,9,5,130.201,129.4768
featured_part_07039,2,1,24.8287,24.7701
featured_part_07041,13,10,40.2866,40.1733
featured_part_07042,2,0,40.9368,40.9318
featured_part_07043,18,11,64.9186,64.1081
featured_part_07044,17,11,41.0894,39.8109
featured_part_07045,16,8,34.0228,33.7016
featured_part_07046,16,5,31.9911,30.4659
featured_part_07047,10,6,14.7437,14.6842
featured_part_07048,11,4,60.9741,59.3794
featured_part_07049,9,4,236.3092,232.3261
featured_part_07050,18,9,40.7412,40.6847
featured_part_07051,2,1,4.3278,4.1195
featured_part_07052,7,4,32.922,32.7977
featured_part_07053,18,13,42.2883,42.242
featured_part_07054,13,4,62.0136,61.6424
featured_part_07055,8,5,70.5123,70.4391
featured_part_07057,2,0,11.133,11.1315
featured_part_07058,8,3,39.319,39.1634
featured_part_07059,10,8,3.5505,3.5333
featured_part_07060,4,3,209.5109,209.3011
featured_part_07061,26,18,44.0177,43.2558
featured_part_07062,14,11,60.6314,59.2561
featured_part_07064,13,9,30.4656,29.1086
featured_part_07065,14,11,148.916,147.7892
featured_part_07066,12,7,70.2843,70.1982
featured_part_07067,13,6,99.9269,98.9648
featured_part_07068,3,2,31.5068,30.4428
featured_part_07069,18,15,57.9248,57.3817
featured_part_07070,7,3,118.1486,115.0147
featured_part_07071,9,7,21.2199,21.1911
featured_part_07072,9,7,184.6799,181.8381
featured_part_07073,14,2,24.1787,24.1587
featured_part_07074,9,6,34.4858,34.4183
featured_part_07075,10,8,35.3527,35.3343
featured_part_07076,2,1,20.6584,19.9388
featured_part_07077,6,5,19.8792,19.8353
featured_part_07079,4,2,39.2437,39.1959
featured_part_07081,2,1,74.8577,74.773
featured_part_07082,9,6,176.8135,175.4872
featured_part_07084,14,8,41.3403,41.3029
featured_part_07085,14,8,98.1295,98.05
featured_part_07086,13,9,26.7146,26.0564
featured_part_07087,8,7,54.0821,54.0085
featured_part_07088,8,6,23.1096,23.0325
featured_part_07090,5,0,42.558,42.0261
featured_part_07091,8,4,160.0684,156.4649
featured_part_07092,6,5,68.1377,68.0753
featured_part_07093,9,4,76.3948,74.9245
featured_part_07094,16,4,87.4745,87.3294
featured_part_07095,6,3,47.3554,45.9618
featured_part_07096,8,3,53.3525,52.2067
featured_part_07097,7,2,23.7079,23.6108
featured_part_07098,3,1,40.5872,39.2377
featured_part_07099,10,7,68.6217,66.734
featured_part_07100,16,11,58.8523,58.4638
featured_part_07101,18,15,40.6189,40.5341
featured_part_07102,3,2,16.7766,16.2836
featured_part_07103,2,1,75.4229,75.3141
featured_part_07104,8,6,198.6901,197.9927
featured_part_07105,7,2,89.6135,89.4914
featured_part_07106,17,4,26.8119,26.0183
featured_part_07107,22,14,120.9869,120.7722
featured_part_07108,23,16,82.129,81.5436
featured_part_07109,8,5,65.9873,65.1397
featured_part_07110,4,2,23.0047,23.0001
featured_part_07111,4,3,31.1814,31.1323
featured_part_07112,26,21,26.4531,26.3705
featured_part_07113,18,11,124.2856,120.8494
featured_part_07114,14,3,21.2812,21.2193
featured_part_07115,8,3,35.3829,34.9423
featured_part_07116,6,3,26.056,26.0209
featured_part_07117,5,4,29.7039,29.3705
featured_part_07118,22,15,58.3915,58.2553
featured_part_07119,12,9,9.489,9.4637
featured_part_07120,6,3,18.261,18.2386
featured_part_07121,2,1,11.0519,10.8206
featured_part_07122,16,12,90.287,89.6849
featured_part_07124,3,0,45.6003,44.9522
featured_part_07125,10,2,76.4919,74.3877
featured_part_07126,5,4,53.9047,53.8054
featured_part_07127,17,14,97.9138,97.171
featured_part_07129,11,7,51.048,50.6477
featured_part_07130,4,1,57.5228,57.4759
featured_part_07131,6,5,32.9848,32.922
featured_part_07132,21,16,7.2113,7.1689
featured_part_07133,12,8,34.042,33.9958
featured_part_07134,6,1,24.4651,24.4318
featured_part_07135,5,3,14.1138,14.0764
featured_part_07136,14,10,56.6838,56.0115
featured_part_07137,15,11,12.149,12.1052
featured_part_07138,10,3,64.0225,63.9622
featured_part_07139,18,13,216.3127,215.9728
featured_part_07140,14,7,191.1569,190.9103
featured_part_07141,7,5,16.7612,16.7152
featured_part_07142,9,8,147.3454,145.7918
featured_part_07143,10,7,40.308,39.6943
featured_part_07144,6,3,60.0305,59.6126
featured_part_07146,4,2,55.9688,55.8603
featured_part_07147,8,6,31.3929,31.3539
featured_part_07148,19,10,122.2805,119.8574
featured_part_07149,3,2,4.5864,4.57
featured_part_07150,4,2,42.8704,42.3671
featured_part_07151,18,11,48.1216,46.6814
featured_part_07152,12,10,20.1647,20.0927
featured_part_07153,16,8,37.5796,37.1548
featured_part_07154,3,2,43.766,43.0155
featured_part_07155,5,1,47.3241,47.3041
featured_part_07156,6,5,71.5113,71.4472
featured_part_07157,4,1,79.709,79.6266
featured_part_07158,15,9,85.1152,84.9147
featured_part_07159,23,18,70.8222,70.7326
featured_part_07160,12,5,46.2988,45.7747
featured_part_07163,10,6,32.4142,32.3329
featured_part_07165,2,1,65.5538,65.5179
featured_part_07166,11,3,40.7279,39.9789
featured_part_07167,5,4,63.4677,60.9714
featured_part_07168,9,7,70.658,70.5601
featured_part_07170,8,6,36.3537,36.2603
featured_part_07171,14,10,54.6178,54.5293
featured_part_07172,11,6,58.4931,56.441
featured_part_07173,10,7,26.7683,26.6581
featured_part_07175,17,13,29.9378,29.9152
featured_part_07176,10,4,161.8,156.4261
featured_part_07177,9,6,47.1536,46.2192
featured_part_07179,2,1,43.2286,43.1483
featured_part_07180,10,8,134.7567,134.5843
featured_part_07182,5,2,82.325,82.1957
featured_part_07183,7,3,19.617,19.2676
featured_part_07184,5,4,35.9036,35.8666
featured_part_07185,12,8,51.0927,50.2243
featured_part_07186,7,3,59.5837,58.9644
featured_part_07187,11,9,13.9984,13.9805
featured_part_07188,17,10,16.8127,16.6932
featured_part_07189,16,6,99.8738,99.6448
featured_part_07190,22,15,33.772,33.0816
featured_part_07191,7,4,49.8152,49.1977
featured_part_07192,9,5,67.3367,66.7051
featured_part_07193,13,8,19.251,19.161
featured_part_07194,5,3,67.1896,65.356
featured_part_07195,6,1,110.2633,108.9675
featured_part_07197,18,9,123.9019,123.6968
featured_part_07198,15,10,122.3176,120.3796
featured_part_07200,13,11,111.6498,107.5683
featured_part_07201,14,3,21.9689,21.4317
featured_part_07202,9,7,107.4867,107.3744
featured_part_07203,4,2,61.4633,58.5974
featured_part_07204,5,4,84.3841,84.2236
featured_part_07205,11,7,78.3744,76.7743
featured_part_07206,4,1,11.5218,11.4675
featured_part_07207,13,10,51.6774,51.2077
featured_part_07208,14,8,53.8721,53.704
featured_part_07209,9,5,41.3026,40.3249
featured_part_07210,8,6,23.2648,23.2369
featured_part_07211,6,5,16.9128,16.8832
featured_part_07212,6,4,15.2961,15.2871
featured_part_07214,8,6,20.706,20.6478
featured_part_07215,8,6,36.5494,36.4748
featured_part_07216,16,13,13.5106,13.4646
featured_part_07217,5,1,48.1505,46.9947
featured_part_07218,9,8,188.361,186.4464
featured_part_07219,5,3,218.8134,218.6895
featured_part_07220,2,0,18.0088,18.0061
featured_part_07221,8,5,108.677,108.515
featured_part_07224,12,8,14.227,13.976
featured_part_07225,14,10,115.2809,115.1612
featured_part_07226,12,9,102.5493,99.0655
featured_part_07227,12,8,12.4712,12.413
featured_part_07228,9,3,34.4984,34.4278
featured_part_07229,4,1,83.6176,81.0097
featured_part_07230,12,6,50.6658,50.2019
featured_part_07231,11,3,31.9977,31.9118
featured_part_07232,7,2,78.7132,78.6313
featured_part_07233,14,8,56.6209,56.52
featured_part_07234,8,4,25.4743,25.4436
featured_part_07235,16,8,152.6018,149.063
featured_part_07236,12,9,19.4785,19.3616
featured_part_07237,7,5,15.7494,15.7196
featured_part_07239,6,3,90.7273,90.5856
featured_part_07241,6,4,73.3707,73.3015
featured_part_07242,10,6,82.2992,82.2079
featured_part_07243,4,2,20.738,20.6763
featured_part_07245,2,0,52.7862,51.6266
featured_part_07246,15,10,46.7825,46.156
featured_part_07247,6,5,21.476,21.4454
featured_part_07249,6,5,30.8514,30.8004
featured_part_07251,4,2,30.0763,29.0874
featured_part_07253,6,3,36.9882,36.8386
featured_part_07254,3,2,108.2606,107.53
featured_part_07255,14,9,180.9597,179.327
featured_part_07256,23,18,56.1174,56.0405
featured_part_07257,10,8,79.5923,79.1787
featured_part_07258,13,10,114.137,113.951
featured_part_07259,15,9,38.1908,38.1122
featured_part_07261,24,15,95.4158,92.5592
featured_part_07262,7,2,53.9067,53.8494
featured_part_07263,5,4,12.5637,12.2158
featured_part_07264,6,5,7.8203,7.8019
featured_part_07265,5,2,47.9129,47.8654
featured_part_07266,11,3,118.4176,116.7056
featured_part_07267,16,11,8.1055,7.7517
featured_part_07269,15,10,27.4336,27.1797
featured_part_07271,5,2,23.5212,23.4924
featured_part_07272,6,5,63.9772,63.9445
featured_part_07273,10,5,37.0844,37.02
featured_part_07275,7,5,85.9838,85.9107
featured_part_07276,17,11,128.1171,126.4902
featured_part_07277,10,5,26.6088,26.5304
featured_part_07278,3,1,31.7769,31.7583
featured_part_07279,21,15,74.4146,73.8286
featured_part_07280,19,14,96.129,95.8948
featured_part_07281,9,5,45.16,45.0617
featured_part_07282,3,2,24.2193,24.1602
featured_part_07283,22,13,64.8609,64.7088
featured_part_07284,9,7,55.667,55.6121
featured_part_07286,3,1,31.3782,31.324
featured_part_07287,6,5,57.2072,57.1109
featured_part_07288,14,8,57.6191,56.5617
featured_part_07289,6,2,71.945,71.8589
featured_part_07290,7,2,61.9713,61.8888
featured_part_07291,6,1,73.2563,73.1372
featured_part_07292,8,6,60.1635,60.1043
featured_part_07293,5,4,8.6995,8.6827
featured_part_07294,2,1,9.5959,9.1176
featured_part_07295,10,7,39.9941,39.8946
featured_part_07296,16,12,90.776,89.2305
featured_part_07297,9,2,20.9889,20.9258
featured_part_07298,19,8,148.8065,148.4789
featured_part_07299,12,8,192.65,192.5111
featured_part_07300,10,3,28.694,28.653
featured_part_07301,10,4,97.7183,96.6024
featured_part_07302,14,9,41.0593,40.9585
featured_part_07303,6,4,36.5867,35.7954
featured_part_07304,14,3,25.4119,25.352
featured_part_07305,9,5,45.0589,44.987
featured_part_07306,15,10,44.2683,43.1424
featured_part_07307,3,1,39.1001,39.0261
featured_part_07308,5,2,53.4991,53.3952
featured_part_07309,8,3,91.4734,91.2738
featured_part_07310,7,6,48.597,48.4861
featured_part_07312,20,10,50.4387,50.3694
featured_part_07313,7,4,33.4795,33.4633
featured_part_07314,4,0,27.5943,27.5908
featured_part_07315,4,1,34.8211,34.8152
featured_part_07316,7,4,25.066,24.9879
featured_part_07317,19,12,134.2318,133.9368
featured_part_07318,12,3,53.6767,53.6116
featured_part_07319,11,7,9.3161,9.2697
featured_part_07320,2,0,13.8061,13.8055
featured_part_07321,9,7,90.2583,88.0206
featured_part_07323,8,2,22.2723,21.3595
featured_part_07324,9,5,41.7633,41.7305
featured_part_07325,8,4,62.9399,61.9623
featured_part_07326,12,3,61.905,61.3267
featured_part_07327,9,3,91.7623,91.7158
featured_part_07329,16,5,153.559,153.3134
featured_part_07331,14,9,100.2822,99.6262
featured_part_07335,5,3,79.2881,79.1767
featured_part_07336,7,2,84.8392,84.2361
featured_part_07337,6,5,44.539,44.0828
featured_part_07338,8,6,7.0765,7.0526
featured_part_07339,11,8,68.7872,68.6935
featured_part_07340,7,5,27.0537,26.2509
featured_part_07341,7,6,64.5305,64.3426
featured_part_07342,11,8,132.7168,128.7368
featured_part_07343,12,7,51.992,51.5943
featured_part_07344,20,14,133.0533,129.6062
featured_part_07345,11,6,188.3571,186.4592
featured_part_07346,8,6,1.9769,1.964
featured_part_07347,13,6,43.7228,42.8702
featured_part_07348,15,5,63.2836,62.6256
featured_part_07349,5,4,176.7051,175.9313
featured_part_07350,12,8,47.2629,47.2003
featured_part_07351,10,6,56.4794,56.3915
featured_part_07352,15,11,50.3586,49.2443
featured_part_07353,1,0,11.6267,11.6072
featured_part_07354,13,6,89.933,89.784
featured_part_07355,5,2,12.5009,12.1643
featured_part_07356,11,7,32.3796,32.3635
featured_part_07357,5,2,105.407,105.3171
featured_part_07358,13,4,71.8851,71.7986
featured_part_07359,12,5,58.8208,58.2224
featured_part_07361,6,5,33.0864,33.0546
featured_part_07362,9,6,27.3034,27.289
featured_part_07363,9,7,2.8278,2.8121
featured_part_07366,16,11,90.1893,90.0797
featured_part_07367,12,7,55.6203,55.5669
featured_part_07368,8,6,6.7846,6.7495
featured_part_07369,13,9,80.7475,80.6137
featured_part_07370,7,3,153.4818,153.3137
featured_part_07371,12,5,112.3225,112.1282
featured_part_07372,12,7,93.5754,93.342
featured_part_07373,12,6,77.4908,74.6111
featured_part_07374,5,3,24.8247,24.7784
featured_part_07376,11,9,38.5715,37.917
featured_part_07377,7,5,56.2886,56.2163
featured_part_07378,7,2,31.9612,31.6456
featured_part_07379,10,7,15.811,15.7567
featured_part_07380,4,3,63.2275,60.7042
featured_part_07381,10,2,78.5182,78.3888
featured_part_07382,10,9,68.4448,67.8443
featured_part_07383,7,4,20.5634,20.5525
featured_part_07384,9,8,148.4418,148.2207
featured_part_07385,10,7,281.8107,281.5615
featured_part_07386,3,1,20.5663,20.5619
featured_part_07387,18,9,102.799,102.5381
featured_part_07388,10,8,3.7442,3.727
featured_part_07389,15,11,317.1397,316.7417
featured_part_07390,12,6,21.2599,21.0585
featured_part_07391,20,4,43.3872,43.3066
featured_part_07392,6,3,37.2788,35.501
featured_part_07393,34,28,108.5525,108.2912
featured_part_07394,4,1,10.6058,10.5771
featured_part_07395,4,2,42.201,42.124
featured_part_07396,5,1,103.0854,102.9445
featured_part_07397,5,2,21.4016,21.344
featured_part_07398,5,4,36.922,35.5633
featured_part_07399,6,2,41.9611,41.9167
featured_part_07400,7,5,25.9304,25.9179
featured_part_07401,7,6,111.9369,111.8082
featured_part_07402,10,4,63.4967,62.6571
featured_part_07403,4,3,69.2047,66.3911
featured_part_07404,11,4,50.464,50.4031
featured_part_07405,14,10,178.9456,171.9523
featured_part_07406,21,8,77.4758,76.892
featured_part_07407,6,4,36.5169,35.6362
featured_part_07408,10,6,62.9585,62.887
featured_part_07409,7,5,255.5085,252.3914
featured_part_07410,3,1,33.948,33.934
featured_part_07411,14,7,46.782,46.2849
featured_part_07412,4,3,74.2681,74.157
featured_part_07413,10,4,30.9336,30.9109
featured_part_07414,7,5,29.0309,29.0177
featured_part_07416,19,15,37.3237,37.2701
featured_part_07419,3,1,12.5698,12.5442
featured_part_07422,7,3,38.5349,38.4981
featured_part_07423,13,6,40.2312,40.139
featured_part_07424,30,22,33.4182,33.2957
featured_part_07425,8,2,78.3063,77.7872
featured_part_07426,3,1,109.9276,104.8686
featured_part_07427,23,15,58.6847,57.2262
featured_part_07428,11,9,48.814,48.6772
featured_part_07429,20,14,49.5374,49.4967
featured_part_07430,16,12,30.3251,29.6176
featured_part_07432,12,8,88.1137,87.9708
featured_part_07433,2,0,24.0442,24.0402
featured_part_07434,3,1,18.6515,18.1709
featured_part_07435,9,2,96.55,96.3649
featured_part_07437,4,2,22.7873,22.6484
featured_part_07438,12,5,29.4965,29.431
featured_part_07439,13,3,40.464,40.4158
featured_part_07440,14,10,47.897,46.7568
featured_part_07441,5,2,109.8052,109.6878
featured_part_07442,8,2,169.8958,169.6431
featured_part_07443,14,8,63.6037,63.4379
featured_part_07444,15,10,99.2494,99.1257
featured_part_07445,12,10,35.9525,35.8957
featured_part_07446,8,4,146.9895,145.6697
featured_part_07447,13,8,35.8863,35.6558
featured_part_07449,20,16,232.4815,232.3212
featured_part_07450,1,0,0.4647,0.4631
featured_part_07451,15,10,10.401,10.3777
featured_part_07452,12,10,36.353,36.2649
featured_part_07453,17,14,73.8714,71.6175
featured_part_07455,9,5,174.8763,174.465
featured_part_07456,8,4,93.5895,92.1042
featured_part_07457,8,2,35.4161,34.9617
featured_part_07458,10,6,53.6648,53.5941
featured_part_07459,12,9,18.4397,18.4156
featured_part_07461,10,6,1.6382,1.623
featured_part_07462,4,2,16.1104,16.0948
featured_part_07463,12,2,29.6191,29.5997
featured_part_07464,6,2,46.7612,46.3519
featured_part_07465,17,12,31.9806,31.9014
featured_part_07466,13,6,92.4723,92.3206
featured_part_07468,2,0,27.4189,27.3438
featured_part_07469,8,2,115.5451,112.8169
featured_part_07470,6,5,15.4094,15.0438
featured_part_07471,7,4,12.5946,12.5541
featured_part_07472,9,4,36.8241,36.7747
featured_part_07475,18,5,117.9987,117.7928
featured_part_07476,7,4,127.8249,122.8624
featured_part_07477,2,0,27.2289,27.2235
featured_part_07478,18,14,15.8338,15.7921
featured_part_07479,3,1,23.5337,23.4888
featured_part_07480,2,1,56.7109,56.6536
featured_part_07481,5,2,22.3869,22.3729
featured_part_07482,18,13,39.5716,39.5442
featured_part_07483,10,5,50.5461,49.8715
featured_part_07484,12,7,154.4334,153.2362
featured_part_07485,17,12,29.7964,29.6434
featured_part_07487,11,9,8.2464,8.1636
featured_part_07488,8,7,44.0428,43.212
featured_part_07489,5,2,15.6814,15.673
featured_part_07490,4,1,47.8114,47.8038
featured_part_07491,5,3,30.3697,30.3261
featured_part_07492,5,2,34.127,34.0875
featured_part_07494,4,3,95.5871,95.5109
featured_part_07495,13,10,38.7826,38.7072
featured_part_07496,23,17,84.4918,81.9564
featured_part_07497,10,4,48.2185,46.9359
featured_part_07499,6,5,115.167,115.0451
featured_part_07500,6,5,11.7705,11.737
featured_part_07501,9,4,40.8474,40.8189
featured_part_07502,19,12,45.125,44.6706
featured_part_07503,5,2,59.1206,59.0576
featured_part_07505,6,5,9.3131,9.2773
featured_part_07506,13,11,90.5311,86.1313
featured_part_07507,25,19,100.4711,97.0842
featured_part_07508,12,8,47.9404,47.8209
featured_part_07509,11,8,32.8269,32.7511
featured_part_07510,9,4,34.4788,34.403
featured_part_07511,6,4,81.2876,79.4432
featured_part_07512,2,1,8.8855,8.8735
featured_part_07514,6,2,15.6767,15.6687
featured_part_07515,8,6,41.9007,41.8895
featured_part_07517,4,2,30.3538,30.2394
featured_part_07519,13,10,34.3057,34.2665
featured_part_07520,4,3,21.0975,21.0718
featured_part_07521,4,2,85.1009,82.2553
featured_part_07522,14,11,21.4047,20.987
featured_part_07523,5,4,17.408,17.4008
featured_part_07524,7,5,40.9006,40.8719
featured_part_07525,8,5,121.8469,121.6884
featured_part_07526,2,1,75.3323,75.2278
featured_part_07527,10,5,84.3061,84.1846
featured_part_07528,4,3,27.9221,27.5028
featured_part_07529,6,5,89.1292,89.0673
featured_part_07530,14,9,55.185,53.5637
featured_part_07531,10,7,59.8836,59.1956
featured_part_07532,15,11,18.869,18.8289
featured_part_07533,12,3,80.6742,78.3811
featured_part_07534,9,5,27.1507,27.1371
featured_part_07535,3,2,27.256,27.2297
featured_part_07536,7,4,94.9601,94.132
featured_part_07537,12,8,85.0758,84.9059
featured_part_07538,6,5,66.9516,63.9129
featured_part_07539,1,0,6.4867,6.4663
featured_part_07540,5,4,10.8993,10.6884
featured_part_07541,6,3,290.2429,289.9771
featured_part_07542,11,4,40.2647,40.1809
featured_part_07543,9,7,11.225,11.2104
featured_part_07544,11,7,63.5393,63.5065
featured_part_07545,11,9,40.5981,40.5316
featured_part_07546,5,3,41.5992,40.9446
featured_part_07547,2,0,33.2915,33.2863
featured_part_07548,4,2,63.5465,62.4449
featured_part_07549,5,1,12.2846,12.213
featured_part_07552,14,9,107.6703,103.6262
featured_part_07553,22,8,72.6314,72.3931
featured_part_07554,9,4,65.4007,64.2265
featured_part_07555,23,18,74.5047,74.4056
featured_part_07556,9,4,63.1034,61.4772
featured_part_07557,15,11,51.8877,51.7556
featured_part_07558,3,0,17.7458,17.7436
featured_part_07559,11,7,31.4061,30.7548
featured_part_07560,36,27,60.2681,60.1566
featured_part_07561,13,9,78.3494,78.2943
featured_part_07563,13,7,45.9106,45.819
featured_part_07565,6,5,18.2639,18.2547
featured_part_07566,4,3,18.2032,17.6769
featured_part_07567,4,3,11.3076,11.287
featured_part_07568,6,5,29.7562,29.697
featured_part_07569,10,4,128.2115,126.863
featured_part_07570,28,21,236.2809,236.0207
featured_part_07571,4,1,94.2103,94.1978
featured_part_07572,7,3,44.7638,44.748
featured_part_07573,7,3,54.5995,53.6129
featured_part_07574,7,2,17.8796,17.868
featured_part_07575,1,0,19.9591,19.9584
featured_part_07576,10,7,67.3384,65.751
featured_part_07578,5,2,102.7989,98.2835
featured_part_07579,3,1,37.8214,37.427
featured_part_07580,26,17,50.4924,50.3902
featured_part_07581,15,9,68.2317,67.5489
featured_part_07582,5,3,41.5844,41.4824
featured_part_07583,10,7,74.7599,74.5735
featured_part_07584,1,0,12.2099,12.208
featured_part_07586,4,3,27.0371,26.8384
featured_part_07587,23,18,24.9924,24.9122
featured_part_07588,5,2,36.497,35.7709
featured_part_07589,23,17,35.8384,35.7363
featured_part_07590,9,7,75.508,75.317
featured_part_07591,3,2,24.5341,24.5075
featured_part_07592,7,5,150.2635,149.7727
featured_part_07594,11,5,93.6678,93.4413
featured_part_07595,14,10,130.597,128.5878
featured_part_07596,12,3,33.8721,33.3853
featured_part_07597,7,3,107.2003,107.1623
featured_part_07599,8,5,24.1058,23.918
featured_part_07600,12,3,32.7669,32.7316
featured_part_07601,15,11,154.9515,154.789
featured_part_07603,9,6,42.9927,42.9353
featured_part_07604,13,6,45.5967,45.4443
featured_part_07605,9,7,14.128,14.1058
featured_part_07606,8,5,19.522,19.4486
featured_part_07607,2,1,39.2647,39.2038
featured_part_07608,6,4,29.9359,29.9012
featured_part_07609,11,7,59.4252,59.3601
featured_part_07611,8,6,54.8282,54.7238
featured_part_07612,7,5,10.8734,10.8331
featured_part_07613,16,10,82.5684,82.3962
featured_part_07614,6,5,31.9932,31.896
featured_part_07615,5,3,20.0176,19.5132
featured_part_07616,8,5,63.2824,63.205
featured_part_07618,9,3,12.3262,12.2947
featured_part_07619,5,1,26.3492,26.3145
featured_part_07620,10,5,32.7126,32.6157
featured_part_07622,8,6,69.1236,69.056
featured_part_07623,4,2,10.8835,10.8786
featured_part_07626,14,7,107.9092,104.5873
featured_part_07627,7,6,97.7927,96.169
featured_part_07628,6,4,12.9667,12.9358
featured_part_07629,2,1,9.7967,9.2378
featured_part_07630,9,7,59.4928,59.0126
featured_part_07631,8,7,35.4683,35.4186
featured_part_07633,9,7,41.2,41.1238
featured_part_07634,5,2,67.5584,67.5485
featured_part_07635,2,0,38.722,38.6495
featured_part_07636,13,10,28.0754,27.1906
featured_part_07637,2,0,21.0134,21.0103
featured_part_07638,12,9,110.6821,110.4946
featured_part_07639,9,3,37.0894,37.0453
featured_part_07640,17,13,67.4027,65.6282
featured_part_07641,6,3,44.7272,43.9842
featured_part_07642,6,4,10.3421,10.3249
featured_part_07644,17,11,76.2964,73.4762
featured_part_07645,12,3,38.7459,37.9766
featured_part_07646,14,4,95.0265,90.3984
featured_part_07648,3,1,12.9416,12.9014
featured_part_07649,20,12,129.0256,127.2688
featured_part_07650,8,6,135.2043,130.2157
featured_part_07651,11,7,70.1717,69.7629
featured_part_07653,1,0,0.2464,0.2448
featured_part_07654,7,6,10.192,10.1655
featured_part_07657,3,1,15.2058,15.1763
featured_part_07658,7,5,39.0769,37.4821
featured_part_07659,5,2,35.5219,35.4988
featured_part_07660,5,3,35.2162,35.1377
featured_part_07661,14,5,80.4337,80.0872
featured_part_07662,13,9,77.4283,77.3124
featured_part_07663,15,10,41.8029,41.7803
featured_part_07664,5,1,47.4193,46.2814
featured_part_07665,14,9,175.0128,174.0245
featured_part_07666,3,1,19.8562,19.5552
featured_part_07668,6,4,119.8153,118.5044
featured_part_07669,1,0,3.5343,3.5339
featured_part_07670,7,3,38.9163,38.5204
featured_part_07671,19,13,34.6846,34.6106
featured_part_07672,8,6,131.6763,131.5418
featured_part_07673,13,6,40.0396,39.9604
featured_part_07674,15,9,46.9363,46.5533
featured_part_07676,8,6,9.6582,9.6368
featured_part_07677,6,1,54.8085,54.0703
featured_part_07678,4,3,12.2388,12.2323
featured_part_07679,8,2,38.5543,37.5224
featured_part_07680,9,7,19.3544,18.9267
featured_part_07681,6,5,18.1021,18.0576
featured_part_07682,8,7,46.9224,46.8522
featured_part_07684,7,2,13.4944,12.9856
featured_part_07685,11,8,73.2534,72.0761
featured_part_07686,25,16,114.2279,113.6259
featured_part_07687,14,9,53.7297,52.5786
featured_part_07688,16,12,40.5192,39.9209
featured_part_07689,12,4,65.8617,65.6979
featured_part_07690,4,2,19.4482,19.4426
featured_part_07691,13,7,50.9782,50.7931
featured_part_07692,4,1,102.6019,102.5524
featured_part_07693,15,10,8.7095,8.666
featured_part_07694,10,3,144.8501,144.7201
featured_part_07695,12,7,60.0541,59.9924
featured_part_07696,3,1,69.8936,69.8248
featured_part_07697,3,1,13.7312,13.5195
featured_part_07699,7,4,57.9469,57.3135
featured_part_07700,8,6,21.8132,21.7261
featured_part_07702,4,3,65.0361,64.9726
featured_part_07703,18,12,221.5206,221.3332
featured_part_07704,5,4,26.2045,26.1488
featured_part_07705,6,3,46.6364,45.2263
featured_part_07707,4,1,97.8418,97.7232
featured_part_07709,6,5,19.2722,19.0358
featured_part_07710,5,1,44.6402,44.5346
featured_part_07711,9,2,61.074,61.04
featured_part_07712,11,5,46.2909,45.1611
featured_part_07713,5,2,48.9975,48.9704
featured_part_07714,16,4,68.2013,68.059
featured_part_07715,1,0,9.2714,9.2702
featured_part_07716,11,8,46.0635,44.0296
featured_part_07718,8,5,87.6499,87.5164
featured_part_07719,11,7,79.6238,79.5607
featured_part_07720,5,3,26.1218,26.0668
featured_part_07721,15,5,246.3938,245.444
featured_part_07722,6,5,75.6296,75.4873
featured_part_07723,8,6,40.2903,39.9688
featured_part_07724,10,6,14.7199,14.6836
featured_part_07725,7,1,35.3665,34.9202
featured_part_07726,6,3,32.8657,32.6156
featured_part_07727,12,9,96.7579,95.8915
featured_part_07728,2,1,34.5899,34.56
featured_part_07729,13,8,47.2317,46.6023
featured_part_07730,20,15,52.3991,52.0328
featured_part_07731,6,2,35.7349,35.3327
featured_part_07732,9,7,24.8277,24.768
featured_part_07733,7,3,40.5913,40.5823
featured_part_07734,16,5,71.8371,70.4326
featured_part_07735,13,7,174.7097,172.2096
featured_part_07736,12,8,10.4574,10.1019
featured_part_07737,7,4,0.9032,0.8926
featured_part_07738,11,8,181.8882,181.5962
featured_part_07739,9,5,62.8325,62.816
featured_part_07740,7,4,46.0444,44.9538
featured_part_07741,23,15,94.5897,94.3793
featured_part_07742,5,3,29.0385,29.0025
featured_part_07743,9,5,91.362,91.2852
featured_part_07744,4,3,0.9291,0.9229
featured_part_07746,10,5,40.6727,40.5794
featured_part_07747,6,1,16.02,16.0113
featured_part_07748,16,10,68.8754,68.7692
featured_part_07749,13,10,21.0532,21.0125
featured_part_07750,17,11,29.5887,29.5374
featured_part_07752,5,2,51.8625,51.2363
featured_part_07753,15,10,199.1862,199.0821
featured_part_07754,8,3,36.2599,35.8759
featured_part_07755,5,3,26.499,26.052
featured_part_07756,8,6,44.9934,44.4098
featured_part_07757,10,6,87.853,87.644
featured_part_07758,13,9,71.5816,69.9621
featured_part_07759,5,4,13.3505,13.3299
featured_part_07760,13,11,35.5351,35.4492
featured_part_07761,21,15,76.3074,73.0468
featured_part_07762,15,10,25.0605,25.0237
featured_part_07763,11,4,122.8948,122.7233
featured_part_07764,18,11,36.4486,36.3358
featured_part_07765,6,5,107.7059,102.9709
featured_part_07766,8,5,26.7779,26.3361
featured_part_07767,4,3,50.4401,49.5291
featured_part_07768,9,8,125.7553,125.3998
featured_part_07769,4,2,27.309,27.3022
featured_part_07770,4,1,71.3044,68.8918
featured_part_07771,5,2,32.8693,32.8399
featured_part_07772,5,2,35.4253,34.7038
featured_part_07773,4,3,29.4704,29.1239
featured_part_07774,4,3,21.0032,20.9619
featured_part_07775,5,2,32.5395,32.4417
featured_part_07776,5,4,1.5211,1.5129
featured_part_07778,7,4,99.5364,98.8489
featured_part_07780,19,13,72.898,72.7842
featured_part_07782,3,1,32.1972,31.1567
featured_part_07784,13,10,60.7137,60.5121
featured_part_07785,7,1,17.704,17.6334
featured_part_07786,8,3,35.5976,34.5867
featured_part_07787,4,2,20.5352,20.5298
featured_part_07788,16,12,74.5506,74.4344
featured_part_07790,8,5,43.2775,42.6185
featured_part_07791,13,3,111.2493,110.9929
featured_part_07792,7,4,24.4417,24.4081
featured_part_07793,9,7,23.4417,22.8067
featured_part_07795,20,16,7.6948,7.6605
featured_part_07796,11,7,104.9452,103.1118
featured_part_07797,8,4,13.1982,13.1689
featured_part_07798,1,0,4.6545,4.6543
featured_part_07799,14,4,125.947,125.7827
featured_part_07801,15,7,64.0501,63.8133
featured_part_07802,13,8,60.2177,60.1638
featured_part_07803,10,7,27.6618,27.6368
featured_part_07804,9,6,72.1603,70.5057
featured_part_07806,12,9,59.4182,57.6911
featured_part_07807,8,4,64.0511,63.9941
featured_part_07808,5,1,149.0591,148.9865
featured_part_07809,9,5,36.6868,36.5709
featured_part_07810,12,7,82.8416,82.5369
featured_part_07811,13,10,49.3243,49.3021
featured_part_07812,7,1,52.3532,52.3254
featured_part_07813,9,2,27.2889,27.2739
featured_part_07815,5,1,12.5392,12.5031
featured_part_07816,2,1,8.9096,8.9035
featured_part_07817,6,4,62.9816,62.9725
featured_part_07819,8,6,50.0884,49.9969
featured_part_07820,7,5,33.3348,32.8138
featured_part_07821,4,3,42.0386,41.9573
featured_part_07822,12,10,31.2629,31.2239
featured_part_07823,6,4,21.4047,21.1912
featured_part_07824,14,9,133.453,133.1743
featured_part_07825,3,2,41.1188,39.462
featured_part_07826,14,10,44.9508,44.9165
featured_part_07828,10,7,42.5557,42.5141
featured_part_07829,21,15,174.9571,169.4405
featured_part_07830,5,4,7.3603,7.33
featured_part_07831,9,7,46.6965,46.0781
featured_part_07832,24,20,98.4134,98.238
featured_part_07834,5,2,150.5252,144.5999
featured_part_07835,10,5,38.6657,38.65
featured_part_07836,2,0,33.874,33.8024
featured_part_07837,4,2,38.7049,38.41
featured_part_07838,11,4,115.52,111.7047
featured_part_07839,8,7,123.0383,117.4678
featured_part_07840,13,5,172.9286,172.7132
featured_part_07842,7,4,18.8868,18.7427
featured_part_07844,13,2,64.1868,64.165
featured_part_07845,2,1,50.028,49.9834
featured_part_07847,17,13,40.5125,40.4845
featured_part_07848,5,2,53.6322,53.6215
featured_part_07849,19,15,228.5955,228.2804
featured_part_07850,14,8,50.847,49.0447
featured_part_07851,5,3,11.7408,11.6643
featured_part_07852,9,2,24.8419,24.7927
featured_part_07853,14,9,60.5784,59.9772
featured_part_07854,17,13,179.1353,178.709
featured_part_07855,7,4,51.6049,51.5703
featured_part_07856,6,5,14.4629,14.4401
featured_part_07857,6,5,29.9074,29.8515
featured_part_07858,6,2,20.5782,20.5517
featured_part_07859,11,8,49.2832,48.3594
featured_part_07860,20,15,40.7363,40.515
featured_part_07861,6,5,409.7149,407.5573
featured_part_07862,15,9,38.2775,38.1788
featured_part_07864,8,6,27.871,27.4516
featured_part_07866,12,8,37.1809,37.1618
featured_part_07867,7,6,20.578,20.5391
featured_part_07868,11,5,105.9506,104.6502
featured_part_07869,12,4,115.2438,114.7333
featured_part_07871,4,1,7.35,7.3303
featured_part_07872,6,3,28.2405,28.2324
featured_part_07873,1,0,67.1592,67.1076
featured_part_07874,10,7,68.6613,67.7905
featured_part_07875,8,6,20.0451,20.0039
featured_part_07876,13,10,73.161,73.0788
featured_part_07877,17,5,42.2425,42.1608
featured_part_07878,9,5,30.0668,29.8051
featured_part_07879,16,5,21.1071,20.2478
featured_part_07880,12,9,34.4053,34.3835
featured_part_07881,10,7,38.9238,37.439
featured_part_07882,10,7,50.4213,50.3399
featured_part_07883,7,2,46.6513,46.3353
featured_part_07884,4,3,16.9447,16.7106
featured_part_07885,4,3,28.1137,28.0679
featured_part_07886,10,8,41.3702,41.2967
featured_part_07887,17,14,166.5192,160.8342
featured_part_07888,3,1,20.1671,20.1386
featured_part_07889,9,3,58.1584,57.6206
featured_part_07890,4,2,20.5768,20.5195
featured_part_07891,9,6,31.8764,31.8396
featured_part_07892,4,2,45.3381,44.0251
featured_part_07893,14,9,145.5602,145.272
featured_part_07894,9,7,9.4503,9.0841
featured_part_07895,11,9,130.0723,125.3536
featured_part_07896,3,1,38.094,36.5565
featured_part_07897,5,2,43.0132,41.9015
featured_part_07898,17,13,63.3737,63.3328
featured_part_07900,5,2,29.4392,29.3963
featured_part_07901,13,10,7.1207,7.0914
featured_part_07904,10,7,85.2503,81.7273
featured_part_07905,13,10,57.3844,56.6873
featured_part_07906,13,5,106.8821,105.0238
featured_part_07907,11,8,144.9123,144.639
featured_part_07908,9,4,51.591,51.5785
featured_part_07909,15,11,17.7402,17.6405
featured_part_07910,12,10,38.2832,38.2128
featured_part_07911,10,4,107.0555,106.7792
featured_part_07913,12,3,165.6179,165.4168
featured_part_07914,21,12,42.9983,42.9068
featured_part_07915,20,13,121.0636,120.8491
featured_part_07916,6,5,35.8772,35.6952
featured_part_07917,12,9,36.1683,36.1286
featured_part_07918,6,1,56.8138,56.7457
featured_part_07919,3,2,22.3621,22.3196
featured_part_07920,5,3,63.8893,63.8244
featured_part_07921,7,4,23.7011,23.6806
featured_part_07922,8,5,103.5545,103.4405
featured_part_07923,9,7,44.0439,43.0191
featured_part_07924,6,4,21.8944,21.6327
featured_part_07925,4,1,26.5218,26.4933
featured_part_07926,6,4,66.6349,65.007
featured_part_07927,5,3,100.5236,100.4801
featured_part_07928,5,3,40.0811,39.9873
featured_part_07929,3,2,10.8312,10.7995
featured_part_07930,15,6,76.8092,75.6156
featured_part_07931,8,3,32.1613,32.0527
featured_part_07932,6,4,74.5563,71.8937
featured_part_07933,5,2,57.6291,57.5986
featured_part_07935,16,10,32.0281,31.9342
featured_part_07936,16,11,115.5876,115.4124
featured_part_07937,4,2,96.2413,96.1369
featured_part_07938,11,6,79.5681,79.361
featured_part_07939,11,7,27.3871,27.3677
featured_part_07940,10,8,98.8664,95.3046
featured_part_07941,5,2,18.0714,18.0649
featured_part_07942,8,4,92.6285,92.5506
featured_part_07943,7,1,69.686,69.611
featured_part_07944,12,6,79.1445,78.9398
featured_part_07945,4,1,81.4707,80.3276
featured_part_07946,10,6,67.8613,66.8401
featured_part_07947,6,3,100.6995,100.611
featured_part_07948,6,3,212.6338,212.4487
featured_part_07949,7,5,53.3054,53.0163
featured_part_07950,12,9,49.1122,49.0379
featured_part_07951,7,3,22.6787,22.6494
featured_part_07952,14,11,28.311,28.2122
featured_part_07953,19,14,33.5159,32.7979
featured_part_07954,14,6,158.1331,157.4348
featured_part_07955,9,5,71.289,71.1193
featured_part_07956,8,4,24.3203,24.3096
featured_part_07958,15,10,108.1822,108.1123
featured_part_07960,1,0,8.5054,8.505
featured_part_07962,9,2,43.8956,43.8474
featured_part_07963,7,4,45.8453,44.5196
featured_part_07964,14,7,59.244,58.4642
featured_part_07965,15,8,128.7284,128.4922
featured_part_07966,6,2,84.8659,82.3559
featured_part_07967,7,3,46.5611,46.4565
featured_part_07968,14,11,21.0714,20.1504
featured_part_07969,8,6,22.1924,21.2799
featured_part_07970,7,2,68.7545,68.5741
featured_part_07971,8,6,30.9155,30.8587
featured_part_07972,15,13,73.5918,71.4578
featured_part_07974,8,6,19.2999,18.9668
featured_part_07975,14,3,57.2133,57.124
featured_part_07976,6,4,22.4221,22.412
featured_part_07977,16,11,125.7,125.4779
featured_part_07978,6,5,37.5274,37.4615
featured_part_07979,7,5,72.2051,70.6536
featured_part_07980,13,9,50.4398,50.3534
featured_part_07981,8,2,4.4546,4.3266
featured_part_07982,16,13,355.3059,354.9922
featured_part_07983,13,10,73.0519,71.1956
featured_part_07985,12,7,71.152,71.0135
featured_part_07986,10,7,152.0632,146.2794
featured_part_07987,6,3,31.1193,31.0826
featured_part_07988,7,4,6.6274,6.5883
featured_part_07989,7,5,124.6146,124.2795
featured_part_07991,12,9,81.9587,81.8326
featured_part_07992,14,9,205.0271,204.3686
featured_part_07993,7,4,109.9601,106.7004
featured_part_07994,12,5,61.3804,59.5642
featured_part_07995,10,2,123.9283,123.7416
featured_part_07996,24,17,44.5775,44.5133
featured_part_07997,13,10,19.5769,19.5238
featured_part_07998,18,12,58.1315,56.951
featured_part_07999,8,6,236.5721,236.4112
featured_part_08000,15,11,35.1886,35.0945
featured_part_08001,6,5,14.1432,14.1331
featured_part_08002,9,4,66.0258,64.6856
featured_part_08003,9,5,119.1761,115.8693
featured_part_08004,5,1,32.1317,32.125
featured_part_08006,7,3,50.6583,48.5839
featured_part_08007,6,2,27.6909,27.629
featured_part_08008,6,5,74.8387,71.3008
featured_part_08009,7,2,50.5515,50.3845
featured_part_08010,18,12,53.242,53.1751
featured_part_08011,5,1,52.0414,51.9565
featured_part_08012,4,3,26.458,26.4268
featured_part_08013,7,4,138.7351,138.6151
featured_part_08014,3,2,118.9747,117.532
featured_part_08015,3,0,50.6929,49.9438
featured_part_08017,6,1,28.7563,28.7484
featured_part_08018,14,11,123.8873,121.9871
featured_part_08019,3,1,48.6819,48.6322
featured_part_08021,38,28,133.5165,133.2349
featured_part_08022,14,9,93.6986,93.6087
featured_part_08023,8,5,39.0507,39.0397
featured_part_08024,6,1,18.0054,17.9967
featured_part_08025,4,3,62.5476,60.9298
featured_part_08026,7,4,56.1685,56.1583
featured_part_08027,8,5,173.2813,173.1401
featured_part_08028,9,5,53.6154,53.4521
featured_part_08029,13,8,142.889,142.5575
featured_part_08030,7,5,50.1605,50.0991
featured_part_08031,18,6,271.1696,267.8127
featured_part_08032,3,1,36.7916,36.7873
featured_part_08033,7,3,96.7217,96.5349
featured_part_08034,9,5,59.1451,58.9588
featured_part_08035,4,3,96.9856,96.883
featured_part_08036,12,6,41.2413,40.7432
featured_part_08037,20,13,117.1993,117.0175
featured_part_08038,11,6,174.604,174.4487
featured_part_08039,3,1,53.3547,53.3267
featured_part_08042,7,5,114.9601,111.1972
featured_part_08043,3,0,47.7223,47.716
featured_part_08044,3,2,14.4822,14.4537
featured_part_08045,4,2,120.9904,117.4035
featured_part_08046,8,5,98.4466,95.295
featured_part_08047,9,7,19.4258,19.3529
featured_part_08048,9,7,49.0019,47.2131
featured_part_08049,7,3,53.1725,51.7464
featured_part_08050,8,6,112.1584,111.9554
featured_part_08051,7,4,53.4409,53.3786
featured_part_08053,14,6,60.4371,59.8478
featured_part_08055,8,6,63.5246,63.4656
featured_part_08056,11,9,37.1048,37.084
featured_part_08057,9,6,11.1623,11.1504
featured_part_08058,7,5,80.6184,80.5258
featured_part_08059,7,4,94.0892,91.8029
featured_part_08060,6,3,27.0128,25.8308
featured_part_08061,9,7,18.1075,18.0087
featured_part_08062,3,2,18.4839,18.4669
featured_part_08063,2,1,51.3887,51.3658
featured_part_08064,10,2,84.1176,84.0551
featured_part_08065,14,10,64.1505,64.0682
featured_part_08066,19,15,77.2768,74.5311
featured_part_08067,5,2,74.3924,73.1543
featured_part_08068,3,1,18.0239,17.9631
featured_part_08069,5,2,155.109,154.9759
featured_part_08070,6,3,133.0463,131.1002
featured_part_08071,6,3,16.4673,16.4243
featured_part_08072,14,8,28.0648,27.2658
featured_part_08074,15,5,67.1416,66.6125
featured_part_08075,3,1,24.1358,23.7035
featured_part_08076,10,6,37.9297,37.9103
featured_part_08077,13,9,38.1056,38.0299
featured_part_08078,15,10,45.2864,45.2182
featured_part_08079,2,1,25.3394,25.3
featured_part_08080,13,10,18.7905,18.7435
featured_part_08081,17,12,38.718,38.1781
featured_part_08082,10,8,59.1718,59.1051
featured_part_08083,18,14,13.6498,13.6081
featured_part_08084,9,5,21.3256,21.2634
featured_part_08085,8,5,73.4991,73.4201
featured_part_08086,7,2,161.7319,160.8686
featured_part_08087,6,3,19.0844,18.9215
featured_part_08088,7,4,33.757,33.7071
featured_part_08089,6,1,18.9031,18.8943
featured_part_08090,17,10,56.7627,56.6699
featured_part_08091,15,11,50.2629,50.184
featured_part_08092,9,5,130.7461,130.6913
featured_part_08093,13,8,108.3333,108.1002
featured_part_08094,4,1,67.3674,67.3113
featured_part_08095,13,10,12.5943,12.5396
featured_part_08096,5,2,66.2863,64.3142
featured_part_08097,15,11,99.9161,96.0285
featured_part_08098,8,6,19.0303,18.6329
featured_part_08099,17,12,45.0032,44.911
featured_part_08100,8,7,12.3802,12.3573
featured_part_08101,11,7,31.5981,31.5171
featured_part_08103,6,4,53.0825,52.3441
featured_part_08104,7,3,80.0692,79.9636
featured_part_08105,6,4,57.7823,57.7045
featured_part_08106,9,4,82.5432,79.867
featured_part_08107,11,6,61.4513,60.437
featured_part_08108,3,1,24.8104,24.064
featured_part_08109,3,2,14.7971,14.7937
featured_part_08112,10,5,39.8178,39.8034
featured_part_08113,9,7,132.7017,126.9971
featured_part_08114,12,10,33.3426,32.0424
featured_part_08115,6,4,20.7249,20.7179
featured_part_08116,6,4,53.4699,51.0115
featured_part_08117,1,0,11.5268,11.5013
featured_part_08118,11,7,49.2717,49.1404
featured_part_08119,13,9,50.2081,50.1429
featured_part_08120,9,6,45.2378,43.5524
featured_part_08121,8,4,82.043,78.6399
featured_part_08122,13,7,75.8931,73.6766
featured_part_08123,8,5,14.1718,14.1492
featured_part_08124,3,2,49.1413,49.1076
featured_part_08125,9,5,49.2587,49.1914
featured_part_08127,10,3,45.8594,45.7018
featured_part_08128,11,6,39.9967,39.9815
featured_part_08129,1,0,4.0891,4.0886
featured_part_08130,11,8,59.8055,58.8882
featured_part_08131,17,13,72.7585,72.4992
featured_part_08133,9,6,23.9128,23.5218
featured_part_08134,8,3,22.7359,22.6799
featured_part_08135,10,6,25.9197,25.8842
featured_part_08136,3,2,45.1681,43.0662
featured_part_08138,27,22,68.3464,68.0817
featured_part_08139,11,5,59.5989,59.5609
featured_part_08140,8,4,36.7138,36.6566
featured_part_08141,2,0,13.6239,13.6225
featured_part_08142,10,8,21.2268,20.7034
featured_part_08143,9,6,66.734,65.6455
featured_part_08144,12,8,24.2659,23.8901
featured_part_08145,5,3,109.475,107.7719
featured_part_08146,6,3,153.6751,153.4407
featured_part_08147,11,9,30.1052,30.0205
featured_part_08148,12,8,181.3969,177.1926
featured_part_08149,3,2,7.8359,7.8168
featured_part_08150,9,3,30.1976,30.1802
featured_part_08151,11,5,91.1243,87.805
featured_part_08152,10,4,37.0882,36.9924
featured_part_08153,11,7,31.7221,31.4775
featured_part_08154,8,1,58.1856,58.1734
featured_part_08155,3,1,57.6724,57.6078
featured_part_08156,5,1,44.5697,44.4964
featured_part_08157,17,11,37.7601,37.5533
featured_part_08158,9,3,41.013,40.9242
featured_part_08159,9,3,25.415,25.0653
featured_part_08160,10,8,31.8763,31.8089
featured_part_08161,3,2,24.3882,23.8498
featured_part_08162,13,11,24.6594,24.5521
featured_part_08163,8,4,28.0048,27.9434
featured_part_08164,9,1,53.8349,53.6524
featured_part_08165,8,4,50.8251,50.3356
featured_part_08166,7,4,20.0352,20.0105
featured_part_08167,18,13,129.9333,129.703
featured_part_08168,10,4,60.4356,58.1609
featured_part_08170,11,7,64.1686,64.0948
featured_part_08171,14,10,33.3355,33.1885
featured_part_08172,6,4,86.791,86.2231
featured_part_08173,14,6,60.6555,60.1172
featured_part_08174,5,1,19.8124,19.8054
featured_part_08175,8,4,14.1128,14.0714
featured_part_08176,10,7,27.3224,27.1036
featured_part_08177,3,2,7.1248,7.0762
featured_part_08178,3,1,39.7771,39.7327
featured_part_08179,8,5,46.5032,45.1969
featured_part_08180,3,1,12.9288,12.9255
featured_part_08181,6,4,21.9973,21.988
featured_part_08182,8,6,35.9872,35.9011
featured_part_08183,4,2,62.7307,61.669
featured_part_08184,5,2,32.1162,32.1092
featured_part_08185,15,7,42.6452,41.8034
featured_part_08186,5,2,127.6272,126.0398
featured_part_08187,9,7,17.0664,16.9863
featured_part_08188,5,4,49.3093,49.2211
featured_part_08189,6,3,44.1824,44.1415
featured_part_08190,9,5,64.3555,63.6235
featured_part_08191,6,4,32.9867,32.0123
featured_part_08192,7,5,34.2242,34.2073
featured_part_08193,16,8,33.3572,33.0568
featured_part_08194,3,2,11.2417,11.192
featured_part_08195,18,11,49.4592,48.8712
featured_part_08196,10,6,100.0567,99.9544
featured_part_08197,18,13,58.0322,57.9626
featured_part_08198,13,9,47.7448,47.7198
featured_part_08199,3,1,22.528,22.4563
featured_part_08200,2,0,27.0223,27.0207
featured_part_08201,16,9,145.2209,140.5017
featured_part_08202,12,9,31.7298,31.6854
featured_part_08203,10,7,27.0251,26.9788
featured_part_08204,15,6,50.2595,50.1361
featured_part_08205,8,2,16.2389,16.2267
featured_part_08206,5,4,57.276,55.4693
featured_part_08207,3,1,12.7878,12.7831
featured_part_08208,10,6,49.2142,49.1226
featured_part_08209,5,4,85.8338,84.8384
featured_part_08210,16,12,27.2392,27.1787
featured_part_08211,20,16,173.127,168.8867
featured_part_08212,9,2,56.2218,56.1923
featured_part_08213,11,7,52.2661,51.2266
featured_part_08214,5,3,69.1927,69.0992
featured_part_08215,7,5,77.9254,77.8323
featured_part_08216,7,1,42.1432,42.0335
featured_part_08217,7,5,34.8126,33.8698
featured_part_08218,1,0,80.6715,76.5488
featured_part_08219,2,1,33.0394,33.0136
featured_part_08220,2,1,10.3576,9.9915
featured_part_08221,2,0,13.2156,13.2138
featured_part_08222,13,7,73.4712,72.6499
featured_part_08223,7,2,29.8798,29.8431
featured_part_08224,11,7,71.6731,70.2329
featured_part_08225,7,2,31.6223,31.5863
featured_part_08226,6,2,28.4037,28.3795
featured_part_08227,6,1,71.6482,71.635
featured_part_08228,12,6,97.0778,96.4752
featured_part_08229,7,6,48.0195,47.944
featured_part_08230,3,2,190.9707,190.8515
featured_part_08231,4,3,25.3674,25.3405
featured_part_08232,3,1,52.2909,52.2368
featured_part_08233,3,2,110.6487,110.5813
featured_part_08234,6,5,5.9528,5.9444
featured_part_08235,14,3,71.239,70.1801
featured_part_08236,8,4,27.5654,27.5437
featured_part_08237,7,6,71.4071,71.2262
featured_part_08238,7,4,36.9635,36.9215
featured_part_08239,9,4,119.8564,116.9542
featured_part_08240,7,5,74.6596,72.5474
featured_part_08241,3,2,44.8268,43.1207
featured_part_08243,9,7,49.9538,48.9139
featured_part_08244,8,7,78.6552,78.4763
featured_part_08245,19,15,38.0279,37.9971
featured_part_08246,6,3,103.4524,103.3394
featured_part_08247,11,7,154.1158,149.0775
featured_part_08248,10,6,68.7309,67.9788
featured_part_08249,9,6,169.3331,169.0603
featured_part_08250,7,2,108.5612,108.0299
featured_part_08251,10,4,143.5448,142.1367
featured_part_08252,14,9,26.0535,25.4545
featured_part_08254,6,3,11.8139,11.8014
featured_part_08255,3,0,47.2396,47.2324
featured_part_08256,10,7,49.5472,48.4026
featured_part_08258,6,4,88.2315,88.1438
featured_part_08259,6,4,128.8414,125.8008
featured_part_08261,3,2,26.366,26.3619
featured_part_08262,21,16,182.9116,180.6056
featured_part_08263,20,15,94.6232,94.4231
featured_part_08264,6,4,77.7026,77.0659
featured_part_08265,6,1,62.198,62.1002
featured_part_08266,2,1,10.7168,10.7144
featured_part_08267,8,5,67.3172,67.2224
featured_part_08268,4,1,45.8493,45.7884
featured_part_08269,6,2,14.561,14.5293
featured_part_08270,9,2,60.2021,60.0577
featured_part_08271,12,9,26.3755,26.3461
featured_part_08272,13,8,74.9559,74.8618
featured_part_08273,6,5,27.8337,27.788
featured_part_08274,4,1,29.8642,29.8476
featured_part_08275,10,8,65.0297,64.8822
featured_part_08276,10,6,2.122,2.1068
featured_part_08277,12,3,66.1167,65.9528
featured_part_08278,5,4,9.8151,9.7706
featured_part_08279,13,10,22.2285,22.1779
featured_part_08280,17,12,58.697,58.5251
featured_part_08281,9,7,37.8692,37.8105
featured_part_08282,8,5,46.878,46.7632
featured_part_08283,13,12,23.1398,23.0585
featured_part_08284,11,9,108.2872,108.1173
featured_part_08285,9,7,12.2303,12.2018
featured_part_08287,3,2,13.9809,13.9699
featured_part_08288,3,1,56.7158,55.4567
featured_part_08289,7,4,56.701,55.3526
featured_part_08290,11,8,52.9526,52.8473
featured_part_08291,2,1,30.4316,30.3852
featured_part_08292,7,1,115.2097,115.1941
featured_part_08293,9,6,34.0212,32.9553
featured_part_08294,9,7,21.1924,20.9934
featured_part_08295,4,1,16.054,16.0479
featured_part_08296,11,7,37.2061,37.1585
featured_part_08297,7,5,44.0946,44.0486
featured_part_08298,8,5,28.6436,28.6314
featured_part_08299,13,3,86.5408,86.249
featured_part_08301,13,8,157.3072,155.5936
featured_part_08302,9,6,14.1994,14.1792
featured_part_08303,3,0,48.0848,48.0787
featured_part_08304,9,7,32.8136,32.4459
featured_part_08305,8,3,36.809,36.7308
featured_part_08306,24,17,114.4875,112.6904
featured_part_08307,13,10,228.0607,227.8586
featured_part_08308,13,8,33.7508,33.6752
featured_part_08309,14,8,28.7243,28.5152
featured_part_08311,17,12,67.5364,67.4261
featured_part_08312,9,3,246.5708,246.2686
featured_part_08313,5,3,36.1448,36.0843
featured_part_08315,10,8,59.5683,56.7813
featured_part_08316,3,1,71.8145,71.1718
featured_part_08317,21,15,49.9605,49.2433
featured_part_08318,7,5,22.5202,22.4982
featured_part_08319,7,1,46.3924,45.4441
featured_part_08320,11,6,59.2312,58.5568
featured_part_08321,7,6,11.4399,10.8464
featured_part_08322,9,3,137.5613,136.3781
featured_part_08323,7,6,25.9116,25.8616
featured_part_08324,2,1,24.67,24.6634
featured_part_08325,2,0,18.4201,18.4169
featured_part_08326,15,10,47.0891,47.0057
featured_part_08327,16,10,61.3229,61.2301
featured_part_08328,7,2,17.1414,17.112
featured_part_08329,6,4,24.8766,24.8652
featured_part_08331,23,15,87.8519,87.6913
featured_part_08332,3,1,30.4592,29.9846
featured_part_08333,11,8,2.7353,2.7213
featured_part_08334,5,4,5.7145,5.7081
featured_part_08335,4,2,67.0027,66.3464
featured_part_08336,3,2,25.2935,25.2529
featured_part_08337,10,7,39.5378,39.0591
featured_part_08338,5,2,71.6554,69.8015
featured_part_08339,9,4,44.0013,43.9497
featured_part_08340,7,5,107.8814,107.0486
featured_part_08341,9,7,45.996,45.9053
featured_part_08342,1,0,9.6749,9.6746
featured_part_08344,4,3,40.3152,40.2442
featured_part_08345,10,7,59.1196,59.0061
featured_part_08346,9,8,119.161,116.0028
featured_part_08347,9,5,50.7737,48.7076
featured_part_08348,10,6,52.7786,52.698
featured_part_08349,11,7,25.8427,25.8011
featured_part_08350,4,3,129.9429,129.8204
featured_part_08351,14,4,88.4387,88.2787
featured_part_08352,25,21,118.256,117.2757
featured_part_08353,19,14,28.6964,28.6201
featured_part_08354,5,4,22.5247,22.4655
featured_part_08355,16,12,48.2099,48.1841
featured_part_08356,5,3,28.0946,27.438
featured_part_08357,8,7,142.6168,140.1462
featured_part_08358,2,0,21.2984,21.2962
featured_part_08359,10,2,51.0148,50.9879
featured_part_08360,19,12,189.7896,186.6986
featured_part_08362,9,7,54.4178,54.3533
featured_part_08363,1,0,3.3981,3.3878
featured_part_08364,12,8,29.3676,29.3283
featured_part_08365,7,2,67.5477,67.5343
featured_part_08366,11,2,61.923,61.9039
featured_part_08368,13,4,60.6584,60.5991
featured_part_08369,10,6,15.9699,15.9541
featured_part_08370,9,4,39.5184,38.6421
featured_part_08371,5,1,59.4556,58.6637
featured_part_08372,14,10,88.3351,88.1941
featured_part_08373,16,10,47.2269,47.1358
featured_part_08374,8,6,60.6963,60.5998
featured_part_08376,1,0,5.6328,5.6321
featured_part_08377,7,4,34.0596,34.0185
featured_part_08379,12,10,40.5494,40.4928
featured_part_08380,4,3,131.4324,131.2295
featured_part_08381,14,10,55.4232,53.1187
featured_part_08382,9,3,84.1292,83.9361
featured_part_08383,3,1,50.7469,50.6998
featured_part_08384,14,10,43.8379,43.7625
featured_part_08385,14,10,79.6307,79.4489
featured_part_08386,9,3,67.4165,67.3452
featured_part_08387,10,7,53.4287,53.299
featured_part_08388,1,0,14.6497,14.6201
featured_part_08390,6,3,22.8348,22.8064
featured_part_08391,10,7,27.6852,27.5038
featured_part_08393,7,4,186.1456,185.8206
featured_part_08394,9,7,37.9897,36.1068
featured_part_08395,18,9,137.885,136.3421
featured_part_08396,6,5,13.3235,13.2936
featured_part_08398,9,4,127.0916,126.4503
featured_part_08399,12,8,97.5112,97.4121
featured_part_08400,8,6,45.5011,45.4305
featured_part_08401,2,1,63.1199,63.0415
featured_part_08402,11,8,45.3515,44.4683
featured_part_08403,2,0,43.934,43.9276
featured_part_08404,7,5,22.8664,22.1223
featured_part_08405,8,4,16.2307,16.1894
featured_part_08406,4,2,107.5112,107.4169
featured_part_08407,7,5,1.2006,1.1898
featured_part_08409,9,7,33.9734,32.3347
featured_part_08410,9,4,80.5264,80.4207
featured_part_08411,8,2,37.3162,37.2363
featured_part_08413,15,11,79.8351,79.7389
featured_part_08414,5,4,16.6693,16.6538
featured_part_08415,7,3,44.2047,43.8959
featured_part_08416,7,3,52.7528,52.6967
featured_part_08417,7,6,22.2735,22.2299
featured_part_08419,20,9,152.9139,152.6448
featured_part_08420,3,1,139.3019,139.2117
featured_part_08421,12,8,87.605,84.4277
featured_part_08422,7,3,38.1953,38.0486
featured_part_08424,20,12,209.9708,209.6767
featured_part_08425,8,4,24.7004,24.6499
featured_part_08426,6,4,32.0619,31.9947
featured_part_08427,7,2,112.2602,112.1933
featured_part_08430,8,7,38.5174,38.4571
featured_part_08431,6,5,77.643,77.5602
featured_part_08432,2,0,12.5999,12.5978
featured_part_08433,21,14,105.8375,103.1757
featured_part_08434,10,9,64.7041,64.5791
featured_part_08435,13,9,15.4492,15.3913
featured_part_08436,2,1,25.5843,24.4993
featured_part_08437,8,3,10.6667,10.5029
featured_part_08438,6,5,48.3557,48.2894
featured_part_08439,9,6,40.3562,40.1927
featured_part_08440,14,6,78.2351,78.1246
featured_part_08441,5,2,86.2191,86.1827
featured_part_08442,1,0,20.5655,20.5648
featured_part_08443,17,10,234.4428,234.1299
featured_part_08444,7,3,70.7606,70.6716
featured_part_08445,3,0,32.3193,31.1159
featured_part_08446,2,1,14.5908,14.5862
featured_part_08447,8,4,134.3795,134.0969
featured_part_08448,11,8,46.5709,46.4562
featured_part_08449,11,3,54.0052,53.9351
featured_part_08450,7,6,111.1767,111.048
featured_part_08451,4,1,11.8256,11.8204
featured_part_08452,6,5,73.7368,72.365
featured_part_08453,11,8,25.5703,25.0999
featured_part_08454,3,1,18.6791,18.1482
featured_part_08455,12,6,58.8144,58.6215
featured_part_08456,7,5,68.0069,65.561
featured_part_08457,13,8,110.0106,109.8753
featured_part_08458,10,2,99.8876,99.7573
featured_part_08459,3,1,136.8938,131.5843
featured_part_08460,10,3,380.5608,377.5674
featured_part_08461,7,4,26.3651,26.3142
featured_part_08462,12,10,13.4921,13.4517
featured_part_08463,19,8,57.6203,57.5271
featured_part_08464,12,2,21.9404,21.8579
featured_part_08465,13,7,43.5403,43.2366
featured_part_08466,12,8,84.7987,84.6284
featured_part_08467,5,2,141.5498,140.5272
featured_part_08468,16,11,223.6348,216.3285
featured_part_08469,9,5,298.9585,298.7524
featured_part_08470,6,2,177.757,177.0853
featured_part_08471,15,9,53.5573,53.4402
featured_part_08472,13,9,11.5031,11.4837
featured_part_08473,5,3,80.414,76.9887
featured_part_08474,12,9,25.6954,25.6362
featured_part_08476,5,3,38.1999,38.1195
featured_part_08477,6,5,21.1609,21.1517
featured_part_08478,13,8,44.12,44.0869
featured_part_08479,5,1,33.4547,33.4422
featured_part_08480,8,4,151.3018,149.4921
featured_part_08481,2,1,10.9478,10.9458
featured_part_08482,3,0,1.5769,1.5721
featured_part_08483,7,4,31.5667,31.5378
featured_part_08484,8,5,16.8713,16.8268
featured_part_08485,10,8,54.2811,53.7751
featured_part_08486,14,8,51.2251,51.1411
featured_part_08488,4,2,16.7145,16.6878
featured_part_08489,5,2,23.5862,23.0264
featured_part_08490,12,8,93.7151,93.4983
featured_part_08491,2,1,57.9963,57.9409
featured_part_08492,9,2,161.2465,157.6567
featured_part_08493,9,6,57.1894,54.9113
featured_part_08494,15,12,37.863,37.7719
featured_part_08495,3,1,17.4945,17.4924
featured_part_08496,8,6,7.2609,7.1937
featured_part_08497,7,6,7.5526,7.5315
featured_part_08498,8,1,25.7093,25.6972
featured_part_08499,14,10,96.7208,96.6096
featured_part_08500,9,2,10.7469,10.7336
featured_part_08501,9,5,86.8123,84.1273
featured_part_08502,16,10,39.0964,38.352
featured_part_08503,3,1,71.2838,69.4526
featured_part_08504,10,4,79.1489,79.0378
featured_part_08505,3,2,1.5193,1.503
featured_part_08506,9,6,50.9591,50.0027
featured_part_08507,15,3,73.9335,72.5115
featured_part_08508,11,8,28.9387,28.7007
featured_part_08510,6,3,278.031,269.5392
featured_part_08511,10,6,38.063,37.4196
featured_part_08512,10,3,49.4406,48.5606
featured_part_08513,11,9,62.3806,61.7994
featured_part_08514,8,4,276.6286,276.4587
featured_part_08515,6,2,37.7816,35.8026
featured_part_08516,12,8,149.7185,147.6114
featured_part_08517,17,9,76.349,76.2003
featured_part_08518,8,3,265.2935,264.1002
featured_part_08519,8,6,99.4821,99.1912
featured_part_08520,13,8,160.2157,158.2036
featured_part_08521,13,5,70.4254,70.3542
featured_part_08523,15,3,32.5702,31.8288
featured_part_08524,12,10,52.1265,51.509
featured_part_08525,5,4,57.0096,56.3242
featured_part_08526,9,7,13.5279,13.4991
featured_part_08527,7,3,27.7318,27.4957
featured_part_08528,6,5,14.9918,14.8817
featured_part_08530,2,1,39.7232,39.6801
featured_part_08531,17,11,31.6972,31.2715
featured_part_08532,13,11,18.3066,18.0533
featured_part_08534,10,9,25.3483,25.2993
featured_part_08535,28,22,41.1504,41.0631
featured_part_08536,6,3,20.2382,19.667
featured_part_08537,11,5,89.4359,87.2986
featured_part_08538,8,6,42.91,41.1291
featured_part_08542,12,7,81.7337,80.1016
featured_part_08543,8,5,28.3456,28.1698
featured_part_08545,4,1,33.8564,33.8039
featured_part_08546,4,3,17.3791,17.3566
featured_part_08547,6,5,9.3922,9.3708
featured_part_08548,12,7,41.3209,41.2515
featured_part_08549,3,1,24.2178,24.2019
featured_part_08550,8,4,38.3587,38.2788
featured_part_08551,8,6,21.948,21.8793
featured_part_08552,4,1,32.9663,32.9529
featured_part_08553,11,6,68.1757,67.2708
featured_part_08554,6,3,45.0756,44.9703
featured_part_08555,9,8,176.4728,176.3033
featured_part_08556,11,4,130.0594,129.8311
featured_part_08557,8,4,54.2332,53.0514
featured_part_08558,13,8,94.4722,94.2562
featured_part_08560,8,3,53.9776,53.8951
featured_part_08561,6,3,47.8013,47.7126
featured_part_08562,3,1,102.253,100.0622
featured_part_08563,15,10,152.0271,150.8205
featured_part_08564,1,0,4.8649,4.8505
featured_part_08565,8,4,49.5126,48.7596
featured_part_08566,16,10,33.594,33.5326
featured_part_08567,10,6,30.5578,30.5273
featured_part_08568,3,1,14.0445,14.024
featured_part_08569,2,1,33.1517,33.1212
featured_part_08570,6,5,81.7758,77.7508
featured_part_08571,7,2,90.7988,90.7101
featured_part_08572,4,2,49.3857,49.3756
featured_part_08573,11,5,91.2936,90.3742
featured_part_08575,11,7,74.4714,74.3581
featured_part_08576,17,13,24.5555,23.9277
featured_part_08577,5,1,56.3917,55.6444
featured_part_08578,11,3,64.4967,64.4281
featured_part_08579,16,4,33.4681,33.3786
featured_part_08580,15,10,34.5699,34.4552
featured_part_08581,18,13,64.3276,64.2753
featured_part_08582,12,8,70.1012,69.9686
featured_part_08583,9,2,101.491,100.4383
featured_part_08584,20,15,44.2915,44.1931
featured_part_08585,4,3,11.018,11.0065
featured_part_08586,8,6,20.2732,20.2062
featured_part_08587,2,1,52.755,52.1337
featured_part_08588,1,0,7.8228,7.8212
featured_part_08589,17,13,177.8476,177.499
featured_part_08590,2,1,1.1911,1.1879
featured_part_08591,4,1,52.6322,52.6158
featured_part_08592,6,2,61.838,60.7061
featured_part_08593,8,6,23.9324,23.8401
featured_part_08594,18,13,65.1723,65.0327
featured_part_08595,18,13,58.2403,57.9985
featured_part_08596,5,4,57.6278,57.5486
featured_part_08597,8,3,9.2476,9.2208
featured_part_08598,9,7,94.3559,91.8563
featured_part_08599,21,11,43.24,43.0758
featured_part_08600,18,15,65.8207,65.6829
featured_part_08601,12,9,70.0037,69.9463
featured_part_08602,5,1,37.3381,37.3285
featured_part_08603,4,3,38.0955,36.653
featured_part_08604,9,6,21.7435,21.2495
featured_part_08605,3,1,53.8507,53.7791
featured_part_08606,6,2,60.2899,59.8771
featured_part_08607,7,2,73.9253,73.9086
featured_part_08613,11,3,24.1368,24.0472
featured_part_08614,12,10,45.4919,45.1487
featured_part_08615,10,7,37.6598,37.6425
featured_part_08616,13,7,40.0109,39.9915
featured_part_08618,10,5,132.6022,130.6877
featured_part_08619,6,3,72.5624,71.6375
featured_part_08620,7,2,16.2271,16.2175
featured_part_08621,10,3,30.7148,30.4221
featured_part_08622,11,6,58.9398,58.9216
featured_part_08624,12,7,43.4695,43.3515
featured_part_08626,17,13,31.7201,31.6345
featured_part_08627,6,2,46.7777,46.7193
featured_part_08628,14,8,67.7915,67.7112
featured_part_08629,9,7,13.6012,13.4114
featured_part_08630,6,5,43.8967,43.0898
featured_part_08631,7,4,47.6155,47.1138
featured_part_08632,13,5,51.9774,51.8305
featured_part_08633,16,8,69.5288,69.3612
featured_part_08634,4,2,29.4956,28.1159
featured_part_08635,5,3,65.3569,63.4147
featured_part_08636,9,7,38.4794,38.3497
featured_part_08637,3,2,149.0238,148.8829
featured_part_08639,8,7,165.1679,159.1832
featured_part_08640,5,1,69.8798,69.8431
featured_part_08641,10,7,62.3613,61.8534
featured_part_08642,3,2,30.8936,29.7391
featured_part_08644,4,1,56.6341,56.5834
featured_part_08646,11,2,35.5155,35.0951
featured_part_08647,6,4,45.5426,45.5188
featured_part_08648,6,1,14.5726,14.5641
featured_part_08649,9,6,147.0665,143.8486
featured_part_08650,4,1,50.4525,49.8291
featured_part_08652,8,4,128.3311,128.1657
featured_part_08653,13,11,221.2114,220.9895
featured_part_08654,14,7,66.043,65.9575
featured_part_08655,8,7,160.4659,160.2205
featured_part_08656,6,4,68.7222,68.6434
featured_part_08657,20,14,30.1687,30.1095
featured_part_08658,5,4,36.4524,36.3908
featured_part_08659,15,13,63.0208,60.7754
featured_part_08660,2,0,18.4911,18.4893
featured_part_08661,10,9,36.0757,36.0333
featured_part_08662,13,8,72.8032,72.7481
featured_part_08663,13,3,36.1943,35.4116
featured_part_08664,9,4,56.0447,55.9753
featured_part_08665,9,2,36.9103,36.8967
featured_part_08666,18,13,92.6158,89.6858
featured_part_08667,3,2,72.8586,70.1806
featured_part_08668,19,13,129.9337,125.4861
featured_part_08669,9,7,14.9836,14.9344
featured_part_08670,22,17,69.7592,69.6255
featured_part_08671,14,10,26.097,25.2477
featured_part_08672,7,2,53.0075,52.9559
featured_part_08673,4,3,19.6054,19.5843
featured_part_08674,13,9,76.1928,76.0339
featured_part_08676,9,6,66.6381,65.9001
featured_part_08677,12,8,116.6588,114.0543
featured_part_08678,5,4,31.0029,30.9155
featured_part_08679,5,1,46.6783,46.3482
featured_part_08680,4,3,44.4878,44.4048
featured_part_08681,4,3,5.7333,5.7281
featured_part_08682,7,6,32.2834,32.2536
featured_part_08683,4,1,46.7401,46.6981
featured_part_08685,5,2,74.8051,74.6581
featured_part_08686,3,2,12.1874,12.1826
featured_part_08687,19,12,72.5054,72.4246
featured_part_08688,6,4,36.5978,35.8006
featured_part_08689,5,1,31.6496,31.5334
featured_part_08690,4,2,34.3534,34.2927
featured_part_08691,13,8,42.9886,42.8092
featured_part_08692,22,16,27.3122,27.2556
featured_part_08693,8,6,16.8506,16.8314
featured_part_08694,8,4,60.6754,60.6091
featured_part_08695,3,1,51.7946,50.8945
featured_part_08696,14,8,26.9246,26.8572
featured_part_08697,6,5,17.4676,17.4584
featured_part_08698,14,10,42.5688,42.4602
featured_part_08699,6,4,48.1677,46.4016
featured_part_08700,6,4,20.9884,20.9687
featured_part_08701,8,4,50.4183,50.3295
featured_part_08703,8,5,114.8351,111.084
featured_part_08704,16,11,41.4617,41.4218
featured_part_08705,5,3,25.9999,25.9648
featured_part_08706,6,2,75.1691,73.9402
featured_part_08708,5,4,43.6621,43.588
featured_part_08709,3,2,47.2049,46.4654
featured_part_08710,6,4,97.081,93.5593
featured_part_08711,6,4,11.7645,11.7566
featured_part_08712,10,4,48.5964,48.548
featured_part_08713,12,9,24.865,24.8324
featured_part_08714,12,7,60.5711,60.5212
featured_part_08715,1,0,7.0584,6.7098
featured_part_08717,10,6,24.2529,23.9996
featured_part_08718,18,11,32.297,32.1844
featured_part_08721,6,1,36.5271,36.4432
featured_part_08722,5,4,135.9944,132.8256
featured_part_08724,7,4,61.6468,61.6319
featured_part_08725,13,8,68.2702,68.0825
featured_part_08726,6,2,109.3915,109.3246
featured_part_08728,8,5,24.5728,24.5472
featured_part_08730,14,10,3.4683,3.4393
featured_part_08731,7,4,52.9287,52.8932
featured_part_08732,18,12,189.7341,189.5269
featured_part_08733,9,7,212.1299,211.8821
featured_part_08734,6,2,31.714,31.7054
featured_part_08736,12,9,102.9033,102.7652
featured_part_08737,10,5,101.8689,100.4874
featured_part_08738,13,8,19.3053,19.2699
featured_part_08739,8,6,29.0435,28.63
featured_part_08740,7,5,20.1151,19.4109
featured_part_08741,9,7,27.6643,27.6021
featured_part_08742,9,7,64.7752,62.8409
featured_part_08744,6,3,45.6438,45.5859
featured_part_08745,5,2,18.6138,18.599
featured_part_08746,2,1,48.732,46.4945
featured_part_08747,2,1,13.8633,13.7629
featured_part_08749,7,4,56.7953,55.8597
featured_part_08750,8,4,34.0503,33.9932
featured_part_08751,17,13,26.9307,26.3307
featured_part_08752,5,1,94.6024,93.3468
featured_part_08753,8,7,138.6318,132.1589
featured_part_08755,8,5,102.3394,100.561
featured_part_08756,6,5,38.5377,37.0695
featured_part_08757,4,2,17.8935,17.1594
featured_part_08758,15,3,81.4407,81.3498
featured_part_08759,14,8,60.9506,58.6536
featured_part_08760,7,5,14.0918,13.7032
featured_part_08761,24,14,78.0005,77.5381
featured_part_08762,6,4,15.4041,15.3616
featured_part_08763,10,7,127.7205,127.4606
featured_part_08764,8,5,11.0025,10.9532
featured_part_08766,2,1,10.527,10.5243
featured_part_08767,1,0,14.2156,14.2129
featured_part_08769,7,5,42.4567,41.9574
featured_part_08770,6,4,64.7142,63.505
featured_part_08771,12,4,97.6612,97.4085
featured_part_08772,7,6,44.9132,44.8152
featured_part_08773,3,2,12.2643,12.2475
featured_part_08774,16,9,35.3688,34.5103
featured_part_08775,6,4,19.5419,19.1956
featured_part_08776,6,1,254.6199,254.4799
featured_part_08777,7,4,51.8427,50.7173
featured_part_08778,26,21,49.4947,49.3911
featured_part_08779,11,5,35.166,35.1188
featured_part_08780,13,11,95.8008,95.643
featured_part_08783,8,6,19.4256,19.395
featured_part_08784,7,4,63.6434,62.8074
featured_part_08785,4,1,50.354,49.6925
featured_part_08786,7,2,66.9629,66.5746
featured_part_08787,21,14,36.1511,36.0271
featured_part_08788,10,2,49.1782,49.1605
featured_part_08790,4,3,9.6712,9.3571
featured_part_08791,6,2,33.9432,32.9998
featured_part_08792,4,1,21.4943,21.4758
featured_part_08793,26,21,11.3287,11.293
featured_part_08795,7,2,15.7683,15.7406
featured_part_08796,6,2,171.7422,171.6236
featured_part_08797,10,7,20.5879,20.3146
featured_part_08798,3,1,8.3821,8.3731
featured_part_08799,8,2,41.0701,40.9708
featured_part_08801,4,3,28.2853,27.7799
featured_part_08803,14,8,88.1637,85.5806
featured_part_08804,7,2,99.113,98.6629
featured_part_08805,10,5,49.0962,49.0093
featured_part_08806,3,2,8.7745,8.7697
featured_part_08807,21,13,48.6557,48.2962
featured_part_08808,14,10,68.5653,68.241
featured_part_08809,4,1,153.8234,153.6002
featured_part_08810,17,14,49.9954,47.9256
featured_part_08811,6,4,6.7664,6.7429
featured_part_08813,26,19,93.5234,90.5842
featured_part_08815,5,3,36.0272,35.9771
featured_part_08817,24,17,28.8441,28.7924
featured_part_08818,8,4,108.0285,107.9014
featured_part_08819,1,0,31.0694,31.0278
featured_part_08820,8,5,46.0153,44.1378
featured_part_08821,7,3,51.4999,51.4741
featured_part_08822,7,3,62.7089,61.5656
featured_part_08823,10,6,44.5858,44.5121
featured_part_08824,5,2,37.9286,37.868
featured_part_08825,13,10,53.4459,53.4123
featured_part_08826,9,6,40.7141,40.6662
featured_part_08827,10,3,31.5314,31.0324
featured_part_08828,35,28,175.7008,175.4192
featured_part_08829,10,6,21.812,21.7988
featured_part_08830,12,9,185.2623,183.1234
featured_part_08831,14,5,28.3932,27.7562
featured_part_08832,11,7,49.6648,49.641
featured_part_08834,6,3,102.7959,102.6621
featured_part_08835,7,3,47.4832,46.3064
featured_part_08837,8,3,11.5803,11.1954
featured_part_08838,7,2,111.6125,111.4183
featured_part_08839,10,7,51.6298,48.7637
featured_part_08840,4,1,26.8349,26.8163
featured_part_08841,3,1,29.5897,29.5461
featured_part_08842,5,4,84.9998,84.8964
featured_part_08843,13,9,59.2071,59.1143
featured_part_08844,3,2,15.8654,15.8603
featured_part_08845,3,1,19.6524,19.6341
featured_part_08846,17,9,106.808,104.9602
featured_part_08847,7,4,85.6582,84.0016
featured_part_08848,3,2,6.2072,6.1373
featured_part_08849,10,6,19.2497,19.0747
featured_part_08850,12,4,91.7876,91.7638
featured_part_08851,11,9,33.4052,33.3372
featured_part_08852,7,3,148.1533,147.9648
featured_part_08853,8,4,150.8419,147.1818
featured_part_08854,8,5,105.4788,103.7916
featured_part_08855,10,5,40.5588,40.3378
featured_part_08856,15,9,44.8994,43.9365
featured_part_08857,3,2,19.5938,19.5532
featured_part_08858,10,8,49.3983,48.7697
featured_part_08859,4,1,44.9593,44.9518
featured_part_08860,7,2,44.2938,44.283
featured_part_08861,9,7,54.7033,54.594
featured_part_08862,5,2,38.1881,38.1113
featured_part_08863,11,6,50.7379,49.9653
featured_part_08864,17,9,33.8342,33.757
featured_part_08865,9,1,33.529,33.5176
featured_part_08866,9,8,34.7442,33.357
featured_part_08867,6,1,87.3761,87.3144
featured_part_08868,6,1,40.7405,40.686
featured_part_08869,10,4,231.5085,229.9821
featured_part_08871,21,14,86.2663,83.9087
featured_part_08872,15,11,192.0281,191.8341
featured_part_08873,12,10,91.0118,90.8833
featured_part_08874,12,7,32.032,31.9574
featured_part_08875,4,2,40.641,40.54
featured_part_08876,10,7,67.1662,66.4053
featured_part_08877,1,0,24.5454,24.5426
featured_part_08878,1,0,10.2415,10.2397
featured_part_08879,33,26,71.739,71.6305
featured_part_08880,7,6,20.6323,20.5899
featured_part_08881,12,3,26.6425,26.5966
featured_part_08882,5,3,24.4374,24.3929
featured_part_08883,11,7,31.769,31.6377
featured_part_08884,4,3,92.1779,92.103
featured_part_08885,10,6,78.259,78.1887
featured_part_08886,10,2,133.0241,130.5418
featured_part_08887,10,6,67.4409,67.0281
featured_part_08888,6,3,36.7136,36.0791
featured_part_08889,23,16,112.0271,111.986
featured_part_08890,6,5,32.1948,31.5203
featured_part_08892,6,3,107.948,107.8763
featured_part_08893,2,1,15.5827,15.0647
featured_part_08894,9,6,105.8969,105.7786
featured_part_08895,2,0,10.6694,10.6673
featured_part_08896,5,1,100.3736,98.9442
featured_part_08897,5,2,11.0287,11.0212
featured_part_08898,6,5,34.4551,34.4217
featured_part_08899,11,9,40.2058,40.1143
featured_part_08900,24,14,112.2871,110.9561
featured_part_08901,2,0,38.4118,38.3516
featured_part_08902,6,3,46.4704,46.4037
featured_part_08904,6,4,79.3819,79.3139
featured_part_08905,5,2,4.6332,4.6217
featured_part_08906,10,8,34.8874,33.2951
featured_part_08908,6,4,15.6558,15.6271
featured_part_08910,9,5,232.1126,231.124
featured_part_08912,12,7,44.2345,44.1045
featured_part_08913,9,2,42.2487,42.1506
featured_part_08914,4,2,22.747,22.7417
featured_part_08915,4,2,31.9239,31.2046
featured_part_08917,6,4,50.8228,49.4957
featured_part_08918,8,6,119.0056,118.8159
featured_part_08919,4,2,18.3218,18.3047
featured_part_08920,15,10,30.9546,30.8797
featured_part_08921,10,6,141.6964,141.5287
featured_part_08922,13,3,45.3155,45.2108
featured_part_08923,13,7,84.8572,84.7156
featured_part_08924,13,8,18.4688,18.4391
featured_part_08925,6,4,93.9329,93.8237
featured_part_08926,4,2,38.5102,38.3936
featured_part_08927,6,2,74.9571,74.8795
featured_part_08928,6,3,48.8153,48.6632
featured_part_08930,7,3,63.4424,63.3004
featured_part_08931,5,2,45.4656,45.4552
featured_part_08932,8,2,61.5713,61.4987
featured_part_08933,3,1,25.8137,25.7552
featured_part_08934,4,2,22.6946,22.3094
featured_part_08937,11,8,25.9909,25.9288
featured_part_08938,8,6,20.9332,20.8824
featured_part_08939,11,7,34.3403,34.2825
featured_part_08940,21,16,112.9894,110.7268
featured_part_08941,14,7,212.4477,212.223
featured_part_08942,11,7,20.6253,20.6008
featured_part_08943,4,1,79.3704,79.3175
featured_part_08945,3,1,23.4396,23.4039
featured_part_08946,13,11,54.2636,54.2005
featured_part_08947,9,7,42.2146,40.4509
featured_part_08949,8,6,87.8921,86.4507
featured_part_08950,12,8,51.5626,51.4759
featured_part_08951,8,5,73.565,73.1441
featured_part_08952,7,4,44.3952,43.5737
featured_part_08953,7,5,41.8782,41.8017
featured_part_08954,9,5,28.6005,28.5873
featured_part_08955,4,1,52.8207,52.7483
featured_part_08956,15,12,23.3597,23.2895
featured_part_08957,4,3,21.2205,20.4131
featured_part_08958,11,4,69.9463,68.9037
featured_part_08959,12,8,75.2147,75.0876
featured_part_08960,5,2,50.5416,50.467
featured_part_08961,7,1,19.1353,19.125
featured_part_08962,8,6,67.325,67.2336
featured_part_08963,6,2,60.0132,59.9436
featured_part_08964,7,5,40.1651,40.1527
featured_part_08965,9,6,42.8129,41.7765
featured_part_08966,10,6,58.4512,58.4115
featured_part_08968,12,10,32.2372,32.19
featured_part_08969,11,6,31.4098,31.2913
featured_part_08970,6,5,8.8852,8.8639
featured_part_08971,2,0,27.0641,27.0603
featured_part_08972,15,12,123.3205,121.2014
featured_part_08973,3,2,26.1247,26.0766
featured_part_08974,1,0,20.9224,20.9201
featured_part_08975,24,17,60.7835,60.7395
featured_part_08976,8,3,117.5592,117.3746
featured_part_08977,7,2,19.1575,19.0665
featured_part_08978,8,6,14.5641,14.541
featured_part_08979,5,4,117.7071,117.2229
featured_part_08980,20,13,29.8028,29.7715
featured_part_08982,2,1,25.7688,25.7414
featured_part_08983,18,13,72.9955,72.8611
featured_part_08984,4,1,30.3012,30.2931
featured_part_08985,5,3,94.948,93.4476
featured_part_08987,2,1,48.0013,47.9452
featured_part_08988,3,1,48.5419,48.5181
featured_part_08989,12,7,30.1323,30.0659
featured_part_08990,12,8,26.017,25.9983
featured_part_08991,7,6,97.0465,96.8819
featured_part_08992,19,12,84.1673,82.9547
featured_part_08993,3,1,11.3181,11.3153
featured_part_08994,10,8,22.7021,22.1184
featured_part_08996,8,6,14.7438,14.7053
featured_part_08999,9,2,60.7797,60.7639
featured_part_09000,11,7,98.8748,98.7502
featured_part_09001,8,5,1.5402,1.5281
featured_part_09002,16,10,56.7611,56.6682
featured_part_09003,6,3,52.7852,52.7742
featured_part_09004,10,6,150.3937,150.2221
featured_part_09005,25,17,60.1062,59.4814
featured_part_09006,15,4,160.4684,160.2806
featured_part_09007,16,3,139.2381,138.9831
featured_part_09008,15,3,38.1814,37.3842
featured_part_09009,17,12,182.6288,181.5557
featured_part_09010,6,5,54.8687,54.2814
featured_part_09011,7,1,7.4664,7.4379
featured_part_09012,11,9,223.7975,222.5409
featured_part_09013,13,7,73.1554,72.9391
featured_part_09014,8,5,29.7986,29.4266
featured_part_09015,6,4,88.9041,88.1948
featured_part_09016,9,7,16.6008,16.5292
featured_part_09017,6,5,9.2588,9.2493
featured_part_09018,5,3,46.4733,45.7035
featured_part_09019,4,3,11.2956,11.2681
featured_part_09020,9,3,39.4729,39.387
featured_part_09021,2,1,32.3739,31.9397
featured_part_09022,6,5,92.9761,92.823
featured_part_09023,9,4,53.1097,53.0586
featured_part_09024,8,2,15.7467,15.7149
featured_part_09025,8,4,69.8256,69.7243
featured_part_09026,8,5,27.3365,27.2916
featured_part_09027,7,5,7.0815,7.0661
featured_part_09028,5,4,20.8784,20.6057
featured_part_09029,14,8,60.7252,60.5972
featured_part_09030,8,3,73.4893,72.4926
featured_part_09031,4,2,25.3635,24.4044
featured_part_09032,4,3,71.0878,71.0123
featured_part_09033,13,4,61.6032,59.6779
featured_part_09034,12,9,63.7386,61.5308
featured_part_09035,7,4,33.0281,32.9818
featured_part_09036,9,7,14.8179,14.7776
featured_part_09037,7,2,89.0848,88.9728
featured_part_09038,16,11,12.1136,12.0896
featured_part_09039,14,7,17.2727,17.2396
featured_part_09040,14,5,39.223,38.6984
featured_part_09041,10,6,23.3457,23.313
featured_part_09043,17,12,197.439,194.216
featured_part_09044,1,0,7.0965,7.0785
featured_part_09045,4,3,6.9099,6.6893
featured_part_09046,9,6,37.3149,37.2345
featured_part_09047,18,11,16.9887,16.7749
featured_part_09048,11,2,22.2983,22.2387
featured_part_09049,7,1,48.2842,47.6288
featured_part_09050,14,11,44.8905,43.2338
featured_part_09051,17,12,5.4952,5.4495
featured_part_09052,1,0,7.3018,7.2925
featured_part_09053,5,1,37.4421,37.4331
featured_part_09054,13,4,86.8162,83.0195
featured_part_09055,16,9,179.0587,174.9587
featured_part_09056,4,2,20.5892,20.5523
featured_part_09057,17,12,39.1378,39.0607
featured_part_09058,2,1,60.6322,60.5641
featured_part_09059,9,7,51.396,51.3791
featured_part_09060,4,1,72.8768,72.8176
featured_part_09061,5,2,13.1699,13.1474
featured_part_09062,13,8,89.5363,86.8971
featured_part_09063,18,9,33.1082,32.965
featured_part_09064,10,4,65.1396,65.0329
featured_part_09065,5,2,35.4432,34.503
featured_part_09066,15,9,45.2516,45.1231
featured_part_09067,3,1,32.124,32.0501
featured_part_09068,6,5,9.1919,9.1609
featured_part_09069,10,8,24.0451,23.9684
featured_part_09070,4,2,47.411,47.3396
featured_part_09071,5,3,19.3545,19.3169
featured_part_09072,14,10,193.6336,185.0653
featured_part_09073,8,5,178.8229,178.3651
featured_part_09074,8,6,29.4599,29.4095
featured_part_09075,6,2,31.1414,31.0978
featured_part_09077,17,14,35.0717,33.5248
featured_part_09078,8,5,30.982,30.9055
featured_part_09079,4,3,87.5232,87.4358
featured_part_09080,12,8,46.4966,46.0075
featured_part_09081,9,4,73.3079,73.2069
featured_part_09082,11,9,32.0195,31.0669
featured_part_09083,7,4,25.1731,24.7177
featured_part_09084,8,6,27.6128,27.5635
featured_part_09085,9,7,38.2438,38.1811
featured_part_09086,4,3,21.871,21.8139
featured_part_09088,5,3,44.1652,44.0562
featured_part_09090,4,2,35.3861,35.3335
featured_part_09091,8,7,38.7327,38.6865
featured_part_09092,24,20,135.8411,135.6634
featured_part_09093,16,13,46.485,46.373
featured_part_09094,5,2,4.3537,4.3325
featured_part_09095,12,4,28.2493,28.2037
featured_part_09096,4,2,30.9957,30.1829
featured_part_09097,11,9,77.4159,77.2219
featured_part_09098,6,4,22.1715,20.8422
featured_part_09099,6,2,92.8193,92.7074
featured_part_09100,3,1,19.7678,19.7403
featured_part_09101,6,5,13.9157,13.9007
featured_part_09102,13,9,85.9257,84.9835
featured_part_09105,16,12,53.633,53.482
featured_part_09106,13,6,97.7256,95.9065
featured_part_09107,6,4,149.1066,146.7185
featured_part_09108,2,1,7.5325,7.5291
featured_part_09109,4,2,40.7819,40.727
featured_part_09110,8,4,85.324,85.2433
featured_part_09111,15,4,190.4549,188.4537
featured_part_09112,4,2,50.8463,50.793
featured_part_09113,4,1,37.8842,37.8379
featured_part_09114,14,8,79.3653,77.2226
featured_part_09115,9,4,156.569,156.3316
featured_part_09116,4,3,47.1355,45.7633
featured_part_09117,5,2,13.0593,13.0511
featured_part_09118,4,2,19.7695,19.7429
featured_part_09121,6,2,67.3928,67.3426
featured_part_09122,8,4,23.3702,23.348
featured_part_09125,5,4,7.3057,7.2712
featured_part_09126,10,8,54.5509,54.4946
featured_part_09127,14,9,16.3604,16.2783
featured_part_09128,13,6,121.0123,120.8251
featured_part_09129,9,4,70.0445,69.3002
featured_part_09130,12,8,17.0378,17.0101
featured_part_09131,14,10,29.342,28.6077
featured_part_09132,13,5,84.3823,83.2635
featured_part_09133,13,6,42.0398,41.9631
featured_part_09134,1,0,14.8054,14.8032
featured_part_09136,9,6,57.0944,57.0312
featured_part_09137,5,2,9.1323,9.1111
featured_part_09138,3,2,45.0534,43.8745
featured_part_09139,4,3,281.7591,281.4049
featured_part_09140,9,5,35.1733,34.6967
featured_part_09142,10,5,69.3848,68.1377
featured_part_09143,4,1,86.3289,86.2719
featured_part_09144,21,12,36.6625,36.5877
featured_part_09145,11,4,38.7817,37.2516
featured_part_09146,13,11,54.7314,54.6313
featured_part_09148,7,6,56.9436,56.8557
featured_part_09149,16,12,45.1219,44.1081
featured_part_09150,14,11,49.1529,49.0274
featured_part_09151,15,10,47.1772,44.9061
featured_part_09152,10,7,138.1383,137.1673
featured_part_09153,20,16,146.695,143.6893
featured_part_09154,17,10,36.0644,35.9561
featured_part_09155,8,3,21.8152,21.7854
featured_part_09156,12,7,21.4488,21.0293
featured_part_09157,10,9,69.6824,69.6364
featured_part_09158,6,2,113.547,113.5174
featured_part_09159,9,4,137.6002,136.2817
featured_part_09160,7,3,43.2041,43.154
featured_part_09161,7,6,8.6441,8.6213
featured_part_09162,18,10,136.9359,133.9705
featured_part_09163,4,3,62.3267,61.5568
featured_part_09164,4,1,44.7625,43.061
featured_part_09165,5,2,32.5477,32.069
featured_part_09166,6,2,83.447,82.7743
featured_part_09168,15,11,60.0303,58.4218
featured_part_09170,21,15,264.1658,261.0947
featured_part_09171,20,16,46.9802,46.3841
featured_part_09172,11,8,202.5876,202.406
featured_part_09173,1,0,24.0094,23.933
featured_part_09175,18,14,46.708,46.6347
featured_part_09176,7,4,31.7831,31.2681
featured_part_09177,18,9,19.6706,19.5836
featured_part_09178,12,6,125.0258,122.6432
featured_part_09179,10,6,32.9907,32.9492
featured_part_09180,12,3,74.131,73.9612
featured_part_09181,8,4,113.5141,113.3502
featured_part_09182,7,6,133.2244,133.0788
featured_part_09183,1,0,12.8022,12.771
featured_part_09184,8,7,188.979,188.7808
featured_part_09185,1,0,3.9121,3.9115
featured_part_09186,8,6,142.4319,137.9902
featured_part_09187,5,3,118.3044,117.1175
featured_part_09188,10,8,78.9029,78.7456
featured_part_09189,4,2,21.9618,21.9378
featured_part_09190,9,4,61.3935,61.302
featured_part_09192,6,3,12.9512,12.9375
featured_part_09193,8,5,18.3398,18.3193
featured_part_09194,7,3,132.4853,132.2525
featured_part_09195,3,2,49.7979,49.7255
featured_part_09196,4,3,82.7914,82.6179
featured_part_09197,10,8,38.4005,37.6891
featured_part_09198,12,9,52.9434,52.8262
featured_part_09199,17,12,69.8187,69.7136
featured_part_09200,8,4,102.8137,101.8272
featured_part_09201,11,9,4.273,4.2465
featured_part_09202,12,3,45.3032,45.2423
featured_part_09204,6,5,11.5447,11.5142
featured_part_09205,5,3,36.0012,35.7137
featured_part_09207,9,6,30.8079,30.6662
featured_part_09208,16,10,73.4989,72.5515
featured_part_09209,5,1,207.1664,206.9879
featured_part_09210,8,2,57.9143,57.8425
featured_part_09211,9,6,38.1403,37.5122
featured_part_09212,10,6,85.7546,85.4735
featured_part_09213,8,3,192.8772,192.6495
featured_part_09214,1,0,11.3319,11.3091
featured_part_09215,9,3,133.1508,132.9832
featured_part_09217,6,5,25.3747,25.3651
featured_part_09218,7,2,48.6278,48.1248
featured_part_09219,13,10,91.117,91.0247
featured_part_09220,9,3,26.621,26.5781
featured_part_09221,6,3,90.3526,90.1832
featured_part_09222,13,7,55.3433,55.2658
featured_part_09223,12,3,193.0344,192.553
featured_part_09225,4,3,19.671,19.6545
featured_part_09227,2,1,8.693,8.5477
featured_part_09228,9,2,28.4716,27.6574
featured_part_09229,12,7,78.0129,77.9637
featured_part_09230,18,11,79.0766,78.9282
featured_part_09231,15,3,148.297,148.1213
featured_part_09232,9,6,34.9232,34.8699
featured_part_09233,6,5,16.7481,16.7144
featured_part_09234,1,0,19.8131,19.7742
featured_part_09235,5,3,26.7863,26.1469
featured_part_09236,16,11,27.0897,27.0517
featured_part_09237,9,6,84.0469,82.8425
featured_part_09238,12,2,33.938,33.8974
featured_part_09239,5,2,44.6494,44.5853
featured_part_09240,10,3,48.5121,48.04
featured_part_09241,8,7,11.4093,10.9646
featured_part_09242,8,4,83.2891,80.0594
featured_part_09243,13,10,18.1751,18.1257
featured_part_09244,14,10,75.5583,74.3252
featured_part_09245,8,4,61.8538,61.2355
featured_part_09246,8,6,40.289,38.9206
featured_part_09247,6,3,35.2922,35.2513
featured_part_09249,3,1,21.5484,21.5053
featured_part_09250,5,4,78.988,78.8387
featured_part_09251,10,7,56.219,56.1405
featured_part_09252,8,4,41.4012,41.2651
featured_part_09253,5,2,65.8598,65.8144
featured_part_09254,3,1,76.1593,76.0223
featured_part_09255,10,5,88.5056,88.4242
featured_part_09257,4,3,23.4103,22.6454
featured_part_09258,4,2,31.338,31.2922
featured_part_09259,7,5,30.6979,30.6689
featured_part_09260,5,2,75.2699,74.1557
featured_part_09261,9,3,175.6042,175.4281
featured_part_09262,6,2,65.5715,65.4767
featured_part_09263,14,5,117.4916,117.3007
featured_part_09264,10,5,62.7733,59.8982
featured_part_09265,10,7,61.9835,61.8933
featured_part_09267,6,2,36.7276,36.7095
featured_part_09268,6,1,23.4487,23.4394
featured_part_09269,8,5,140.1507,134.7422
featured_part_09270,4,2,54.6145,51.5872
featured_part_09271,3,1,28.6797,27.4639
featured_part_09272,13,8,52.165,52.0014
featured_part_09273,4,2,84.2059,84.1128
featured_part_09275,9,6,61.0838,58.4312
featured_part_09276,4,2,15.851,15.4995
featured_part_09277,22,18,35.5127,34.849
featured_part_09278,2,1,21.7757,21.7483
featured_part_09279,9,5,32.8495,32.6415
featured_part_09280,7,2,69.7193,69.6363
featured_part_09281,12,3,56.8841,55.9835
featured_part_09283,4,2,97.7567,95.2773
featured_part_09284,18,10,70.1526,70.0395
featured_part_09285,10,8,63.7818,61.6991
featured_part_09286,14,4,28.2931,27.9432
featured_part_09288,4,1,14.0265,14.0219
featured_part_09289,7,3,140.9097,137.5439
featured_part_09290,19,15,107.0291,105.4698
featured_part_09291,15,10,29.6842,29.3159
featured_part_09292,3,2,34.5791,34.5107
featured_part_09293,10,7,13.2421,13.1185
featured_part_09294,10,3,101.7151,100.9253
featured_part_09296,12,7,64.8839,64.7194
featured_part_09297,9,5,119.0771,116.4703
featured_part_09298,9,6,37.6491,37.5601
featured_part_09299,13,3,52.1475,52.0917
featured_part_09300,7,6,20.6402,20.6245
featured_part_09301,21,14,59.7863,59.6841
featured_part_09304,10,7,3.0761,3.0425
featured_part_09306,3,1,30.3403,30.3041
featured_part_09307,19,13,46.0426,45.9368
featured_part_09308,12,8,20.1035,20.061
featured_part_09309,4,2,91.5131,88.7529
featured_part_09310,12,3,27.2374,26.8916
featured_part_09311,8,5,115.7585,115.6777
featured_part_09312,10,9,31.9857,31.9074
featured_part_09313,3,0,16.589,16.5871
featured_part_09314,15,9,201.3054,196.3445
featured_part_09315,10,7,36.0167,35.9965
featured_part_09316,3,2,82.174,81.9467
featured_part_09317,20,14,81.7451,77.9501
featured_part_09318,13,9,98.8708,95.5754
featured_part_09319,7,2,45.0156,44.8892
featured_part_09320,4,2,37.851,37.2868
featured_part_09321,7,3,27.2764,27.2554
featured_part_09322,21,6,26.4715,26.366
featured_part_09323,10,6,89.8212,88.1849
featured_part_09324,2,1,39.5861,39.5374
featured_part_09326,1,0,5.5276,5.5211
featured_part_09327,16,10,65.4626,65.2017
featured_part_09328,14,9,167.3436,162.8597
featured_part_09329,6,2,95.3567,95.2908
featured_part_09330,12,8,67.6332,65.9251
featured_part_09331,7,4,34.8276,34.6092
featured_part_09332,7,3,67.3238,67.2536
featured_part_09333,20,14,29.1164,29.06
featured_part_09334,7,2,34.3583,34.3146
featured_part_09335,8,6,29.1897,29.1269
featured_part_09336,7,5,23.8268,23.7311
featured_part_09337,15,9,58.6648,57.0073
featured_part_09339,5,2,23.0104,22.9961
featured_part_09340,17,14,51.2167,51.1413
featured_part_09341,13,9,12.2763,12.2575
featured_part_09342,10,2,111.0195,110.7983
featured_part_09343,13,3,18.5155,18.1071
featured_part_09344,7,6,39.784,39.7372
featured_part_09345,2,1,16.2895,16.2625
featured_part_09346,18,13,48.8974,47.6138
featured_part_09347,3,2,21.6501,21.2912
featured_part_09348,15,3,21.6063,21.2327
featured_part_09350,14,9,74.3687,72.5749
featured_part_09351,9,7,50.9203,50.8568
featured_part_09352,6,4,74.0867,73.9629
featured_part_09353,6,3,160.7363,160.6667
featured_part_09354,8,5,23.7167,23.704
featured_part_09355,30,22,42.3069,41.7906
featured_part_09356,11,5,78.5015,77.9205
featured_part_09357,12,7,104.3937,103.0833
featured_part_09358,12,8,27.6809,27.6517
featured_part_09359,3,2,93.6302,93.502
featured_part_09360,9,3,111.6544,110.2126
featured_part_09362,11,6,124.4298,124.2682
featured_part_09364,25,20,7.3037,7.2606
featured_part_09366,8,5,21.5381,21.0853
featured_part_09368,16,10,91.0319,90.3921
featured_part_09369,10,3,75.811,74.115
featured_part_09370,17,11,37.4177,37.3378
featured_part_09371,10,8,14.8594,14.83
featured_part_09372,3,2,25.4996,25.4584
featured_part_09373,6,2,22.9778,22.4713
featured_part_09374,14,9,104.1708,103.7723
featured_part_09375,13,8,97.847,97.7066
featured_part_09376,11,9,16.4283,16.3679
featured_part_09377,5,1,48.643,48.556
featured_part_09378,8,4,77.2185,76.3348
featured_part_09379,10,6,57.806,57.7739
featured_part_09380,8,5,28.7692,28.7336
featured_part_09381,5,3,46.6805,44.4191
featured_part_09382,6,3,60.7107,60.6382
featured_part_09383,5,3,9.4153,8.8864
featured_part_09384,9,5,174.5823,172.8037
featured_part_09385,6,4,18.7485,18.6328
featured_part_09386,9,7,47.2174,47.1324
featured_part_09387,1,0,13.6958,13.6624
featured_part_09388,8,2,55.4214,55.4049
featured_part_09390,11,7,11.6979,11.6567
featured_part_09391,12,9,55.8895,55.797
featured_part_09392,10,7,50.6779,50.5987
featured_part_09393,15,3,68.8893,65.8535
featured_part_09394,2,1,14.0601,14.0485
featured_part_09395,19,10,139.905,139.7034
featured_part_09396,4,1,50.9912,50.8832
featured_part_09397,6,3,43.6253,43.5957
featured_part_09398,9,7,27.2573,26.7368
featured_part_09399,21,14,121.1952,121.1012
featured_part_09400,12,3,50.4032,50.3602
featured_part_09401,10,6,44.937,44.864
featured_part_09402,13,8,28.3226,28.2383
featured_part_09404,13,10,4.2688,4.2464
featured_part_09406,9,5,101.4409,101.11
featured_part_09407,10,5,118.8508,118.7732
featured_part_09408,6,5,15.4049,15.3116
featured_part_09409,9,4,218.3307,211.5969
featured_part_09410,9,3,119.5236,119.37
featured_part_09412,21,13,124.3988,124.2075
featured_part_09414,4,1,45.5965,45.5141
featured_part_09415,20,16,7.3441,7.3096
featured_part_09416,7,5,95.2811,95.1913
featured_part_09417,5,2,43.585,43.5349
featured_part_09418,12,5,77.4515,76.8194
featured_part_09419,12,2,39.1041,39.0845
featured_part_09420,17,13,24.805,24.7737
featured_part_09421,7,1,11.4889,11.4788
featured_part_09422,15,11,93.0784,90.1584
featured_part_09423,6,5,15.3266,15.3101
featured_part_09424,8,5,149.2881,148.1465
featured_part_09425,8,4,21.5528,21.4888
featured_part_09427,5,1,81.8919,81.8444
featured_part_09428,6,5,97.348,93.4119
featured_part_09429,10,6,19.9819,19.9126
featured_part_09430,5,3,15.7557,15.7486
featured_part_09431,7,4,34.6436,33.8186
featured_part_09432,16,11,89.9779,89.8905
featured_part_09433,6,4,1.3037,1.2945
featured_part_09434,9,5,169.8056,169.658
featured_part_09435,13,9,12.6699,12.6301
featured_part_09437,11,7,34.5039,34.4844
featured_part_09438,4,1,41.5302,41.4529
featured_part_09439,3,2,19.5641,19.5374
featured_part_09440,7,4,8.7589,8.7179
featured_part_09442,15,8,78.6528,77.9567
featured_part_09445,8,6,39.1811,38.3345
featured_part_09446,3,2,60.0882,59.9869
featured_part_09447,4,1,44.6945,44.6571
featured_part_09448,8,6,17.3081,17.2956
featured_part_09449,3,1,30.6718,30.6364
featured_part_09450,5,3,52.3696,52.3145
featured_part_09451,4,3,0.5422,0.536
featured_part_09452,6,2,40.2251,40.1789
featured_part_09453,4,1,90.1653,88.9303
featured_part_09454,5,4,93.5674,88.8037
featured_part_09455,10,9,70.3096,68.5632
featured_part_09456,7,5,3.8971,3.8701
featured_part_09457,9,7,18.8789,18.8018
featured_part_09458,13,8,214.2285,212.8828
featured_part_09459,11,8,30.9877,29.9572
featured_part_09461,6,3,153.5795,153.4927
featured_part_09462,13,9,97.0566,94.6187
featured_part_09463,9,4,40.7234,40.6302
featured_part_09467,12,6,28.5497,28.4323
featured_part_09468,6,3,32.4247,31.3509
featured_part_09469,10,5,40.8952,40.8568
featured_part_09470,4,3,6.8814,6.7482
featured_part_09471,9,7,71.807,71.7432
featured_part_09472,3,2,43.9081,43.8308
featured_part_09473,8,4,90.4466,90.3479
featured_part_09474,18,11,24.6625,24.5923
featured_part_09475,16,12,132.053,130.202
featured_part_09476,5,3,26.3246,26.2954
featured_part_09477,11,8,81.4931,77.8866
featured_part_09478,17,6,60.6586,58.5481
featured_part_09480,11,7,70.2092,68.8089
featured_part_09481,3,1,6.917,6.9133
featured_part_09482,5,4,24.2314,24.169
featured_part_09484,14,9,35.5555,35.5215
featured_part_09485,5,2,20.0206,20.0139
featured_part_09486,10,7,65.6049,65.5469
featured_part_09487,2,1,25.7898,24.9261
featured_part_09488,10,2,64.7656,64.2269
featured_part_09489,14,9,86.0748,85.917
featured_part_09490,3,1,40.7115,40.699
featured_part_09492,7,3,46.1838,46.1227
featured_part_09493,5,2,83.6097,83.2057
featured_part_09494,7,6,16.4176,16.3959
featured_part_09496,11,9,47.0375,46.8809
featured_part_09497,19,10,103.5051,103.3246
featured_part_09498,13,2,77.467,77.3659
featured_part_09499,2,1,5.4204,5.4187
featured_part_09500,2,1,6.5718,6.1994
featured_part_09501,9,6,67.6138,67.4069
featured_part_09502,9,7,18.0051,17.953
featured_part_09503,17,10,77.3037,77.2289
featured_part_09505,8,7,54.6249,52.5381
featured_part_09506,6,4,119.3305,119.1783
featured_part_09507,5,4,29.0488,28.0698
featured_part_09508,13,8,361.7161,359.8052
featured_part_09509,14,7,55.5866,55.4897
featured_part_09510,16,11,33.0236,32.9905
featured_part_09511,15,7,31.2049,30.9358
featured_part_09512,3,0,59.6372,59.629
featured_part_09513,5,2,93.5484,93.3055
featured_part_09514,7,4,46.2589,44.3204
featured_part_09516,4,1,33.7869,33.7804
featured_part_09518,3,1,58.6498,58.6331
featured_part_09519,13,10,17.582,17.5495
featured_part_09521,4,1,32.5164,32.4841
featured_part_09522,15,11,47.937,47.8873
featured_part_09523,10,6,68.1536,65.6551
featured_part_09524,9,7,44.0844,43.9811
featured_part_09525,9,5,380.3513,378.3199
featured_part_09526,21,15,42.8236,42.7227
featured_part_09527,10,6,44.673,42.9296
featured_part_09528,13,6,69.1819,67.7536
featured_part_09529,11,7,57.7297,56.3399
featured_part_09530,9,7,270.8107,268.7705
featured_part_09531,7,4,37.2293,37.1228
featured_part_09532,24,14,266.2645,258.2995
featured_part_09533,10,7,31.9779,31.7566
featured_part_09534,13,9,140.069,139.9009
featured_part_09535,10,5,48.3548,48.2905
featured_part_09536,6,4,10.0849,10.0496
featured_part_09537,12,6,56.6441,56.5738
featured_part_09538,14,7,126.5364,125.0305
featured_part_09539,4,2,52.4742,52.4057
featured_part_09540,17,10,46.2871,45.221
featured_part_09541,3,1,26.596,26.0896
featured_part_09543,11,7,52.9443,52.6907
featured_part_09544,6,5,76.3829,76.296
featured_part_09545,6,4,43.8607,43.5618
featured_part_09546,12,3,88.7908,88.6252
featured_part_09547,14,4,121.802,121.1723
featured_part_09548,4,1,99.3149,99.2354
featured_part_09549,10,8,137.4017,136.8609
featured_part_09550,6,3,32.687,32.6611
featured_part_09551,6,5,29.7787,29.7243
featured_part_09552,4,3,33.7661,33.7279
featured_part_09553,7,4,11.4086,11.3718
featured_part_09554,4,2,19.2434,18.8813
featured_part_09555,18,13,48.0402,46.5859
featured_part_09557,3,1,39.9916,39.9273
featured_part_09558,23,15,106.5468,104.498
featured_part_09559,11,5,176.6192,172.6012
featured_part_09560,7,5,52.7481,52.6966
featured_part_09561,13,10,36.302,35.9637
featured_part_09562,7,5,37.1809,37.0902
featured_part_09565,12,5,35.6146,35.0714
featured_part_09567,7,5,29.7924,29.7566
featured_part_09568,12,2,42.9155,42.8258
featured_part_09572,8,3,73.3,71.8574
featured_part_09573,14,10,117.0813,116.9552
featured_part_09574,5,4,8.6698,8.411
featured_part_09575,6,3,20.2817,20.0007
featured_part_09576,8,3,48.8337,48.7882
featured_part_09577,1,0,16.2955,16.2938
featured_part_09579,7,2,36.8458,36.8134
featured_part_09580,14,8,53.1916,53.0047
featured_part_09582,12,5,32.2147,32.1398
featured_part_09583,16,10,31.2999,31.1831
featured_part_09584,11,9,79.606,79.5075
featured_part_09585,2,1,53.4406,53.3833
featured_part_09586,6,4,40.4506,40.4005
featured_part_09587,2,0,23.5779,23.5759
featured_part_09588,17,8,95.744,94.9977
featured_part_09589,3,2,7.7137,7.7103
featured_part_09592,10,4,56.0131,54.8048
featured_part_09593,5,3,17.6196,17.6129
featured_part_09594,13,9,287.9885,284.467
featured_part_09595,25,19,25.6149,25.5196
featured_part_09596,8,4,64.9364,64.8759
featured_part_09597,7,6,32.4281,32.3791
featured_part_09598,25,16,95.5641,94.8478
featured_part_09600,6,3,47.3994,47.3812
featured_part_09601,6,3,19.9349,19.8505
featured_part_09603,4,3,1.2535,1.2473
featured_part_09604,13,9,8.015,7.9832
featured_part_09605,1,0,8.7501,8.7279
featured_part_09606,4,3,24.4782,23.417
featured_part_09607,15,8,122.2802,119.4347
featured_part_09608,10,9,119.3749,119.1774
featured_part_09609,2,1,13.4968,12.9324
featured_part_09610,12,4,71.4425,71.1425
featured_part_09611,11,8,116.6709,114.9101
featured_part_09612,9,3,43.7426,42.4916
featured_part_09613,17,9,58.9007,58.7291
featured_part_09615,6,1,65.6834,65.6696
featured_part_09616,14,8,44.5932,44.5111
featured_part_09617,7,6,246.4768,246.3038
featured_part_09619,5,2,35.1947,34.5708
featured_part_09620,10,6,205.976,205.7142
featured_part_09621,7,2,47.6213,47.5584
featured_part_09622,11,9,118.6524,114.6605
featured_part_09626,18,13,30.0782,29.9948
featured_part_09627,8,5,148.0152,145.8741
featured_part_09628,7,6,27.8405,26.0632
featured_part_09629,13,5,35.4265,35.3541
featured_part_09630,12,7,60.4121,59.5788
featured_part_09631,24,18,139.272,138.9672
featured_part_09632,8,4,12.9509,12.8981
featured_part_09633,20,15,77.5342,76.8119
featured_part_09634,5,1,103.8508,103.1109
featured_part_09635,14,11,294.7438,293.2088
featured_part_09636,11,8,37.7117,37.676
featured_part_09637,7,5,12.9844,12.9741
featured_part_09639,12,3,83.0549,82.9803
featured_part_09640,14,8,68.7828,68.4184
featured_part_09641,12,8,155.581,150.8363
featured_part_09644,8,4,77.2687,75.456
featured_part_09645,7,3,22.5176,22.2083
featured_part_09647,13,6,71.7108,71.5956
featured_part_09648,11,7,46.4889,46.4677
featured_part_09649,14,8,257.4721,257.0641
featured_part_09650,5,4,67.8193,66.0268
featured_part_09651,6,3,91.5749,91.4359
featured_part_09652,2,1,38.163,36.7017
featured_part_09654,11,9,27.688,27.6084
featured_part_09655,7,6,124.4799,123.6949
featured_part_09656,9,5,67.589,66.0121
featured_part_09657,3,2,9.7301,9.7251
featured_part_09658,16,11,69.0836,65.9714
featured_part_09659,22,17,129.9198,128.2464
featured_part_09660,7,6,117.7409,117.5891
featured_part_09661,2,1,39.4926,39.4417
featured_part_09662,4,3,22.005,21.9581
featured_part_09663,6,4,30.8293,30.5977
featured_part_09664,14,8,42.0415,41.9047
featured_part_09665,10,6,28.8269,28.3182
featured_part_09666,9,6,48.7461,48.6657
featured_part_09667,3,1,18.7509,18.6637
featured_part_09668,13,9,34.1417,33.9693
featured_part_09670,3,2,11.5518,11.2305
featured_part_09671,18,12,181.227,180.9601
featured_part_09672,7,4,31.795,31.1679
featured_part_09673,5,1,105.9267,105.0957
featured_part_09674,2,1,22.2335,22.2083
featured_part_09676,16,3,50.7545,49.2584
featured_part_09677,21,15,124.113,123.3823
featured_part_09678,15,11,31.2439,31.1522
featured_part_09680,21,12,35.9121,35.8092
featured_part_09681,6,3,80.9378,78.6183
featured_part_09683,11,8,79.6453,79.473
featured_part_09684,8,2,127.646,124.2604
featured_part_09685,6,5,134.5639,134.4282
featured_part_09686,27,20,35.258,35.166
featured_part_09687,3,1,68.8242,66.4794
featured_part_09688,16,11,67.0694,66.9455
featured_part_09689,6,2,20.852,20.8152
featured_part_09690,3,1,27.3636,27.2989
featured_part_09691,2,1,24.3864,23.8337
featured_part_09692,13,9,129.5069,129.2446
featured_part_09693,5,2,33.5372,32.9964
featured_part_09694,5,4,102.1075,101.1006
featured_part_09695,4,3,17.565,16.8684
featured_part_09696,17,10,34.3576,34.2412
featured_part_09697,9,6,103.1694,102.4917
featured_part_09698,9,7,143.5364,141.9864
featured_part_09699,4,1,4.8743,4.8693
featured_part_09700,1,0,16.2621,16.2313
featured_part_09701,10,6,99.4232,99.2336
featured_part_09702,20,15,8.7536,8.678
featured_part_09703,8,7,109.4134,109.2756
featured_part_09704,13,5,244.8729,244.3572
featured_part_09705,8,1,39.2584,39.187
featured_part_09706,20,14,118.195,118.0933
featured_part_09707,17,13,23.0988,23.0304
featured_part_09708,18,5,47.3282,46.7828
featured_part_09710,8,4,116.1195,115.8677
featured_part_09711,6,2,63.8002,63.7076
featured_part_09712,2,0,32.5976,32.5931
featured_part_09713,7,3,135.05,134.9463
featured_part_09714,4,1,37.9758,37.9386
featured_part_09715,16,3,54.6401,54.5635
featured_part_09716,14,10,39.7585,39.6408
featured_part_09717,2,1,9.4456,9.4179
featured_part_09718,4,1,24.0235,23.5534
featured_part_09719,12,8,3.4236,3.4052
featured_part_09720,19,15,47.9867,47.7784
featured_part_09721,5,3,19.1997,19.1708
featured_part_09722,10,2,15.7555,15.7432
featured_part_09723,8,3,68.3483,66.5076
featured_part_09724,8,6,34.3388,32.9831
featured_part_09725,6,2,50.1264,50.0519
featured_part_09726,5,2,69.775,67.9354
featured_part_09727,7,2,20.1964,20.1812
featured_part_09728,5,3,96.4119,96.347
featured_part_09729,2,1,34.8415,34.7296
featured_part_09730,12,8,32.0354,32.0041
featured_part_09731,7,5,54.2425,54.2019
featured_part_09732,16,10,63.3047,63.206
featured_part_09734,12,7,34.0352,33.1967
featured_part_09735,15,10,65.9772,65.9506
featured_part_09736,8,2,51.6414,51.0025
featured_part_09737,9,6,19.9749,19.2442
featured_part_09738,9,5,53.0945,52.0735
featured_part_09739,5,3,22.9165,22.8734
featured_part_09740,9,6,37.4596,37.3779
featured_part_09741,11,3,86.5547,86.5073
featured_part_09743,5,2,126.6564,126.4444
featured_part_09744,16,12,49.4726,49.3106
featured_part_09745,12,8,136.5279,136.0278
featured_part_09746,4,2,66.0784,66.0167
featured_part_09748,11,8,26.6126,26.5784
featured_part_09749,1,0,8.0727,8.0489
featured_part_09750,8,6,8.514,8.4935
featured_part_09751,8,5,24.4808,23.9526
featured_part_09752,11,9,20.2887,20.2575
featured_part_09753,10,5,76.0954,74.9831
featured_part_09754,5,2,51.6921,51.6322
featured_part_09755,8,6,28.8172,28.6222
featured_part_09757,16,11,65.1735,65.1193
featured_part_09758,8,7,24.0891,23.6992
featured_part_09759,5,4,221.281,216.1445
featured_part_09760,15,12,90.601,88.6026
featured_part_09761,6,1,12.4287,12.4189
featured_part_09762,15,9,20.8889,20.8088
featured_part_09763,10,6,38.4095,38.346
featured_part_09764,15,10,228.9602,228.4972
featured_part_09765,3,2,161.2004,158.9942
featured_part_09766,6,4,33.162,33.1019
featured_part_09767,7,4,67.1259,65.3514
featured_part_09769,19,12,112.9454,112.8913
featured_part_09770,21,14,79.0737,78.9269
featured_part_09771,6,4,16.0033,15.4144
featured_part_09772,9,5,168.1135,167.946
featured_part_09773,5,4,5.2897,5.2717
featured_part_09774,6,3,51.9355,51.3914
featured_part_09775,9,5,46.456,46.409
featured_part_09776,12,7,79.8887,79.5657
featured_part_09777,10,8,12.4989,12.4773
featured_part_09778,6,5,30.1488,30.0806
featured_part_09779,11,8,31.8448,31.8246
featured_part_09780,17,13,102.5373,102.4289
featured_part_09783,6,4,48.8882,47.6215
featured_part_09784,13,10,74.0134,73.9122
featured_part_09785,3,2,7.0206,7.0168
featured_part_09786,12,6,48.1918,46.8506
featured_part_09787,7,4,28.0299,27.782
featured_part_09788,6,3,74.3986,73.7831
featured_part_09789,4,0,35.6824,35.6772
featured_part_09790,3,2,7.3194,7.2677
featured_part_09791,27,17,63.6443,63.5369
featured_part_09792,5,4,146.0228,145.897
featured_part_09793,11,3,53.675,53.6368
featured_part_09794,13,10,48.3634,48.0555
featured_part_09795,3,2,26.3302,26.2824
featured_part_09796,8,7,35.5048,35.2849
featured_part_09797,9,4,104.696,104.2368
featured_part_09798,16,12,127.5488,125.1659
featured_part_09799,10,8,48.4038,47.1474
featured_part_09800,6,1,39.0294,38.9544
featured_part_09801,7,3,30.282,30.2575
featured_part_09802,5,2,28.1456,28.134
featured_part_09803,13,8,78.9854,78.8754
featured_part_09804,5,3,23.6255,23.5185
featured_part_09806,11,9,10.0016,9.9843
featured_part_09807,10,3,37.6626,37.6183
featured_part_09810,7,6,23.9226,23.864
featured_part_09811,8,7,34.9592,34.8875
featured_part_09812,6,4,10.5878,10.5685
featured_part_09813,15,5,31.9733,31.8958
featured_part_09814,4,2,21.3508,21.3201
featured_part_09815,10,7,378.4037,374.4008
featured_part_09816,22,17,52.9896,52.9537
featured_part_09817,2,1,53.845,53.8024
featured_part_09818,8,5,48.0195,47.2362
featured_part_09819,7,3,20.4526,20.398
featured_part_09820,7,2,63.0977,63.0466
featured_part_09821,9,6,76.2068,74.5975
featured_part_09822,5,4,1.5663,1.5577
featured_part_09823,3,1,49.3636,48.2179
featured_part_09824,7,2,148.8073,148.749
featured_part_09825,11,6,22.0949,22.0642
featured_part_09826,18,12,41.1517,41.0696
featured_part_09827,11,8,14.2995,14.2594
featured_part_09828,12,6,156.7709,156.4731
featured_part_09829,8,3,38.6745,38.5932
featured_part_09830,11,8,18.7611,18.5305
featured_part_09831,11,6,49.6417,49.3679
featured_part_09832,6,3,23.7911,23.7446
featured_part_09833,2,1,44.0661,44.0373
featured_part_09834,14,11,48.7076,48.5898
featured_part_09835,11,4,23.884,23.1583
featured_part_09836,5,2,10.478,10.4468
featured_part_09837,20,6,56.6334,56.5276
featured_part_09838,3,2,113.1986,113.1367
featured_part_09839,11,8,226.2709,222.7801
featured_part_09840,12,8,33.3716,33.3232
featured_part_09841,15,8,104.4556,103.3287
featured_part_09842,12,9,24.3655,24.3095
featured_part_09843,5,1,42.8888,41.2838
featured_part_09844,19,14,19.432,19.3567
featured_part_09846,7,5,22.7334,21.8305
featured_part_09847,14,6,189.6864,189.4641
featured_part_09848,4,3,40.3917,40.3325
featured_part_09849,5,1,2.286,2.2693
featured_part_09850,15,10,77.3679,77.2717
featured_part_09851,8,5,21.3902,21.378
featured_part_09852,16,7,41.9484,41.7845
featured_part_09853,9,4,124.4347,124.1238
featured_part_09854,6,3,74.3462,73.1486
featured_part_09855,19,15,41.7743,41.6995
featured_part_09856,9,7,203.0778,202.8731
featured_part_09858,5,2,48.2212,46.4782
featured_part_09859,4,3,21.7648,21.7154
featured_part_09860,3,2,58.4949,58.4509
featured_part_09862,18,11,22.7045,22.5879
featured_part_09864,6,5,25.7945,25.7574
featured_part_09865,14,5,240.2362,238.2341
featured_part_09866,5,2,24.4397,23.8438
featured_part_09867,5,4,28.0996,28.0913
featured_part_09869,4,3,66.7159,64.9047
featured_part_09870,29,23,77.2861,77.1122
featured_part_09871,4,3,22.7837,22.4538
featured_part_09872,9,8,113.7036,113.5803
featured_part_09873,23,19,181.4466,179.7846
featured_part_09874,10,2,27.6203,27.5135
featured_part_09875,8,2,69.7375,68.8941
featured_part_09876,12,10,36.8011,36.738
featured_part_09877,4,2,25.98,25.9629
featured_part_09878,14,9,60.4662,60.3688
featured_part_09879,20,12,61.3687,61.2102
featured_part_09880,9,6,36.9131,36.6985
featured_part_09881,4,3,7.6585,7.6336
featured_part_09882,1,0,15.7488,15.7455
featured_part_09884,11,8,108.4029,108.2146
featured_part_09885,1,0,12.024,12.0223
featured_part_09886,11,3,39.5546,39.5155
featured_part_09887,7,4,527.8073,527.5805
featured_part_09888,12,6,67.4625,67.4188
featured_part_09889,5,3,25.0908,23.9772
featured_part_09890,7,4,21.3718,21.3613
featured_part_09891,13,9,53.7918,53.6171
featured_part_09892,8,5,89.6223,88.7862
featured_part_09893,6,3,44.1672,44.1035
featured_part_09894,8,4,63.3777,63.2901
featured_part_09895,4,2,40.103,40.0526
featured_part_09896,32,19,145.6617,145.3586
featured_part_09897,22,18,13.6749,13.614
featured_part_09898,6,3,15.9126,15.8695
featured_part_09899,11,2,65.639,65.5541
featured_part_09900,4,2,58.1581,57.1753
featured_part_09901,6,3,66.3974,66.326
featured_part_09902,15,5,113.3611,111.9542
featured_part_09904,5,4,16.2644,15.6915
featured_part_09905,10,7,66.3264,64.6705
featured_part_09907,8,5,74.5451,74.4478
featured_part_09908,9,5,40.6625,40.6479
featured_part_09909,16,10,113.1006,112.9005
featured_part_09910,9,6,125.2667,119.9915
featured_part_09911,3,2,28.6068,28.563
featured_part_09912,10,5,38.5063,38.263
featured_part_09913,11,7,135.2771,135.1604
featured_part_09914,12,8,39.2917,39.2435
featured_part_09915,8,5,12.9185,12.8844
featured_part_09916,3,2,51.52,51.4482
featured_part_09917,9,4,65.7203,65.1968
featured_part_09918,9,2,40.9192,40.8658
featured_part_09919,6,4,51.9859,51.9201
featured_part_09920,19,14,50.0759,49.9927
featured_part_09921,7,1,39.9449,39.9068
featured_part_09922,6,1,47.8766,47.8672
featured_part_09923,15,12,320.2606,314.0608
featured_part_09924,8,6,60.2231,59.9167
featured_part_09925,4,2,25.9352,25.8996
featured_part_09926,9,6,66.0505,65.9508
featured_part_09927,11,2,30.6246,30.601
featured_part_09928,15,12,40.23,39.249
featured_part_09929,12,8,207.522,206.6596
featured_part_09930,4,1,60.7873,60.6509
featured_part_09931,2,1,1.3761,1.357
featured_part_09932,13,12,36.9007,36.806
featured_part_09934,5,4,37.6342,37.5522
featured_part_09935,12,8,38.8945,38.0988
featured_part_09936,15,10,37.2184,37.1801
featured_part_09937,12,5,79.4397,77.8445
featured_part_09938,9,6,72.214,72.1571
featured_part_09941,7,6,31.0639,31.0185
featured_part_09942,8,3,139.5541,139.4137
featured_part_09943,7,4,100.7501,100.6772
featured_part_09946,4,2,21.8737,21.4945
featured_part_09947,2,1,19.2489,19.231
featured_part_09948,7,4,22.2165,22.157
featured_part_09950,7,4,42.7834,42.7312
featured_part_09951,5,2,55.895,55.8443
featured_part_09952,6,5,65.8294,63.937
featured_part_09953,15,10,69.9225,67.7425
featured_part_09954,9,5,23.3507,23.3383
featured_part_09955,12,8,44.3615,43.6566
featured_part_09956,2,1,30.1373,30.1141
featured_part_09957,5,2,40.7465,40.4098
featured_part_09958,17,12,172.1534,169.8786
featured_part_09960,19,14,66.3451,66.1869
featured_part_09961,13,10,24.9369,24.1052
featured_part_09962,10,6,57.5712,56.6657
featured_part_09963,2,1,21.2623,20.3602
featured_part_09964,3,2,5.3369,5.333
featured_part_09965,6,2,19.6586,19.6219
featured_part_09966,17,13,9.7627,9.712
featured_part_09968,10,8,25.4812,25.4514
featured_part_09969,8,5,149.0393,143.7527
featured_part_09970,4,1,40.4434,40.1171
featured_part_09972,7,4,137.216,136.1422
featured_part_09973,11,6,47.4979,47.419
featured_part_09974,4,1,59.776,58.8001
featured_part_09975,8,2,54.8584,54.8164
featured_part_09976,14,9,42.8793,42.7949
featured_part_09977,27,20,53.6906,53.6049
featured_part_09978,6,2,62.5456,62.4778
featured_part_09979,9,7,25.7641,25.7376
featured_part_09980,4,3,54.124,53.0877
featured_part_09981,9,5,52.7945,52.7567
featured_part_09982,18,11,37.1371,37.0229
featured_part_09983,5,1,50.2242,50.2023
featured_part_09984,7,5,40.6906,40.6433
featured_part_09985,9,4,37.0169,36.3116
featured_part_09986,3,1,14.8291,14.3024
featured_part_09987,2,0,15.4362,15.4338
featured_part_09988,8,6,13.0138,12.9281
featured_part_09989,9,4,20.3771,20.3409
featured_part_09990,6,5,8.5592,8.5202
featured_part_09991,6,4,105.7512,104.5867
featured_part_09992,8,4,242.3598,239.008
featured_part_09993,7,6,7.243,7.2062
featured_part_09994,3,2,10.9912,10.9795
featured_part_09995,12,6,96.7145,96.5218
featured_part_09996,17,10,90.3364,89.0595
featured_part_09998,10,8,58.2342,56.3781
featured_part_09999,12,9,8.4197,8.1576
featured_part_10000,11,7,53.6908,53.2576
featured_part_10002,9,7,77.2271,74.9234
featured_part_10003,12,9,136.183,135.9241
featured_part_10004,8,6,60.0178,59.8835
featured_part_10005,7,6,54.0818,51.8748
featured_part_10006,11,8,22.8252,22.783
featured_part_10007,10,7,26.3708,26.317
featured_part_10008,10,7,56.0522,55.7012
featured_part_10009,4,0,27.0383,27.0327
featured_part_10010,28,19,65.7336,65.6546
featured_part_10011,13,10,24.277,24.1959
featured_part_10012,10,6,29.1045,29.0828
featured_part_10013,8,3,53.0689,52.3698
featured_part_10014,6,4,48.613,48.5319
featured_part_10016,12,9,62.225,60.0456
featured_part_10017,3,2,103.1718,103.1133
featured_part_10019,15,10,47.1647,47.0466
featured_part_10020,17,9,74.3758,72.2763
featured_part_10021,11,7,65.3619,65.186
featured_part_10024,14,2,26.4886,26.4662
featured_part_10025,4,2,93.6543,93.5238
featured_part_10026,5,1,59.6958,59.5792
featured_part_10028,14,8,151.5613,150.2955
featured_part_10029,21,13,98.4504,96.347
featured_part_10030,7,4,51.9039,51.807
featured_part_10031,9,6,29.2313,28.7257
featured_part_10032,5,3,59.5001,58.094
featured_part_10033,4,3,54.3645,54.2872
featured_part_10034,17,10,42.7007,42.6221
featured_part_10035,3,2,52.5141,51.1442
featured_part_10036,4,2,17.8287,17.8235
featured_part_10037,15,10,42.29,42.1844
featured_part_10038,14,5,87.4532,87.3558
featured_part_10039,6,4,27.5928,27.5669
featured_part_10040,6,5,19.6433,19.6272
featured_part_10041,11,3,72.7466,70.8407
featured_part_10042,2,1,12.019,11.9824
featured_part_10043,6,5,65.5643,64.958
featured_part_10045,22,16,85.9492,84.6386
featured_part_10046,8,5,28.177,28.1254
featured_part_10047,9,2,34.8797,34.8403
featured_part_10048,15,11,63.4021,63.1954
featured_part_10049,7,3,32.8603,32.8463
featured_part_10051,7,3,98.0863,97.9737
featured_part_10052,4,3,15.885,15.8337
featured_part_10053,3,1,75.0287,74.9671
featured_part_10054,1,0,9.8828,9.8824
featured_part_10055,12,11,50.4023,50.297
featured_part_10056,8,5,70.514,70.0075
featured_part_10057,3,1,48.7226,48.632
featured_part_10058,8,5,18.2797,18.242
featured_part_10059,13,7,261.8085,261.4938
featured_part_10061,6,4,51.0806,49.5754
featured_part_10062,6,4,14.8607,14.851
featured_part_10063,7,6,152.1882,150.6067
featured_part_10064,11,8,49.0446,48.975
featured_part_10066,2,0,51.2664,51.2604
featured_part_10067,11,8,126.3233,125.9747
featured_part_10068,5,1,32.5303,32.4082
featured_part_10069,10,7,58.1037,57.9783
featured_part_10070,5,3,18.4952,18.4819
featured_part_10071,2,1,35.6972,34.3962
featured_part_10072,1,0,0.5521,0.5429
featured_part_10073,7,4,67.9691,67.9376
featured_part_10074,22,15,79.9757,79.866
featured_part_10075,8,6,14.4504,14.4331
featured_part_10076,8,2,86.7134,85.2461
featured_part_10077,14,10,19.4033,19.0048
featured_part_10078,3,1,17.8867,17.877
featured_part_10079,4,1,131.5491,131.4705
featured_part_10080,4,3,40.4289,40.3518
featured_part_10081,5,3,22.9608,22.4418
featured_part_10082,3,1,22.9415,22.1541
featured_part_10083,5,1,28.4317,28.4223
featured_part_10084,8,4,98.3854,96.5364
featured_part_10085,5,3,55.8279,55.7068
featured_part_10086,5,4,45.7133,45.2086
featured_part_10087,16,11,16.4482,16.3576
featured_part_10088,8,5,34.7061,34.6128
featured_part_10089,6,4,15.2227,15.1993
featured_part_10090,13,9,12.36,12.3178
featured_part_10091,7,6,41.2865,41.2281
featured_part_10092,5,2,29.2918,28.7949
featured_part_10094,8,2,20.041,19.991
featured_part_10095,5,2,20.0621,20.0331
featured_part_10096,5,1,11.1192,11.0101
featured_part_10097,3,0,28.751,28.7467
featured_part_10098,8,4,178.8471,178.4588
featured_part_10099,16,12,222.6177,222.4395
featured_part_10100,6,4,137.1654,137.0527
featured_part_10101,25,19,11.7708,11.6683
featured_part_10102,4,3,163.1108,162.5416
featured_part_10103,7,4,80.5751,80.4616
featured_part_10104,17,11,25.4095,25.3842
featured_part_10105,10,2,35.3699,35.3534
featured_part_10106,3,1,15.232,15.1983
featured_part_10107,4,2,53.7514,53.679
featured_part_10109,7,3,108.2172,106.542
featured_part_10110,12,8,56.0498,55.9813
featured_part_10111,7,5,18.8037,18.6026
featured_part_10112,9,6,32.7971,32.7703
featured_part_10113,15,10,20.0369,19.6364
featured_part_10114,15,10,88.1931,88.0866
featured_part_10115,13,9,26.8228,26.4015
featured_part_10116,5,4,73.4481,73.331
featured_part_10118,11,7,22.5546,22.5321
featured_part_10119,3,1,20.8437,20.8309
featured_part_10120,13,8,26.6171,25.7525
featured_part_10122,8,4,235.2602,233.0585
featured_part_10123,22,17,28.397,28.36
featured_part_10124,23,17,22.8251,22.7041
featured_part_10126,5,2,32.8875,32.5601
featured_part_10128,7,4,254.7294,254.3388
featured_part_10129,1,0,8.5687,8.5681
featured_part_10130,10,9,54.8375,53.4314
featured_part_10132,11,8,55.4992,55.4265
featured_part_10134,9,4,68.9491,66.1377
featured_part_10135,4,1,15.1865,15.1784
featured_part_10136,6,5,86.6297,85.336
featured_part_10137,3,1,27.7159,27.4195
featured_part_10138,2,1,5.4758,5.4736
featured_part_10139,5,4,116.4652,114.4893
featured_part_10140,4,2,22.1731,22.1677
featured_part_10142,6,2,78.671,78.5596
featured_part_10143,8,5,49.959,49.9335
featured_part_10144,9,7,32.3806,32.27
featured_part_10145,8,4,78.1335,78.029
featured_part_10146,7,3,37.3155,36.9546
featured_part_10147,5,3,18.5315,18.1042
featured_part_10148,5,3,109.9609,108.6593
featured_part_10149,9,6,59.5931,58.1028
featured_part_10150,6,3,42.1306,40.7855
featured_part_10151,9,6,47.8736,47.8278
featured_part_10152,4,2,105.1757,105.0017
featured_part_10153,13,5,74.1123,72.2911
featured_part_10154,15,9,58.5115,57.8381
featured_part_10155,14,11,93.6265,91.4151
featured_part_10156,13,9,32.3798,32.3365
featured_part_10157,9,6,127.5811,127.4746
featured_part_10158,6,1,13.5251,13.4854
featured_part_10159,16,8,52.8138,52.6806
featured_part_10160,12,5,79.755,79.6292
featured_part_10161,9,4,52.5715,50.9963
featured_part_10162,11,2,23.125,23.0546
featured_part_10163,10,4,112.6132,112.4482
featured_part_10164,3,2,87.455,87.3972
featured_part_10165,6,5,28.2816,27.3656
featured_part_10166,6,5,42.625,42.5836
featured_part_10168,13,10,26.3602,26.327
featured_part_10169,7,4,32.5427,31.9811
featured_part_10170,17,14,18.3484,17.5833
featured_part_10171,21,15,220.193,216.2125
featured_part_10172,11,8,56.5575,56.4074
featured_part_10173,8,2,33.8066,33.3946
featured_part_10175,15,13,155.3984,154.1388
featured_part_10177,5,4,103.8387,102.5636
featured_part_10178,10,4,200.6786,199.7145
featured_part_10179,4,3,26.0417,26.0294
featured_part_10180,5,1,84.5738,84.4396
featured_part_10181,8,6,17.9681,17.954
featured_part_10182,11,5,64.7156,63.6485
featured_part_10183,3,2,70.583,68.9806
featured_part_10184,9,4,173.2089,172.9817
featured_part_10185,6,4,30.9684,30.7654
featured_part_10186,14,10,35.8784,35.6198
featured_part_10187,13,9,17.5475,17.4848
featured_part_10188,15,10,34.2645,34.2256
featured_part_10189,7,6,74.7721,73.8163
featured_part_10190,8,5,94.799,94.7059
featured_part_10191,11,6,128.9607,125.6383
featured_part_10192,2,1,9.4605,9.0054
featured_part_10193,7,5,32.2685,31.8817
featured_part_10194,2,0,19.9769,19.9749
featured_part_10195,3,0,28.8518,28.2994
featured_part_10196,15,7,52.06,51.8879
featured_part_10197,5,4,22.3493,21.6097
featured_part_10198,8,5,79.8107,79.7675
featured_part_10199,4,2,52.1,51.9997
featured_part_10200,11,8,182.0141,174.9832
featured_part_10201,3,2,114.3077,114.1575
featured_part_10202,7,5,26.1178,25.5143
featured_part_10203,5,2,75.737,72.8809
featured_part_10204,12,5,20.3191,20.0086
featured_part_10205,11,9,16.7612,16.7434
featured_part_10206,4,3,16.2935,16.2841
featured_part_10207,12,7,40.1554,38.5303
featured_part_10209,5,3,51.8845,50.3329
featured_part_10210,9,5,28.0211,27.9868
featured_part_10211,10,4,49.4824,49.3855
featured_part_10212,4,1,28.6252,28.2595
featured_part_10213,5,1,23.7235,23.7168
featured_part_10214,18,11,27.8633,27.8374
featured_part_10215,3,0,1.7812,1.7764
featured_part_10219,7,5,13.0753,13.0296
featured_part_10221,9,7,73.7721,72.601
featured_part_10222,6,3,21.4091,20.9583
featured_part_10223,11,8,116.3123,116.146
featured_part_10224,2,1,40.6991,40.6721
featured_part_10225,4,1,42.6879,42.6566
featured_part_10227,4,2,65.8442,65.8214
featured_part_10228,6,2,23.1685,22.6805
featured_part_10229,6,3,52.3849,51.2715
featured_part_10232,18,13,69.0725,68.1096
featured_part_10233,24,19,72.1391,71.614
featured_part_10234,4,2,127.324,127.2167
featured_part_10235,6,4,23.4917,23.4511
featured_part_10236,15,8,70.8708,69.648
featured_part_10238,17,10,27.5091,27.0824
featured_part_10239,5,1,20.2516,20.2447
featured_part_10240,12,9,32.4868,32.3987
featured_part_10241,7,5,78.5121,78.269
featured_part_10242,7,5,62.5555,62.5008
featured_part_10243,12,5,48.3639,48.2776
featured_part_10244,9,6,86.349,85.6061
featured_part_10246,10,8,251.4253,249.1407
featured_part_10247,3,1,89.9819,89.9354
featured_part_10248,1,0,11.6757,11.6744
featured_part_10249,8,3,74.8091,74.6522
featured_part_10250,11,5,43.4629,42.8998
featured_part_10251,5,4,80.5399,80.4472
featured_part_10252,16,13,90.6045,86.2423
featured_part_10253,6,4,54.4248,53.735
featured_part_10254,10,5,93.6053,93.4154
featured_part_10255,13,7,56.2986,56.2151
featured_part_10259,10,6,102.7386,102.548
featured_part_10261,11,8,38.696,38.621
featured_part_10262,8,7,42.4714,42.3954
featured_part_10263,8,5,47.941,45.9947
featured_part_10264,11,4,183.751,180.5375
featured_part_10265,4,2,156.5895,156.4138
featured_part_10266,6,3,40.0096,38.5542
featured_part_10267,12,3,9.1718,9.1072
featured_part_10268,6,5,10.8382,10.8142
featured_part_10269,15,11,251.9131,246.6214
featured_part_10270,5,3,19.1246,18.8849
featured_part_10271,4,3,47.4757,47.4359
featured_part_10272,13,7,112.3615,109.452
featured_part_10273,16,10,70.023,69.8695
featured_part_10274,3,2,25.1273,25.0956
featured_part_10275,2,1,139.6015,133.3578
featured_part_10276,9,6,12.6624,12.6332
featured_part_10277,7,4,34.6026,34.5607
featured_part_10278,1,0,59.5365,59.4677
featured_part_10279,4,3,43.9328,42.0086
featured_part_10280,4,2,65.6221,65.4971
featured_part_10282,18,13,36.2468,36.1729
featured_part_10283,10,7,23.7021,23.3962
featured_part_10284,13,10,79.5108,78.8738
featured_part_10285,4,1,34.3053,32.6792
featured_part_10286,9,3,20.3089,20.2672
featured_part_10287,4,3,177.0788,171.0566
featured_part_10288,8,3,53.71,52.8027
featured_part_10289,12,6,77.4485,77.3897
featured_part_10290,8,6,29.7896,28.9629
featured_part_10293,4,3,12.2032,12.1555
featured_part_10295,18,15,20.2272,20.1585
featured_part_10296,11,6,68.7648,68.5992
featured_part_10297,8,5,62.4713,61.168
featured_part_10301,8,6,61.9161,61.2231
featured_part_10302,12,9,33.3026,33.2448
featured_part_10303,6,2,46.1119,46.0784
featured_part_10304,12,9,16.887,16.8579
featured_part_10305,7,3,25.0712,24.5355
featured_part_10306,5,3,78.9933,78.97
featured_part_10308,2,0,9.2113,9.184
featured_part_10310,5,4,88.5337,88.4674
featured_part_10311,6,4,37.6417,37.6284
featured_part_10312,15,12,43.0393,42.9556
featured_part_10313,10,8,158.807,158.5992
featured_part_10314,11,8,173.3889,166.6703
featured_part_10317,11,9,231.9284,228.6232
featured_part_10318,8,6,224.9563,223.9271
featured_part_10319,1,0,19.8218,19.7934
featured_part_10320,6,4,36.4078,35.8642
featured_part_10321,13,7,77.3184,73.9784
featured_part_10322,10,6,21.1382,20.9279
featured_part_10323,6,3,25.2815,25.2723
featured_part_10325,2,1,31.8435,31.8089
featured_part_10327,4,2,34.3055,33.8818
featured_part_10328,12,8,62.7617,61.2113
featured_part_10330,9,7,30.1325,30.1054
featured_part_10331,13,10,20.0693,19.1491
featured_part_10332,5,4,34.6747,34.5995
featured_part_10333,5,4,84.77,81.9822
featured_part_10334,17,11,66.2614,66.1754
featured_part_10335,13,10,43.1809,43.0897
featured_part_10336,11,8,47.653,47.5536
featured_part_10337,3,1,20.0228,19.9514
featured_part_10338,6,4,13.7279,13.7004
featured_part_10339,5,2,26.5864,26.5482
featured_part_10340,14,6,111.4176,109.5219
featured_part_10341,7,5,109.6498,105.0512
featured_part_10342,10,4,66.3363,65.6756
featured_part_10343,7,3,36.0794,36.0266
featured_part_10345,15,9,87.2466,87.12
featured_part_10346,17,7,81.0361,80.3147
featured_part_10348,12,7,32.3698,32.1691
featured_part_10350,2,1,9.9619,9.945
featured_part_10351,10,7,145.9887,144.786
featured_part_10352,12,7,10.8734,10.4301
featured_part_10353,6,1,44.425,44.3907
featured_part_10354,6,3,33.9458,33.9014
featured_part_10355,12,10,221.9229,221.6849
featured_part_10356,13,6,83.9577,82.8664
featured_part_10357,13,3,66.6236,66.5715
featured_part_10359,18,14,9.7548,9.7162
featured_part_10360,8,5,177.6663,173.8871
featured_part_10361,10,6,16.949,16.8523
featured_part_10362,3,1,50.4276,49.6527
featured_part_10364,8,7,36.9246,36.4894
featured_part_10365,9,6,42.042,40.324
featured_part_10366,7,4,68.3406,65.7635
featured_part_10368,6,4,69.3042,69.2119
featured_part_10369,18,10,52.4666,52.4078
featured_part_10370,7,5,157.2314,155.2757
featured_part_10372,8,5,52.1377,52.0709
featured_part_10373,11,6,60.3998,60.3332
featured_part_10374,9,7,53.0893,53.0039
featured_part_10375,8,4,42.8144,42.7338
featured_part_10376,9,7,71.4764,71.0859
featured_part_10377,10,7,86.4936,86.2006
featured_part_10378,7,5,1.7657,1.7564
featured_part_10381,3,0,40.8523,40.8468
featured_part_10382,5,2,8.6105,8.5837
featured_part_10384,17,13,11.8965,11.8669
featured_part_10385,2,1,50.3759,50.3279
featured_part_10387,6,3,86.4733,84.4045
featured_part_10388,7,2,152.2383,152.1903
featured_part_10389,7,5,116.2249,113.1403
featured_part_10390,6,5,22.8559,22.7644
featured_part_10392,3,1,58.6762,58.623
featured_part_10393,17,13,83.5586,82.4755
featured_part_10394,7,4,37.7181,37.6203
featured_part_10395,7,4,17.1908,17.1806
featured_part_10396,6,5,92.7874,88.0538
featured_part_10397,14,8,29.218,29.1642
featured_part_10398,12,8,83.1847,83.054
featured_part_10399,6,5,23.9841,22.8125
featured_part_10400,15,10,53.4508,53.3115
featured_part_10401,7,5,15.0976,15.072
featured_part_10402,3,1,19.791,19.5166
featured_part_10403,9,3,73.318,72.0661
featured_part_10404,12,4,79.8177,79.0787
featured_part_10405,4,1,39.6998,38.7503
featured_part_10406,17,10,61.1364,61.0402
featured_part_10407,23,18,121.6408,121.1774
featured_part_10408,9,6,36.7586,36.4371
featured_part_10409,16,10,39.9626,39.3746
featured_part_10410,10,8,62.1198,62.0021
featured_part_10411,10,8,55.9618,55.7861
featured_part_10412,4,3,17.5072,16.6028
featured_part_10414,9,3,23.0062,22.8376
featured_part_10416,9,5,68.3712,68.2678
featured_part_10417,10,7,42.2035,41.905
featured_part_10418,4,1,25.7597,25.7533
featured_part_10419,2,1,10.804,10.7922
featured_part_10420,6,4,39.207,39.1536
featured_part_10421,10,8,50.6368,50.5714
featured_part_10422,8,5,33.8908,32.8733
featured_part_10424,6,4,83.145,83.0588
featured_part_10426,7,3,44.6262,44.6161
featured_part_10427,11,5,38.6631,37.9279
featured_part_10428,6,5,73.9285,73.8284
featured_part_10429,7,5,11.7322,11.7008
featured_part_10430,1,0,5.0503,5.0501
featured_part_10431,10,3,25.3958,24.2878
featured_part_10432,3,1,35.7173,35.6869
featured_part_10433,10,4,36.3734,36.2092
featured_part_10434,15,12,26.931,26.6078
featured_part_10435,6,2,64.9306,64.61
featured_part_10436,8,2,32.914,32.8815
featured_part_10437,8,3,52.1942,52.0777
featured_part_10438,7,5,98.3959,96.3853
featured_part_10439,3,2,127.9418,127.8282
featured_part_10441,15,10,38.2764,37.404
featured_part_10442,6,2,78.858,78.8436
featured_part_10443,16,10,25.2505,25.1959
featured_part_10444,5,4,44.66,44.6247
featured_part_10445,7,5,75.9976,75.9526
featured_part_10446,13,5,19.3817,19.1089
featured_part_10447,2,1,8.5622,8.5402
featured_part_10448,5,1,92.6638,89.615
featured_part_10449,15,3,23.8737,23.8002
featured_part_10450,3,0,30.5365,30.5326
featured_part_10451,7,6,126.9331,123.5751
featured_part_10452,7,2,46.892,46.0698
featured_part_10453,10,7,34.8079,34.6744
featured_part_10454,7,3,41.7691,41.7005
featured_part_10455,8,6,15.5039,15.441
featured_part_10457,16,3,55.1145,55.0682
featured_part_10458,6,5,76.7296,73.5025
featured_part_10459,1,0,14.6697,13.8408
featured_part_10460,17,11,36.583,35.5296
featured_part_10461,29,19,76.9047,75.8779
featured_part_10464,8,2,79.7476,78.9166
featured_part_10465,6,3,32.7253,32.6613
featured_part_10466,15,12,60.9012,60.7891
featured_part_10467,3,1,37.6666,37.6299
featured_part_10468,9,6,51.906,50.8901
featured_part_10469,8,3,137.5388,137.4211
featured_part_10470,6,3,41.4353,41.427
featured_part_10472,7,1,39.0876,39.0254
featured_part_10473,8,5,42.7281,42.6236
featured_part_10474,6,3,29.1252,28.7494
featured_part_10475,13,10,28.6666,28.5816
featured_part_10477,28,21,38.1826,38.1335
featured_part_10478,5,1,108.4999,107.7117
featured_part_10479,5,3,47.9475,47.8817
featured_part_10480,15,12,86.0974,85.9103
featured_part_10482,6,5,95.0083,94.8983
featured_part_10483,8,4,39.0666,38.3034
featured_part_10484,3,1,28.6137,28.5422
featured_part_10485,17,14,190.1442,189.7123
featured_part_10486,6,4,120.4395,119.3911
featured_part_10487,10,6,65.7975,64.512
featured_part_10488,22,12,67.256,67.0261
featured_part_10489,5,3,70.3711,70.3262
featured_part_10490,6,4,112.5247,112.4509
featured_part_10491,10,3,130.3824,130.1516
featured_part_10492,5,2,38.8993,38.8272
featured_part_10493,12,9,37.5053,37.1957
featured_part_10494,4,2,32.2869,31.6789
featured_part_10496,23,18,22.1331,22.0287
featured_part_10498,9,1,30.2925,29.6005
featured_part_10500,11,7,57.7759,57.6548
featured_part_10501,10,8,84.1883,83.0904
featured_part_10502,10,3,49.6919,49.6307
featured_part_10503,3,1,52.9994,51.3265
featured_part_10504,4,2,21.4852,21.2001
featured_part_10505,12,3,122.2903,120.4295
featured_part_10506,9,3,29.7731,29.7046
featured_part_10507,16,8,38.8745,38.7956
featured_part_10508,23,18,34.8827,34.8164
featured_part_10509,8,6,52.3828,52.29
featured_part_10510,4,3,1.1002,1.094
featured_part_10512,8,3,46.6009,45.1626
featured_part_10513,10,7,53.5704,53.5146
featured_part_10514,9,4,46.7974,46.1041
featured_part_10515,1,0,16.5867,16.5279
featured_part_10516,9,5,30.2604,30.2477
featured_part_10517,11,7,66.5285,66.4896
featured_part_10518,10,7,27.0106,26.8664
featured_part_10521,12,9,37.7236,36.0713
featured_part_10522,11,9,106.465,106.2784
featured_part_10524,2,1,10.5174,10.5154
featured_part_10525,7,4,57.6417,55.8564
featured_part_10526,12,9,103.5494,103.3804
featured_part_10527,19,6,185.832,185.2974
featured_part_10528,9,7,64.6388,64.1273
featured_part_10529,6,3,19.9844,19.9313
featured_part_10530,16,3,16.5448,16.5011
featured_part_10531,8,4,116.6652,116.0104
featured_part_10532,6,4,16.7789,16.769
featured_part_10533,7,3,186.7512,185.616
featured_part_10534,7,4,24.0448,24.0174
featured_part_10535,12,6,22.8573,22.8321
featured_part_10536,12,10,12.3954,12.2405
featured_part_10537,8,4,39.5747,39.4677
featured_part_10538,9,6,21.753,21.6815
featured_part_10540,2,1,38.3411,38.3137
featured_part_10543,8,6,29.2849,29.1966
featured_part_10544,6,2,25.3553,25.3327
featured_part_10545,5,4,99.9515,99.587
featured_part_10546,3,2,78.8821,78.7508
featured_part_10547,13,6,138.1675,138.0068
featured_part_10548,15,12,111.1098,110.8988
featured_part_10549,28,21,173.7863,171.6378
featured_part_10550,10,3,98.7294,95.412
featured_part_10551,6,2,102.4951,102.4369
featured_part_10552,3,1,57.1524,56.9532
featured_part_10553,6,4,6.5182,6.5105
featured_part_10554,11,8,82.6152,80.6563
featured_part_10555,5,3,1.9966,1.9688
featured_part_10556,9,6,5.9587,5.9152
featured_part_10557,6,2,69.9587,69.9264
featured_part_10558,11,8,88.8721,88.7829
featured_part_10559,8,5,37.9405,37.9012
featured_part_10560,9,5,42.5957,42.5191
featured_part_10562,8,6,89.5863,89.4917
featured_part_10563,11,3,21.6245,21.5684
featured_part_10564,10,4,27.792,27.7489
featured_part_10565,13,2,21.8306,21.6841
featured_part_10566,12,8,45.257,45.1807
featured_part_10567,4,1,53.1254,53.0677
featured_part_10568,7,6,12.118,12.083
featured_part_10569,4,3,35.0031,34.4996
featured_part_10570,9,5,84.6239,83.2087
featured_part_10571,10,2,22.4842,22.437
featured_part_10572,9,8,46.951,44.4265
featured_part_10573,8,3,82.7739,81.5513
featured_part_10574,9,7,25.6908,24.6014
featured_part_10575,5,3,36.2769,35.0695
featured_part_10576,7,4,52.4687,51.6907
featured_part_10577,6,3,55.2845,54.3165
featured_part_10578,9,7,47.4473,47.3729
featured_part_10579,14,8,68.7848,68.6208
featured_part_10580,4,1,89.1883,89.0502
featured_part_10581,11,4,138.6231,138.4235
featured_part_10582,22,14,93.1688,92.9699
featured_part_10583,9,3,74.2692,73.8013
featured_part_10584,8,6,17.3753,17.334
featured_part_10585,9,6,63.2234,61.2068
featured_part_10586,15,12,46.1393,46.0299
featured_part_10587,9,4,91.395,89.6951
featured_part_10589,15,4,49.0542,48.971
featured_part_10590,6,1,67.1754,67.0815
featured_part_10591,3,2,63.291,63.1875
featured_part_10592,8,3,32.4993,32.3126
featured_part_10594,9,6,19.6434,19.5739
featured_part_10595,12,4,68.0853,68.0003
featured_part_10596,7,3,41.2175,41.1453
featured_part_10597,5,4,89.2476,89.1692
featured_part_10598,26,19,205.2149,204.9743
featured_part_10599,13,9,96.0914,94.5912
featured_part_10600,2,1,21.0391,21.0085
featured_part_10601,9,6,48.6299,48.5608
featured_part_10602,3,2,26.4736,26.3348
featured_part_10603,13,10,4.4519,4.1628
featured_part_10604,7,4,27.0754,27.0453
featured_part_10605,10,7,63.9474,62.3322
featured_part_10606,16,9,49.3534,49.3287
featured_part_10607,18,14,10.6335,10.5986
featured_part_10608,4,3,30.082,29.4901
featured_part_10609,11,5,47.2253,47.1701
featured_part_10610,7,5,44.1098,44.0742
featured_part_10611,12,4,55.2722,53.8474
featured_part_10612,15,10,21.2303,21.1932
featured_part_10613,14,8,103.1635,102.9533
featured_part_10615,5,4,8.1136,8.084
featured_part_10616,13,8,108.7657,107.6475
featured_part_10617,2,1,10.4012,10.3454
featured_part_10618,12,7,89.8565,87.9617
featured_part_10619,4,2,22.8395,22.8145
featured_part_10620,13,6,71.7605,70.031
featured_part_10621,17,10,86.1945,84.8241
featured_part_10622,18,13,23.9387,23.6839
featured_part_10623,3,1,24.5688,24.5489
featured_part_10624,6,3,124.6806,124.2769
featured_part_10625,15,11,59.8146,59.4587
featured_part_10627,11,7,74.5401,74.4524
featured_part_10628,11,7,79.0017,76.7373
featured_part_10629,6,1,55.1829,55.1715
featured_part_10630,12,10,28.2516,28.2289
featured_part_10631,12,9,23.969,23.8846
featured_part_10632,17,10,119.6252,119.2112
featured_part_10633,8,5,19.0537,18.268
featured_part_10634,6,3,52.1057,51.2386
featured_part_10635,4,3,34.8547,34.7877
featured_part_10636,5,3,20.8558,20.8487
featured_part_10637,10,8,71.4153,68.4802
featured_part_10638,14,11,24.2457,24.1669
featured_part_10639,4,1,23.7415,23.7109
featured_part_10640,4,1,30.2441,30.187
featured_part_10641,5,2,36.5217,36.4956
featured_part_10642,5,2,23.7426,23.7187
featured_part_10643,9,7,75.3991,73.2271
featured_part_10644,1,0,6.7821,6.7818
featured_part_10645,19,11,82.7912,81.3753
featured_part_10646,12,8,52.5228,52.4564
featured_part_10647,8,6,26.364,26.3514
featured_part_10648,13,8,159.7856,158.742
featured_part_10649,7,2,14.6444,14.6326
featured_part_10650,12,10,20.6208,20.1444
featured_part_10651,4,2,48.6736,48.6051
featured_part_10652,2,1,35.1038,33.884
featured_part_10653,6,4,18.2714,18.1992
featured_part_10655,6,4,9.0991,9.0796
featured_part_10656,4,2,32.7977,32.7297
featured_part_10657,7,2,133.733,133.5528
featured_part_10659,2,1,81.4582,77.965
featured_part_10660,14,9,67.4225,67.3051
featured_part_10661,12,5,41.3985,41.3204
featured_part_10662,10,2,48.5839,48.5033
featured_part_10663,5,4,13.1031,13.0816
featured_part_10664,6,1,44.8745,44.4069
featured_part_10665,4,2,29.6667,29.5851
featured_part_10666,6,5,71.5813,71.5123
featured_part_10667,9,7,16.8881,16.8736
featured_part_10668,10,4,30.0035,29.7079
featured_part_10669,10,5,23.1372,23.1194
featured_part_10670,19,3,71.035,70.9796
featured_part_10671,5,2,87.0197,86.5539
featured_part_10672,11,3,40.2579,40.1875
featured_part_10673,18,15,101.7962,98.8581
featured_part_10674,3,1,23.9004,23.8891
featured_part_10675,14,8,78.0263,75.7271
featured_part_10676,6,5,14.832,14.7924
featured_part_10677,10,2,36.4133,36.2175
featured_part_10678,1,0,2.5783,2.5673
featured_part_10679,10,3,15.3429,15.2933
featured_part_10681,11,7,335.4195,335.1309
featured_part_10682,10,7,31.6155,31.5375
featured_part_10683,7,3,86.7081,85.8807
featured_part_10684,5,4,5.6167,5.6018
featured_part_10685,16,11,46.4189,46.3916
featured_part_10686,4,3,45.5402,45.4867
featured_part_10687,5,3,136.2638,135.9561
featured_part_10688,16,12,33.7602,33.1941
featured_part_10689,6,4,73.288,73.2104
featured_part_10691,12,9,39.7897,39.188
featured_part_10692,22,17,54.7327,54.6241
featured_part_10694,5,2,61.7761,60.9713
featured_part_10695,2,1,40.4026,38.2952
featured_part_10696,2,1,17.9785,17.5677
featured_part_10699,5,3,42.9076,42.8214
featured_part_10700,4,3,45.9318,45.8414
featured_part_10701,7,3,48.8438,48.7222
featured_part_10702,5,1,13.6561,13.628
featured_part_10703,9,6,30.1248,29.8056
featured_part_10704,9,5,34.2001,33.3108
featured_part_10705,1,0,3.0221,3.0216
featured_part_10706,8,4,65.6137,63.9075
featured_part_10707,10,7,69.0158,68.8872
featured_part_10708,10,4,105.2799,105.0253
featured_part_10709,8,3,62.1336,61.7888
featured_part_10710,3,1,127.9993,127.9362
featured_part_10711,17,10,51.665,51.5658
featured_part_10713,12,10,202.3569,202.154
featured_part_10714,13,7,108.6011,108.2812
featured_part_10715,6,5,48.037,46.851
featured_part_10716,6,1,13.0916,12.4293
featured_part_10717,12,8,204.6704,203.8552
featured_part_10718,10,5,67.8665,67.7783
featured_part_10719,8,6,37.7658,37.6131
featured_part_10720,6,5,10.3309,10.2689
featured_part_10721,9,8,45.0246,43.8165
featured_part_10722,5,2,59.4663,59.3791
featured_part_10723,4,1,13.5814,13.4668
featured_part_10724,10,6,37.4453,37.3729
featured_part_10725,13,10,69.4879,69.358
featured_part_10726,23,18,25.0468,25.0026
featured_part_10728,6,2,35.055,35.0469
featured_part_10729,5,2,70.6505,70.5376
featured_part_10730,9,6,82.6822,82.5474
featured_part_10731,1,0,3.0497,3.0432
featured_part_10732,4,2,33.8668,33.8448
featured_part_10733,3,1,25.3429,24.3246
featured_part_10734,4,3,25.8905,25.8489
featured_part_10735,7,3,55.7362,55.6524
featured_part_10736,5,4,26.6957,25.6851
featured_part_10737,9,7,183.3372,183.0937
featured_part_10738,8,2,36.7862,36.7601
featured_part_10739,11,8,31.6957,30.7274
featured_part_10740,18,12,73.8832,73.5476
featured_part_10741,14,11,39.2994,39.1754
featured_part_10742,8,6,92.3957,92.2901
featured_part_10743,7,3,123.1114,119.1913
featured_part_10744,6,3,103.6818,102.1288
featured_part_10745,13,8,21.015,20.9644
featured_part_10746,7,6,24.1622,24.1256
featured_part_10747,7,4,32.2418,32.1629
featured_part_10748,5,2,54.8234,54.8131
featured_part_10749,15,10,62.805,62.6299
featured_part_10750,7,4,27.4714,27.24
featured_part_10751,5,1,37.8743,37.8275
featured_part_10752,9,6,5.1097,5.0975
featured_part_10753,13,4,60.6703,59.6659
featured_part_10755,6,4,22.75,22.3721
featured_part_10756,6,1,7.1434,7.1353
featured_part_10757,5,3,55.07,53.9364
featured_part_10758,16,12,106.5487,106.3536
featured_part_10759,7,5,7.5445,7.5352
featured_part_10760,10,7,22.8946,22.8329
featured_part_10761,10,7,14.0049,13.9338
featured_part_10762,11,8,26.2539,25.8234
featured_part_10763,9,6,60.9177,60.2074
featured_part_10764,12,8,63.5863,62.9731
featured_part_10765,13,10,59.1036,58.8272
featured_part_10769,15,4,114.7276,112.3715
featured_part_10770,5,2,62.6654,60.3582
featured_part_10771,4,3,22.7674,22.7531
featured_part_10772,8,5,52.0285,51.2419
featured_part_10773,5,4,27.482,27.0334
featured_part_10774,15,12,27.6927,27.6607
featured_part_10775,13,5,174.9075,174.1064
featured_part_10776,16,9,88.393,88.2764
featured_part_10777,9,2,40.7444,40.3288
featured_part_10778,8,5,82.1714,79.4182
featured_part_10779,7,5,26.1382,26.078
featured_part_10781,5,4,113.5013,113.4355
featured_part_10782,14,8,59.6051,59.5814
featured_part_10783,7,1,25.0591,25.0437
featured_part_10784,16,5,48.2399,48.1173
featured_part_10785,7,6,77.5052,77.2198
featured_part_10786,3,1,32.2906,32.2116
featured_part_10787,6,2,31.1024,31.0699
featured_part_10788,2,1,3.7521,3.7305
featured_part_10789,3,1,1.8088,1.783
featured_part_10790,12,9,10.245,10.1909
featured_part_10791,12,10,96.4102,96.225
featured_part_10792,12,5,48.3015,48.177
featured_part_10793,11,8,7.591,7.5515
featured_part_10794,15,9,55.8942,55.7497
featured_part_10795,10,6,65.3705,65.288
featured_part_10796,9,2,36.0237,35.9833
featured_part_10797,5,3,52.6767,52.5319
featured_part_10798,12,9,69.7624,68.4515
featured_part_10799,17,12,18.1896,18.03
featured_part_10800,13,9,83.8403,81.1469
featured_part_10801,3,2,55.3095,55.2031
featured_part_10802,17,14,43.6777,43.6191
featured_part_10803,8,6,111.2907,109.9977
featured_part_10804,9,7,18.9287,18.8665
featured_part_10805,5,4,20.818,20.786
featured_part_10806,6,5,69.4722,66.1361
featured_part_10808,10,8,7.1775,7.1614
featured_part_10809,13,3,208.32,208.0926
featured_part_10811,8,6,95.4028,94.6615
featured_part_10812,15,9,46.6438,46.1674
featured_part_10813,15,8,73.7435,72.5753
featured_part_10814,24,17,83.5651,83.3334
featured_part_10815,7,3,94.1914,94.0509
featured_part_10816,5,2,49.9474,49.4961
featured_part_10817,7,6,11.9244,11.9113
featured_part_10818,5,4,65.3602,65.3125
featured_part_10819,13,9,70.8784,69.3637
featured_part_10820,8,5,138.4071,137.241
featured_part_10821,17,11,73.1314,70.9866
featured_part_10822,3,1,64.2559,64.2498
featured_part_10823,5,4,39.2679,38.7603
featured_part_10824,9,7,35.7819,35.7309
featured_part_10825,5,2,70.0556,69.9863
featured_part_10826,12,5,7.6487,7.61
featured_part_10827,6,3,180.9206,180.7391
featured_part_10828,16,11,75.485,74.8217
featured_part_10829,6,3,4.6166,4.5893
featured_part_10830,3,1,12.8494,12.8317
featured_part_10831,18,14,70.0197,67.7591
featured_part_10832,20,11,51.5806,51.4925
featured_part_10833,11,8,36.0195,35.6101
featured_part_10834,5,4,13.9208,13.8762
featured_part_10835,13,8,162.4297,160.183
featured_part_10836,15,6,86.6975,83.1958
featured_part_10837,21,14,128.7382,128.6179
featured_part_10838,9,7,45.1786,45.0802
featured_part_10839,7,4,23.7036,23.6934
featured_part_10840,15,11,58.6864,58.5934
featured_part_10841,5,4,14.4977,14.4735
featured_part_10842,17,12,101.0856,100.9311
featured_part_10843,6,3,34.3085,34.265
featured_part_10844,16,13,39.4414,38.6614
featured_part_10845,9,7,33.592,32.7207
featured_part_10846,17,13,10.7415,10.6955
featured_part_10847,5,4,34.9281,34.8719
featured_part_10848,1,0,10.8405,10.84
featured_part_10849,17,14,57.6853,57.2427
featured_part_10850,8,5,16.9814,16.5804
featured_part_10851,4,2,11.1598,11.1552
featured_part_10852,3,2,99.2534,94.7568
featured_part_10853,17,11,65.8934,65.7719
featured_part_10854,13,9,73.339,72.5723
featured_part_10855,2,1,104.2736,104.1411
featured_part_10856,6,2,47.5678,47.0988
featured_part_10857,14,10,63.5188,63.4345
featured_part_10858,12,9,108.9444,107.4471
featured_part_10859,8,3,55.4507,53.1673
featured_part_10860,11,8,89.2107,85.0522
featured_part_10861,4,1,8.4501,8.4448
featured_part_10862,17,10,120.1385,119.3994
featured_part_10863,14,11,84.1053,81.4948
featured_part_10865,3,2,10.9424,10.9113
featured_part_10867,16,10,71.6334,71.5342
featured_part_10868,5,3,22.0888,22.0815
featured_part_10869,13,6,141.3932,140.782
featured_part_10870,14,11,30.2899,29.2035
featured_part_10871,5,2,5.8411,5.8241
featured_part_10872,10,4,51.6266,51.5669
featured_part_10873,14,7,102.1041,101.9536
featured_part_10874,9,6,101.8875,101.7393
featured_part_10875,5,1,64.1035,64.0716
featured_part_10876,7,6,92.0626,91.2189
featured_part_10878,11,3,64.8551,64.7384
featured_part_10879,6,5,17.6247,17.5737
featured_part_10880,2,1,13.2808,13.2686
featured_part_10881,7,4,53.7281,52.885
featured_part_10882,8,4,23.4046,22.9662
featured_part_10884,2,0,21.682,21.6798
featured_part_10885,6,4,133.0852,132.8449
featured_part_10886,11,9,74.4969,74.0153
featured_part_10887,11,9,32.4412,31.9903
featured_part_10888,5,4,14.3381,14.3013
featured_part_10889,9,2,12.2257,12.1939
featured_part_10890,3,2,51.9007,50.3863
featured_part_10891,10,6,28.4172,28.3796
featured_part_10892,2,1,9.2586,9.2298
featured_part_10893,16,9,90.5157,90.1318
featured_part_10894,23,18,47.4809,46.7139
featured_part_10895,8,5,35.5724,35.5595
featured_part_10897,1,0,16.4388,16.4382
featured_part_10898,3,1,48.1934,48.1687
featured_part_10899,19,12,92.244,92.0773
featured_part_10900,13,8,18.1456,17.9202
featured_part_10901,7,5,28.8123,28.1311
featured_part_10902,4,3,62.7053,62.0144
featured_part_10903,7,4,49.4291,49.3748
featured_part_10904,5,1,31.8414,31.8148
featured_part_10905,3,2,23.2967,22.9658
featured_part_10906,18,11,89.2971,88.3702
featured_part_10907,4,3,21.3604,21.3451
featured_part_10908,6,3,36.9598,35.8414
featured_part_10909,8,6,37.3634,37.259
featured_part_10910,10,7,113.8961,109.3428
featured_part_10911,4,2,64.3198,64.2677
featured_part_10913,4,3,55.519,55.4495
featured_part_10915,4,1,25.1602,25.1534
featured_part_10916,10,8,12.2965,12.2559
featured_part_10917,19,15,61.9256,61.7704
featured_part_10918,11,4,52.6175,52.4612
featured_part_10919,6,3,69.7969,67.9231
featured_part_10920,7,6,24.4582,23.82
featured_part_10921,12,3,26.7839,26.7401
featured_part_10922,10,3,14.2204,14.1827
featured_part_10923,17,12,80.6548,78.9334
featured_part_10924,8,5,30.4899,30.3247
featured_part_10925,12,9,13.1083,13.0489
featured_part_10927,12,9,3.3465,3.3258
featured_part_10928,3,2,23.8745,23.8387
featured_part_10929,4,0,118.4652,118.2447
featured_part_10931,9,6,83.7792,83.0953
featured_part_10932,6,2,27.5576,27.4767
featured_part_10934,7,4,65.1151,64.9815
featured_part_10935,17,12,62.9974,61.2045
featured_part_10936,13,10,73.822,72.6831
featured_part_10937,5,2,16.4709,16.4245
featured_part_10938,1,0,7.4509,7.4503
featured_part_10939,12,9,119.5708,119.3986
featured_part_10940,12,9,214.1719,208.491
featured_part_10941,6,5,13.5763,13.5359
featured_part_10942,3,2,19.7189,19.7006
featured_part_10943,8,4,57.4733,57.3469
featured_part_10944,19,13,52.6007,52.5196
featured_part_10946,10,6,37.3394,37.3226
featured_part_10947,30,22,47.6754,47.5845
featured_part_10948,12,8,16.8878,16.8418
featured_part_10951,8,4,47.0802,47.053
featured_part_10954,2,0,7.2565,7.2552
featured_part_10955,5,2,7.6328,7.6257
featured_part_10956,8,1,24.7398,24.6939
featured_part_10957,20,12,45.9999,45.8323
featured_part_10958,16,13,11.0467,11.0033
featured_part_10959,10,8,112.6794,111.0917
featured_part_10960,18,12,59.9261,59.7056
featured_part_10961,12,4,67.2097,67.0967
featured_part_10962,9,2,32.6562,32.5869
featured_part_10963,17,11,33.0208,32.937
featured_part_10964,5,4,48.9797,48.897
featured_part_10965,22,18,73.924,73.8288
featured_part_10966,9,7,13.4831,12.8429
featured_part_10967,9,7,3.3498,3.325
featured_part_10968,14,10,119.8338,116.2301
featured_part_10969,5,1,23.2739,22.5493
featured_part_10972,13,3,47.5633,46.5588
featured_part_10973,21,12,53.7625,53.6881
featured_part_10974,15,11,129.4142,128.1269
featured_part_10975,4,2,68.0363,66.6425
featured_part_10976,9,3,43.1539,43.1189
featured_part_10977,8,4,69.0475,67.7117
featured_part_10978,8,4,35.4029,35.3386
featured_part_10979,6,1,107.696,107.6248
featured_part_10980,22,17,35.5687,35.5315
featured_part_10981,7,2,109.3374,109.1881
featured_part_10982,3,2,14.586,14.5825
featured_part_10983,3,1,51.4553,51.3911
featured_part_10984,10,7,35.1805,35.0668
featured_part_10985,10,5,162.9339,159.1955
featured_part_10986,5,4,40.6177,40.1498
featured_part_10987,5,1,75.679,75.6389
featured_part_10989,6,5,34.6288,33.8486
featured_part_10990,7,2,81.6122,81.3941
featured_part_10991,3,2,75.6026,75.2032
featured_part_10992,15,11,33.0553,33.02
featured_part_10993,5,4,52.1953,51.488
featured_part_10994,10,7,24.5838,24.5564
featured_part_10995,10,7,56.2059,56.1059
featured_part_10996,11,7,98.3911,97.1747
featured_part_10997,9,7,51.5121,51.421
featured_part_10998,5,1,25.5057,25.4319
featured_part_10999,5,1,61.5178,61.4931
featured_part_11000,1,0,20.5725,20.5718
featured_part_11001,10,4,41.7282,41.4826
featured_part_11002,6,3,75.3644,74.7206
featured_part_11003,8,4,32.6158,32.5015
featured_part_11004,4,2,36.44,35.7327
featured_part_11005,10,7,37.8045,37.7383
featured_part_11006,11,9,62.9469,62.8436
featured_part_11007,15,12,12.5207,12.3093
featured_part_11008,6,2,39.0195,38.7848
featured_part_11009,5,2,51.2775,51.233
featured_part_11010,16,3,25.5684,25.5194
featured_part_11011,8,6,73.172,73.0992
featured_part_11012,8,6,32.5743,31.9993
featured_part_11013,14,10,60.1987,57.5966
featured_part_11014,5,3,81.0445,80.9536
featured_part_11015,6,3,35.2434,35.1856
featured_part_11016,15,12,68.7576,68.6685
featured_part_11017,10,5,67.1289,67.0428
featured_part_11018,12,3,26.1625,26.1248
featured_part_11019,6,2,22.5506,22.4785
featured_part_11020,5,2,54.1233,53.5927
featured_part_11021,5,2,18.3854,18.0413
featured_part_11022,3,1,25.894,25.8883
featured_part_11023,10,6,54.8673,54.0154
featured_part_11024,11,8,140.7285,140.5819
featured_part_11026,13,9,52.951,52.2377
featured_part_11027,16,7,43.5092,43.4334
featured_part_11028,8,5,99.3216,99.1204
featured_part_11029,9,7,90.1871,90.0156
featured_part_11030,19,15,31.2737,31.0946
featured_part_11031,11,8,24.6349,24.59
featured_part_11033,5,3,49.5521,48.8703
featured_part_11034,19,14,57.5283,57.4423
featured_part_11035,6,5,97.9214,93.4219
featured_part_11036,5,2,49.4584,49.367
featured_part_11037,9,4,17.823,17.7838
featured_part_11038,4,1,55.5911,55.5834
featured_part_11041,12,9,30.6549,30.2076
featured_part_11042,14,6,344.5994,337.5419
featured_part_11043,9,3,16.319,16.2984
featured_part_11045,8,6,37.6537,37.6245
featured_part_11046,8,6,14.2847,14.2418
featured_part_11048,3,1,44.0392,44.0164
featured_part_11049,11,7,35.0781,34.3521
featured_part_11050,9,6,58.2216,57.0589
featured_part_11051,7,5,62.4556,61.4633
featured_part_11052,6,4,56.8305,56.7149
featured_part_11053,2,0,31.0633,31.0597
featured_part_11054,7,5,46.8579,45.2334
featured_part_11055,15,9,50.8307,50.7932
featured_part_11056,18,14,155.4653,152.7421
featured_part_11057,1,0,4.6205,4.6204
featured_part_11058,16,10,91.2423,91.2153
featured_part_11061,6,3,73.931,70.9635
featured_part_11062,17,12,188.4411,188.2048
featured_part_11063,10,8,113.5277,113.3948
featured_part_11064,7,3,98.926,95.7363
featured_part_11066,4,3,19.7584,19.7194
featured_part_11068,19,5,86.5845,84.3816
featured_part_11069,9,5,26.8133,26.041
featured_part_11070,10,8,66.1041,65.9152
featured_part_11073,5,2,42.1202,42.0813
featured_part_11074,23,18,76.5153,73.9309
featured_part_11075,12,9,126.8187,126.6833
featured_part_11076,3,2,23.1197,23.0571
featured_part_11077,5,4,12.8168,12.7635
featured_part_11078,10,5,34.7568,34.6406
featured_part_11079,23,16,32.0643,32.0247
featured_part_11080,10,8,46.24,46.1291
featured_part_11082,10,6,126.8879,125.293
featured_part_11083,2,0,28.6303,28.6276
featured_part_11085,15,8,43.2531,42.5798
featured_part_11087,3,1,43.0875,43.0377
featured_part_11088,5,4,318.5661,318.3611
featured_part_11089,3,1,22.62,22.5358
featured_part_11090,4,1,43.9203,43.8788
featured_part_11091,7,4,35.4567,35.004
featured_part_11093,8,7,255.7782,255.4684
featured_part_11094,6,4,128.6858,128.5884
featured_part_11095,9,7,97.0268,96.9198
featured_part_11096,6,3,56.2345,56.1299
featured_part_11097,6,2,143.5623,143.3276
featured_part_11098,9,6,54.675,54.5834
featured_part_11099,4,1,64.0291,63.9447
featured_part_11100,6,4,13.4924,13.4734
featured_part_11101,9,7,39.7865,39.7207
featured_part_11102,6,5,7.7988,7.7652
featured_part_11103,11,3,67.1667,67.0016
featured_part_11104,8,2,118.7402,118.6476
featured_part_11105,10,6,79.202,79.1365
featured_part_11106,5,3,163.7479,163.5995
featured_part_11108,2,1,6.6267,6.6245
featured_part_11110,5,3,83.1899,83.1502
featured_part_11111,17,10,87.5303,87.4299
featured_part_11112,12,3,48.3054,48.2599
featured_part_11113,13,9,150.166,149.8948
featured_part_11114,18,12,64.0234,62.9158
featured_part_11115,3,2,21.8268,21.7748
featured_part_11116,17,11,184.7155,183.6029
featured_part_11117,3,1,34.5704,33.984
featured_part_11118,2,0,20.9459,20.9433
featured_part_11119,20,16,77.6033,76.9856
featured_part_11120,6,3,10.8082,10.7698
featured_part_11121,13,10,78.2268,78.1739
featured_part_11122,14,8,401.0793,400.5778
featured_part_11123,28,20,25.5635,25.4863
featured_part_11124,8,5,34.1222,34.0611
featured_part_11125,4,1,69.3033,69.2705
featured_part_11126,12,9,251.4077,249.4613
featured_part_11128,5,1,62.8427,62.801
featured_part_11129,21,14,271.0338,261.3608
featured_part_11130,12,3,104.6893,104.5904
featured_part_11131,3,2,29.1125,29.0576
featured_part_11132,6,2,33.672,32.9927
featured_part_11133,6,4,37.686,37.6483
featured_part_11134,3,2,15.0522,14.9079
featured_part_11135,2,1,13.5308,13.5041
featured_part_11136,6,4,24.2213,24.1844
featured_part_11137,9,4,88.8023,86.8868
featured_part_11138,5,2,33.0548,33.0474
featured_part_11139,8,5,59.2228,59.1874
featured_part_11140,9,7,125.6198,125.4839
featured_part_11141,6,5,100.3777,98.1168
featured_part_11142,6,4,67.2431,66.6773
featured_part_11144,13,4,52.8659,52.3852
featured_part_11145,6,3,43.4327,43.3541
featured_part_11146,15,8,28.0783,28.0293
featured_part_11147,9,6,70.3946,70.3337
featured_part_11148,4,1,27.2988,27.293
featured_part_11149,13,7,112.2203,112.1124
featured_part_11151,7,3,29.7398,29.6202
featured_part_11152,8,6,112.702,112.6285
featured_part_11153,9,8,14.1286,14.0751
featured_part_11154,7,4,34.1808,33.5162
featured_part_11155,10,9,91.5325,88.1432
featured_part_11156,3,2,8.1594,8.1553
featured_part_11157,8,2,71.9869,71.9124
featured_part_11158,3,2,11.8343,11.8306
featured_part_11159,1,0,7.5117,7.5114
featured_part_11161,4,3,54.8709,54.7321
featured_part_11162,4,3,41.5318,41.475
featured_part_11163,8,4,71.488,69.499
featured_part_11164,15,7,89.3537,89.1205
featured_part_11165,13,10,37.2314,37.1716
featured_part_11166,4,1,29.5533,29.1472
featured_part_11168,28,20,45.5471,45.453
featured_part_11169,7,2,77.0231,76.8996
featured_part_11170,8,5,73.759,73.6878
featured_part_11172,9,4,19.6656,19.5993
featured_part_11173,12,5,50.7221,50.5917
featured_part_11174,10,8,120.6712,120.4479
featured_part_11175,9,6,30.232,30.1858
featured_part_11176,12,7,47.7777,47.5406
featured_part_11177,8,5,43.4467,42.3806
featured_part_11178,17,8,29.3567,29.2855
featured_part_11179,11,6,53.2761,53.1954
featured_part_11180,10,8,131.2056,130.7494
featured_part_11182,14,9,148.8021,147.422
featured_part_11184,14,10,297.2574,290.2668
featured_part_11185,7,5,1.919,1.9069
featured_part_11186,4,3,14.6709,14.6551
featured_part_11187,9,6,52.4081,51.078
featured_part_11188,9,7,26.8586,26.8031
featured_part_11189,10,4,176.6175,176.4391
featured_part_11190,18,9,125.9141,125.7072
featured_part_11191,16,4,152.1152,147.4115
featured_part_11192,12,7,51.0385,50.905
featured_part_11194,8,7,72.1163,68.2881
featured_part_11195,6,3,59.1974,59.1261
featured_part_11196,7,4,17.9813,17.9715
featured_part_11197,5,4,48.759,48.6946
featured_part_11198,14,10,157.4647,156.7943
featured_part_11199,4,2,23.6377,23.3415
featured_part_11200,3,1,66.0575,65.5764
featured_part_11202,7,3,64.4108,64.3156
featured_part_11203,7,4,35.6508,35.2452
featured_part_11204,3,2,16.8239,16.2067
featured_part_11205,10,7,45.6279,45.6082
featured_part_11207,8,6,15.4304,15.3822
featured_part_11208,15,3,52.8593,52.8087
featured_part_11209,10,8,3.2703,3.252
featured_part_11210,5,2,59.1696,59.1071
featured_part_11211,16,4,37.2466,37.1854
featured_part_11213,9,4,112.0053,109.2657
featured_part_11214,19,15,19.7999,19.7703
featured_part_11216,5,3,62.2343,59.6568
featured_part_11217,11,8,63.1781,63.0989
featured_part_11218,4,2,139.7813,139.6552
featured_part_11220,2,1,21.6983,21.5002
featured_part_11221,7,3,98.885,98.7857
featured_part_11222,10,3,32.7646,32.3806
featured_part_11224,13,9,10.6435,10.6248
featured_part_11225,10,8,26.3301,26.2614
featured_part_11226,13,6,243.4604,235.9232
featured_part_11227,8,6,14.305,14.2889
featured_part_11228,7,2,66.7271,66.6157
featured_part_11229,6,2,27.6882,27.6438
featured_part_11230,6,4,111.7341,111.661
featured_part_11231,11,7,43.0324,43.0139
featured_part_11232,2,0,24.1802,24.1757
featured_part_11233,3,1,27.5329,27.507
featured_part_11234,17,12,94.2339,91.4606
featured_part_11235,15,10,73.1921,73.0505
featured_part_11236,12,6,35.2981,35.2402
featured_part_11237,21,16,16.6053,16.5328
featured_part_11238,13,9,29.2015,29.1205
featured_part_11239,8,5,18.6595,17.9518
featured_part_11241,6,4,97.5774,97.449
featured_part_11242,5,4,23.8371,23.7748
featured_part_11243,9,8,121.0195,120.8651
featured_part_11244,16,14,198.9349,198.7456
featured_part_11245,4,3,52.4655,52.3751
featured_part_11246,15,11,39.0831,39.0011
featured_part_11247,4,2,23.2067,22.8464
featured_part_11248,20,12,141.1586,139.0732
featured_part_11249,10,7,107.4857,105.5251
featured_part_11250,8,6,17.6122,17.4331
featured_part_11251,9,2,31.3286,31.2917
featured_part_11252,13,8,56.8029,56.7799
featured_part_11253,8,6,58.5836,58.4974
featured_part_11254,14,10,122.5793,121.5968
featured_part_11255,8,1,35.5404,35.4751
featured_part_11256,10,8,95.9165,95.7847
featured_part_11257,5,2,4.4641,4.4576
featured_part_11258,6,3,53.2418,52.0176
featured_part_11259,6,2,34.7726,34.7631
featured_part_11260,3,2,13.9489,13.9261
featured_part_11261,7,3,77.6965,76.8125
featured_part_11263,8,5,106.5452,105.5559
featured_part_11264,16,10,23.4415,23.4127
featured_part_11265,4,3,47.5929,45.5758
featured_part_11266,18,12,64.0223,63.1811
featured_part_11267,17,10,104.349,103.0298
featured_part_11268,5,3,73.4574,70.8991
featured_part_11269,7,4,202.4742,198.3537
featured_part_11270,8,5,68.9801,67.3045
featured_part_11271,5,3,45.8397,45.0033
featured_part_11272,11,9,16.1464,16.0984
featured_part_11273,9,6,7.2727,7.2413
featured_part_11274,8,2,104.2775,104.1637
featured_part_11275,3,2,41.0098,40.9659
featured_part_11276,5,4,67.1231,67.0328
featured_part_11277,3,1,18.0539,18.0254
featured_part_11278,10,8,60.2496,60.1454
featured_part_11279,6,5,20.1597,20.1007
featured_part_11280,8,5,40.451,39.2227
featured_part_11282,7,5,23.3498,23.2885
featured_part_11283,6,4,28.2842,28.2751
featured_part_11285,12,7,48.8218,48.3434
featured_part_11286,3,1,29.5904,29.5765
featured_part_11287,12,6,17.8869,17.8267
featured_part_11288,10,6,97.0012,96.9014
featured_part_11289,6,5,186.6392,185.617
featured_part_11292,5,4,91.4405,91.264
featured_part_11294,11,4,24.2146,23.1169
featured_part_11295,1,0,13.0024,13.0019
featured_part_11296,11,8,9.3228,8.9162
featured_part_11297,3,2,16.1216,16.1079
featured_part_11298,12,4,55.032,54.9534
featured_part_11299,4,3,73.2143,73.0852
featured_part_11300,1,0,0.5841,0.5825
featured_part_11302,4,3,57.5504,55.4664
featured_part_11303,11,5,76.3383,75.2734
featured_part_11304,2,0,21.9494,21.9453
featured_part_11305,9,7,56.4332,55.6022
featured_part_11306,8,7,172.859,171.5889
featured_part_11307,7,4,20.6514,20.6031
featured_part_11309,16,11,156.3954,150.1739
featured_part_11310,8,4,181.767,178.373
featured_part_11311,5,1,26.2026,26.1966
featured_part_11312,5,4,65.4237,65.3382
featured_part_11313,3,2,209.9061,209.786
featured_part_11314,10,6,15.6754,15.6417
featured_part_11315,10,7,2.1769,2.1615
featured_part_11316,7,2,51.6044,51.5901
featured_part_11317,9,7,70.0931,68.5392
featured_part_11318,8,1,13.3802,13.3691
featured_part_11319,3,2,5.0142,4.9918
featured_part_11320,5,3,50.921,50.858
featured_part_11321,17,10,61.6662,61.3306
featured_part_11323,3,1,56.749,56.7089
featured_part_11324,5,4,98.3433,98.2274
featured_part_11325,9,7,6.16,6.1471
featured_part_11326,8,6,11.8637,11.8257
featured_part_11327,11,8,38.2733,37.592
featured_part_11328,5,3,11.9441,11.8802
featured_part_11329,8,3,30.1284,30.0947
featured_part_11330,7,6,20.0983,19.8945
featured_part_11331,10,7,43.5716,43.5483
featured_part_11332,9,3,109.9834,108.4927
featured_part_11333,6,2,26.6715,26.6655
featured_part_11334,2,1,9.117,9.0978
featured_part_11335,3,0,0.719,0.7142
featured_part_11337,24,18,53.2485,53.1523
featured_part_11338,10,6,36.1752,36.1558
featured_part_11339,5,2,103.4318,98.7329
featured_part_11340,6,4,9.4573,9.0251
featured_part_11341,6,2,56.2596,56.0844
featured_part_11342,12,10,68.7547,65.3068
featured_part_11344,8,1,117.4694,116.2485
featured_part_11345,14,10,86.4926,86.422
featured_part_11346,9,5,180.3798,180.1496
featured_part_11347,23,17,107.0795,103.6382
featured_part_11349,7,6,105.6232,105.4792
featured_part_11350,8,5,21.5302,21.1381
featured_part_11351,10,7,22.4112,22.0846
featured_part_11352,18,11,48.8907,48.7973
featured_part_11353,3,0,23.6674,23.6648
featured_part_11354,7,2,101.4287,101.3075
featured_part_11355,8,4,78.9662,77.1285
featured_part_11356,7,5,34.3306,34.3223
featured_part_11357,8,5,33.0528,33.0124
featured_part_11358,6,4,96.2878,96.1439
featured_part_11359,6,5,245.5508,243.3197
featured_part_11360,1,0,6.1287,6.1118
featured_part_11361,3,1,9.5692,9.5418
featured_part_11362,11,9,67.3386,67.268
featured_part_11363,3,1,52.3326,52.2861
featured_part_11364,6,5,37.6238,37.5437
featured_part_11365,3,1,119.7107,119.6192
featured_part_11366,19,13,328.572,327.4703
featured_part_11367,11,6,60.7127,60.3407
featured_part_11368,7,5,34.7171,33.2895
featured_part_11371,2,1,30.1452,30.0968
featured_part_11372,7,4,48.3475,47.1119
featured_part_11373,4,1,6.0651,6.0426
featured_part_11374,17,11,67.9278,67.8232
featured_part_11375,8,2,88.7426,88.6636
featured_part_11376,12,9,43.9679,42.7909
featured_part_11377,6,5,95.0383,94.9578
featured_part_11378,9,2,39.1882,39.155
featured_part_11379,2,1,15.1311,15.1166
featured_part_11380,7,2,24.8217,24.7678
featured_part_11382,8,4,65.3585,65.2806
featured_part_11383,6,3,34.9497,34.9064
featured_part_11384,8,6,54.8259,54.0141
featured_part_11386,11,2,63.0157,62.9274
featured_part_11388,14,9,83.9262,83.8031
featured_part_11389,17,13,12.1536,12.1235
featured_part_11391,2,1,34.0531,34.0106
featured_part_11392,11,6,41.1134,41.0629
featured_part_11393,9,7,42.5471,42.4647
featured_part_11394,11,6,34.4265,34.3794
featured_part_11395,11,6,70.6856,69.7077
featured_part_11396,14,3,39.2466,39.1649
featured_part_11397,5,4,17.8556,17.8468
featured_part_11398,9,2,48.2054,48.1904
featured_part_11399,8,5,51.751,50.6438
featured_part_11400,10,4,32.9891,32.9177
featured_part_11401,11,8,16.3184,16.3011
featured_part_11402,9,6,45.9086,45.8021
featured_part_11403,13,7,53.4339,52.9192
featured_part_11404,8,3,39.7548,38.7318
featured_part_11405,17,10,65.7664,65.6723
featured_part_11406,9,5,160.6788,160.5054
featured_part_11408,3,2,56.8511,56.7993
featured_part_11409,11,7,163.898,163.5679
featured_part_11410,4,2,15.3686,15.3491
featured_part_11411,6,5,77.4468,77.366
featured_part_11414,3,2,18.3288,18.3034
featured_part_11415,16,11,9.9055,9.7336
featured_part_11416,14,8,41.5457,41.4913
